//filename: img_nixie_tube.h
//Pixel :w70 x h134
//Color :R5G6B5
//2025/03/22 by JK1VCK

const uint16_t N00[9380]={
0x4A4B,0x3156,0x434B,0x0000,0x0000,0x0000,0x0000,0x0000,0x0000,0x0000,0x0000,0x0000,0x0000,0x0000,0x0000,0x0000,
0x0000,0x0000,0x0000,0x0000,0x0000,0x0000,0x0000,0x0000,0x0000,0x0000,0x0000,0x0000,0x0000,0x0000,0x0000,0x0000,
0x0000,0x0020,0x5143,0x38c2,0x0000,0x0000,0x0000,0x0000,0x0000,0x0000,0x0000,0x0000,0x0000,0x0000,0x0000,0x0000,
0x0000,0x0000,0x0000,0x0000,0x0000,0x0000,0x0000,0x0000,0x0000,0x0000,0x0000,0x0000,0x0000,0x0000,0x0000,0x0000,
0x0000,0x0000,0x0000,0x0000,0x0000,0x0000,0x0000,0x0000,0x0000,0x0000,0x0000,0x0000,0x0000,0x0000,0x0000,0x0000,
0x0000,0x0000,0x0000,0x0000,0x0000,0x0000,0x0000,0x0000,0x0000,0x0000,0x0000,0x0000,0x0000,0x0000,0x0000,0x0000,
0x0000,0x0000,0x0000,0x0000,0x0000,0x0000,0x0000,0x4184,0x4943,0x51a5,0x10c3,0x0000,0x0000,0x0000,0x0000,0x0000,
0x0000,0x0000,0x0000,0x0000,0x0000,0x0000,0x0000,0x0000,0x0000,0x0000,0x0000,0x0000,0x0000,0x0000,0x0000,0x0000,
0x0000,0x0000,0x0000,0x0000,0x0000,0x0000,0x0000,0x0000,0x0000,0x0000,0x0000,0x0000,0x0000,0x0000,0x0000,0x0000,
0x0000,0x0000,0x0000,0x0000,0x0000,0x0000,0x0000,0x0000,0x0000,0x0000,0x0000,0x0000,0x0000,0x0000,0x0000,0x0000,
0x0000,0x0000,0x0000,0x0000,0x0000,0x0000,0x0000,0x0000,0x0000,0x0000,0x0000,0x0000,0x0020,0x41a5,0x1881,0x2104,
0x2965,0x0000,0x0000,0x0000,0x0000,0x0000,0x0000,0x0000,0x0000,0x0000,0x0000,0x0000,0x0000,0x0000,0x0000,0x0000,
0x0000,0x0000,0x0000,0x0000,0x0000,0x0000,0x0000,0x0000,0x0000,0x0000,0x0000,0x0000,0x0000,0x0000,0x0000,0x0000,
0x0000,0x0000,0x0000,0x0000,0x0000,0x0000,0x0000,0x0000,0x0000,0x0000,0x0000,0x0000,0x0000,0x0000,0x0000,0x0000,
0x0000,0x0000,0x0000,0x0000,0x0000,0x0000,0x0000,0x0000,0x0000,0x0000,0x0000,0x0000,0x0000,0x0000,0x0000,0x0000,
0x0000,0x0000,0x0000,0x4185,0x28c1,0x3986,0x18e3,0x0000,0x0000,0x0000,0x0000,0x0000,0x0000,0x0000,0x0000,0x0000,
0x0000,0x0000,0x0000,0x0000,0x0000,0x0000,0x0000,0x0000,0x0000,0x0000,0x0000,0x0000,0x0000,0x0000,0x0000,0x0000,
0x0000,0x0000,0x0000,0x0000,0x0000,0x0000,0x0000,0x0000,0x0000,0x0000,0x0000,0x0000,0x0000,0x0000,0x0000,0x0000,
0x0000,0x0000,0x0000,0x0000,0x0000,0x0000,0x0000,0x0000,0x0000,0x0000,0x0000,0x0000,0x0000,0x0000,0x0000,0x0000,
0x0000,0x0000,0x0000,0x0000,0x0000,0x0000,0x0000,0x0000,0x0000,0x4144,0x28c1,0x41a6,0x18c3,0x0000,0x0000,0x0000,
0x0000,0x0000,0x0000,0x0000,0x0000,0x0000,0x0000,0x0000,0x0000,0x0000,0x0000,0x0000,0x0000,0x0000,0x0000,0x0000,
0x0000,0x0000,0x0000,0x0000,0x0000,0x0000,0x0000,0x0000,0x0000,0x0000,0x0000,0x0000,0x0000,0x0000,0x0000,0x0000,
0x0000,0x0000,0x0000,0x0000,0x0000,0x0000,0x0000,0x0000,0x0000,0x0000,0x0000,0x0000,0x0000,0x0000,0x0000,0x0000,
0x0000,0x0000,0x0000,0x0000,0x0000,0x0000,0x0000,0x0000,0x0000,0x0000,0x0000,0x0000,0x0000,0x0000,0x0841,0x2903,
0x20a1,0x2924,0x18e3,0x0000,0x0000,0x0000,0x0000,0x0000,0x0000,0x0000,0x0000,0x0000,0x0000,0x0000,0x0000,0x0000,
0x0000,0x0000,0x0000,0x0000,0x0000,0x0000,0x0000,0x0000,0x0000,0x0000,0x0000,0x0000,0x0000,0x0000,0x0000,0x0000,
0x0000,0x0000,0x0000,0x0000,0x0000,0x0000,0x0000,0x0000,0x0000,0x0000,0x0000,0x0000,0x0000,0x0000,0x0000,0x0000,
0x0000,0x0000,0x0000,0x0000,0x0000,0x0000,0x0000,0x0000,0x0000,0x0000,0x0000,0x0000,0x0000,0x0000,0x0000,0x0000,
0x0000,0x0000,0x0000,0x0000,0x10c2,0x49e5,0x3102,0x51e5,0x41c5,0x0000,0x0000,0x0000,0x0000,0x0000,0x0000,0x0000,
0x0000,0x0000,0x0000,0x0000,0x0000,0x0000,0x0000,0x0000,0x0000,0x0000,0x0000,0x0000,0x0000,0x0000,0x0000,0x0000,
0x0000,0x0000,0x0000,0x0000,0x0000,0x0000,0x0000,0x0000,0x0000,0x0000,0x0000,0x0000,0x0000,0x0000,0x0000,0x0000,
0x0000,0x0000,0x0000,0x0000,0x0000,0x0000,0x0000,0x0000,0x0000,0x0000,0x0000,0x0000,0x0000,0x0000,0x0000,0x0000,
0x0000,0x0000,0x0000,0x0000,0x0000,0x0000,0x0000,0x0000,0x0000,0x0000,0x0820,0x7a04,0x61a3,0x59c3,0x4942,0x0000,
0x0000,0x0000,0x0000,0x0000,0x0000,0x0000,0x0000,0x0000,0x0000,0x0000,0x0000,0x0000,0x0000,0x0000,0x0000,0x0000,
0x0000,0x0000,0x0000,0x0000,0x0000,0x0000,0x0000,0x0000,0x0000,0x0000,0x0000,0x0000,0x0000,0x0000,0x0000,0x0000,
0x0000,0x0000,0x0000,0x0000,0x0000,0x0000,0x0000,0x0000,0x0000,0x0000,0x0000,0x0000,0x0000,0x0000,0x0000,0x0000,
0x0000,0x0000,0x0000,0x0000,0x0000,0x0000,0x0000,0x0000,0x0000,0x0000,0x0000,0x0000,0x0000,0x0000,0x0000,0x1080,
0x52a7,0x1020,0x3901,0x1040,0x1040,0x9348,0x2944,0x0000,0x0000,0x0000,0x0000,0x0000,0x0000,0x0000,0x0000,0x0000,
0x0000,0x0000,0x0000,0x0000,0x0000,0x0000,0x0000,0x0000,0x0000,0x0000,0x0000,0x0000,0x0000,0x0000,0x0000,0x0000,
0x0000,0x0000,0x0000,0x0000,0x0000,0x0000,0x0000,0x0000,0x0000,0x0000,0x0000,0x0000,0x0000,0x0000,0x0000,0x0000,
0x0000,0x0000,0x0000,0x0000,0x0000,0x0000,0x0000,0x0000,0x0000,0x0000,0x0000,0x0000,0x0000,0x0000,0x0000,0x0000,
0x0000,0x0000,0x0000,0x0000,0x0800,0x8c50,0xdcce,0x61e3,0x7264,0x4141,0x4122,0x7ac8,0x49e6,0x0000,0x0000,0x0000,
0x0000,0x0000,0x0000,0x0000,0x0000,0x0000,0x0000,0x0000,0x0000,0x0000,0x0000,0x0000,0x0000,0x0000,0x0000,0x0000,
0x0000,0x0000,0x0000,0x0000,0x0000,0x0000,0x0000,0x0000,0x0000,0x0000,0x0000,0x0000,0x0000,0x0000,0x0000,0x0000,
0x0000,0x0000,0x0000,0x0000,0x0000,0x0000,0x0000,0x0000,0x0000,0x0000,0x0000,0x0000,0x0000,0x0000,0x0000,0x0000,
0x0000,0x0000,0x0000,0x0000,0x0000,0x0000,0x0000,0x0000,0x0000,0x0841,0x732b,0x59e5,0x6981,0xee32,0xd56f,0xa4ac,
0xe4ec,0x6205,0x2903,0x20e2,0x0000,0x0000,0x0000,0x0000,0x0000,0x0000,0x0000,0x0000,0x0000,0x0000,0x0000,0x0000,
0x0000,0x0000,0x0000,0x0000,0x0000,0x0000,0x0000,0x0000,0x0000,0x0000,0x0000,0x0000,0x0000,0x0000,0x0000,0x0000,
0x0000,0x0000,0x0000,0x0000,0x0000,0x0000,0x0000,0x0000,0x0000,0x0000,0x0000,0x0000,0x0000,0x0000,0x0000,0x0000,
0x0000,0x0000,0x0000,0x0000,0x0000,0x0000,0x0000,0x0000,0x0000,0x0000,0x0000,0x0000,0x0000,0x0000,0x2104,0x4a08,
0x1840,0x1000,0x1040,0x0000,0x2840,0x38e2,0x0000,0x0820,0x0020,0x2902,0x2103,0x0000,0x0000,0x0000,0x0000,0x0000,
0x0000,0x0000,0x0000,0x0000,0x0000,0x0000,0x0000,0x0000,0x0000,0x0000,0x0000,0x0000,0x0000,0x0000,0x0000,0x0000,
0x0000,0x0000,0x0000,0x0000,0x0000,0x0000,0x0000,0x0000,0x0000,0x0000,0x0000,0x0000,0x0000,0x0000,0x0000,0x0000,
0x0000,0x0000,0x0000,0x0000,0x0000,0x0000,0x0000,0x0000,0x0000,0x0000,0x0000,0x0000,0x0000,0x0000,0x0000,0x0000,
0x0000,0x0000,0x0000,0x0820,0x1881,0x0000,0x0840,0x1040,0x1040,0x1881,0x28c1,0x28c2,0x1061,0x0820,0x0820,0x0820,
0x0800,0x0000,0x0000,0x0840,0x1082,0x0020,0x0000,0x0000,0x0000,0x0000,0x0000,0x0000,0x0000,0x0000,0x0000,0x0000,
0x0000,0x0000,0x0000,0x0000,0x0000,0x0000,0x0000,0x0000,0x0000,0x0000,0x0000,0x0000,0x0000,0x0000,0x0000,0x0000,
0x0000,0x0000,0x0000,0x0000,0x0000,0x0000,0x0000,0x0000,0x0000,0x0000,0x0000,0x0000,0x0000,0x0000,0x0000,0x0000,
0x0000,0x0000,0x0000,0x0000,0x0000,0x0000,0x0000,0x0000,0x0800,0x0000,0x0000,0x0820,0x1041,0x1881,0x30c1,0x4122,
0x4963,0x3943,0x3922,0x20a1,0x1061,0x0820,0x0000,0x0000,0x0000,0x0820,0x1061,0x0820,0x0000,0x0000,0x0000,0x0000,
0x0000,0x0000,0x0000,0x0000,0x0000,0x0000,0x0000,0x0000,0x0000,0x0000,0x0000,0x0000,0x0000,0x0000,0x0000,0x0000,
0x0000,0x0000,0x0000,0x0000,0x0000,0x0000,0x0000,0x0000,0x0000,0x0000,0x0000,0x0000,0x0000,0x0000,0x0000,0x0000,
0x0000,0x0000,0x0000,0x0000,0x0000,0x0000,0x0000,0x0000,0x0820,0x1040,0x1040,0x0820,0x0820,0x0820,0x0820,0x0820,
0x0000,0x0000,0x0000,0x0000,0x0000,0x51c4,0x3101,0x6a89,0x0000,0x0000,0x0000,0x0000,0x0000,0x0020,0x0820,0x0000,
0x0000,0x0820,0x0820,0x0820,0x0820,0x0020,0x0000,0x0000,0x0000,0x0000,0x0000,0x0000,0x0000,0x0000,0x0000,0x0000,
0x0000,0x0000,0x0000,0x0000,0x0000,0x0000,0x0000,0x0000,0x0000,0x0000,0x0000,0x0000,0x0000,0x0000,0x0000,0x0000,
0x0000,0x0000,0x0000,0x0000,0x0000,0x0000,0x0000,0x0000,0x0000,0x0000,0x0000,0x0000,0x0820,0x0820,0x0820,0x1040,
0x1040,0x0820,0x0820,0x0800,0x0000,0x0000,0x0000,0x0000,0x0000,0x0000,0x0020,0x3123,0x20a1,0x41a5,0x0861,0x0000,
0x0000,0x0000,0x0000,0x0000,0x0800,0x0000,0x0020,0x0820,0x0820,0x0820,0x0820,0x0820,0x0820,0x0820,0x0820,0x0800,
0x0000,0x0000,0x0000,0x0000,0x0000,0x0000,0x0000,0x0000,0x0000,0x0000,0x0000,0x0000,0x0000,0x0000,0x0000,0x0000,
0x0000,0x0000,0x0000,0x0000,0x0000,0x0000,0x0000,0x0000,0x0000,0x0000,0x0000,0x0000,0x0000,0x0000,0x0000,0x0800,
0x0820,0x0820,0x0820,0x1040,0x0840,0x1040,0x1040,0x0840,0x0840,0x1040,0x1060,0x1061,0x1881,0x1061,0x1860,0x1061,
0x1061,0x6a45,0x51a4,0x8b6b,0x1040,0x1040,0x1040,0x0840,0x0840,0x0820,0x0820,0x0820,0x0820,0x0820,0x0820,0x0820,
0x0020,0x0820,0x0000,0x0000,0x0000,0x0000,0x0000,0x0000,0x0000,0x0000,0x0000,0x0000,0x0000,0x0000,0x0000,0x0000,
0x0000,0x0000,0x0000,0x0000,0x0000,0x0000,0x0000,0x0000,0x0000,0x0000,0x0000,0x0000,0x0000,0x0000,0x0000,0x0000,
0x0000,0x0020,0x0820,0x0841,0x1061,0x1081,0x1081,0x1061,0x1881,0x1881,0x1881,0x1881,0x1861,0x1061,0x1060,0x1061,
0x1061,0x1060,0x1060,0x0840,0x0840,0x0840,0x0020,0x1040,0x1880,0x1881,0x0820,0x1040,0x1060,0x1861,0x1881,0x1881,
0x1881,0x1881,0x1881,0x1881,0x1061,0x1040,0x1040,0x0840,0x0840,0x0840,0x0820,0x0820,0x0820,0x0000,0x0000,0x0000,
0x0000,0x0000,0x0000,0x0000,0x0000,0x0000,0x0000,0x0000,0x0000,0x0000,0x0000,0x0000,0x0000,0x0000,0x0000,0x0000,
0x0000,0x0000,0x0000,0x0861,0x0820,0x0841,0x0861,0x1081,0x0840,0x0000,0x0000,0x0840,0x18e3,0x2104,0x18c3,0x18a2,
0x28c2,0x28e2,0x2902,0x3123,0x4163,0x4183,0x49a4,0x51c4,0x51a4,0x51a4,0x59c4,0x51a3,0x6204,0x8285,0x6225,0x5a05,
0x49a3,0x2922,0x2902,0x18c2,0x18a1,0x18c1,0x20a1,0x18a1,0x0860,0x0840,0x1040,0x1061,0x1881,0x1881,0x1881,0x1881,
0x1881,0x1061,0x1061,0x1061,0x1060,0x0840,0x0020,0x0000,0x0000,0x0000,0x18e3,0x2104,0x0000,0x0000,0x0000,0x0000,
0x0000,0x0000,0x0000,0x0000,0x0000,0x0000,0x0000,0x0840,0x2103,0x2945,0x1082,0x0000,0x0000,0x0840,0x3186,0x52ab,
0x7bad,0x838c,0x832b,0x82e9,0x8ac8,0x92c7,0x92c7,0x92a6,0x8266,0x6a25,0x6204,0x6204,0x51c4,0x4983,0x4963,0x4143,
0x4143,0x5183,0x71c3,0x51c4,0x4183,0x4163,0x5183,0x5983,0x51c4,0x59e4,0x59e4,0x61e4,0x59e4,0x7246,0x7a86,0x5a05,
0x49a4,0x3123,0x18a2,0x1081,0x1061,0x1061,0x18a1,0x18a1,0x18a1,0x1881,0x1881,0x1081,0x1061,0x0840,0x0840,0x0820,
0x2986,0x4a49,0x4249,0x0000,0x0000,0x0000,0x0000,0x0000,0x0000,0x0000,0x0000,0x0000,0x10a1,0x2924,0x20e3,0x0861,
0x0861,0x4a69,0x738d,0x7b2c,0x62aa,0x5228,0x5a05,0x61e3,0x5182,0x51a3,0x5183,0x4963,0x4982,0x51a3,0x59e3,0x6a24,
0x6a24,0x61e3,0x4982,0x4142,0x4142,0x4142,0x4142,0x4983,0x6204,0x59c4,0x4163,0x4143,0x4963,0x4983,0x49a3,0x49a4,
0x4983,0x4983,0x4983,0x5183,0x51a4,0x51a4,0x49a4,0x51a4,0x59e4,0x59e4,0x6204,0x59e4,0x28e2,0x18a2,0x18a2,0x28e2,
0x3102,0x2902,0x2902,0x20c2,0x18a2,0x18a2,0x18c2,0x18c3,0x31a6,0x4207,0x0841,0x0000,0x0000,0x0000,0x0000,0x0000,
0x0000,0x18a2,0x2924,0x1041,0x1082,0x632c,0x736d,0x6b6d,0x3965,0x2060,0x4141,0x59c3,0x51a3,0x4962,0x4162,0x51a3,
0x59c3,0x59c3,0x7244,0x82a4,0x92e5,0x69c3,0x5182,0x59a3,0x5182,0x4142,0x3942,0x4142,0x3922,0x4983,0x7224,0x59c4,
0x4163,0x4163,0x49a3,0x51c4,0x59c4,0x6204,0x6a04,0x6a25,0x6a25,0x6a25,0x7225,0x7245,0x7245,0x6205,0x51c4,0x4183,
0x4183,0x59e4,0x8a85,0x9ac5,0x59c4,0x18a1,0x20a1,0x28e2,0x2902,0x2903,0x2903,0x3144,0x2924,0x18a2,0x1081,0x20e3,
0x3185,0x0020,0x0000,0x0000,0x0000,0x0000,0x0861,0x2124,0x0000,0x31c6,0x7b8d,0x6b4d,0x3103,0x0800,0x20a1,0x4962,
0x4982,0x59a3,0x61e3,0x61c3,0x59c3,0x5182,0x59c2,0x7a84,0x8ac4,0x5162,0x4941,0x4142,0x4982,0x5182,0x59a3,0x59c3,
0x59a3,0x4962,0x3922,0x3102,0x4142,0x4143,0x3922,0x4163,0x51a3,0x51a4,0x51c4,0x59e4,0x59e4,0x6204,0x6204,0x6204,
0x6204,0x6a04,0x6a24,0x7225,0x7245,0x7a65,0x8ac6,0x9ae6,0x8ac5,0x6a24,0x7224,0x7225,0x4983,0x1081,0x18a1,0x28c2,
0x20c2,0x20c2,0x2903,0x3164,0x20e3,0x0841,0x1082,0x20c2,0x0000,0x0000,0x0000,0x0020,0x20e3,0x0841,0x52aa,0x6b6d,
0x3985,0x1060,0x1061,0x20a1,0x3102,0x3922,0x59c2,0x59a2,0x61a2,0x4121,0x3921,0x7a43,0x7203,0x71e2,0x4101,0x4121,
0x4142,0x4142,0x4142,0x4142,0x4142,0x4942,0x3922,0x20a1,0x1061,0x1060,0x0840,0x1060,0x1060,0x1881,0x3102,0x4143,
0x4983,0x51a3,0x51a3,0x51a3,0x59c4,0x59c4,0x59e4,0x61e4,0x61e4,0x61e4,0x59e4,0x59c4,0x51c4,0x6a04,0x9ac5,0x9ae5,
0x8285,0x59e4,0x4984,0x51a4,0x20c2,0x1881,0x20c1,0x20a1,0x18a1,0x20c2,0x3144,0x2124,0x0820,0x1061,0x0861,0x0000,
0x0000,0x1061,0x0882,0x528a,0x6b6d,0x2903,0x1881,0x1881,0x1881,0x20c1,0x3922,0x4962,0x4142,0x3901,0x2081,0x4182,
0x7aa4,0x6162,0x4921,0x3921,0x3901,0x3901,0x3101,0x3101,0x30e1,0x28c1,0x1881,0x0820,0x0820,0x0820,0x0800,0x0000,
0x0000,0x0000,0x0020,0x0820,0x0820,0x1040,0x1061,0x3102,0x4143,0x4163,0x4163,0x4963,0x4963,0x4983,0x4963,0x4983,
0x4963,0x4963,0x4963,0x4163,0x3943,0x3143,0x4163,0x59e4,0x59e5,0x4184,0x4163,0x28e2,0x20c1,0x20c2,0x18a1,0x1881,
0x20c2,0x2944,0x18e3,0x0820,0x20e2,0x0000,0x0000,0x0861,0x3186,0x6b4d,0x31a7,0x1060,0x18a2,0x0861,0x1881,0x28c1,
0x3902,0x28c1,0x1060,0x30e1,0x9ba5,0x9305,0x6203,0x1081,0x20e1,0x20e1,0x28e1,0x28c1,0x2081,0x30c2,0x4162,0x18a1,
0x0040,0x0040,0x1060,0x1881,0x1881,0x1881,0x1881,0x1881,0x1061,0x1881,0x2081,0x1081,0x1881,0x28c1,0x30e2,0x59a3,
0x61e4,0x51a3,0x51c3,0x5a04,0x5204,0x51c3,0x59e4,0x5a24,0x6224,0x51c3,0x5a24,0x51e4,0x3963,0x3123,0x20e3,0x3103,
0x2103,0x20e2,0x0000,0x10a1,0x10a2,0x10a2,0x0041,0x18c3,0x3185,0x0841,0x1880,0x1040,0x0000,0x10c3,0x5acb,0x5b0c,
0x51e5,0x4164,0x28c2,0x3102,0x51a3,0x59e3,0x4183,0x28a1,0x82a4,0xab86,0xab87,0x7203,0x7a84,0xa305,0x92a4,0x9ac4,
0xb345,0xc407,0xc407,0xc406,0x8203,0x69e3,0x71e3,0x61a3,0x4122,0x4122,0x3922,0x4122,0x4122,0x4122,0x4122,0x4142,
0x4942,0x3922,0x4942,0x4122,0x30e2,0x71e3,0x7204,0x8245,0x9285,0x92c5,0x9ae6,0xa306,0x8a85,0x92e6,0x9b26,0x9ae6,
0xa347,0xb387,0x92a5,0x61c4,0xcce9,0x8369,0x61e5,0x7aa6,0x9388,0x59a3,0x61e4,0x7266,0x6205,0x4184,0x3165,0x18e4,
0x1040,0x1880,0x0020,0x2965,0x62eb,0x6268,0x5983,0x3923,0x1081,0x30e1,0x30a1,0xb42a,0xfe8c,0xfe4b,0xfe8b,0xfff3,
0xb327,0x5162,0x7224,0x6a04,0x59e4,0x59c4,0x49a4,0x4164,0x59a4,0x30e3,0x10a2,0x20e2,0x2902,0x3103,0x2902,0x28e2,
0x28e2,0x28e2,0x28e2,0x20a2,0x1062,0x20a2,0x3102,0x3102,0x3103,0x3102,0x3123,0x2902,0x18e2,0x3143,0x7225,0x6204,
0x7204,0x6a25,0x6a25,0x6a25,0x6225,0x6225,0x6a25,0x6a25,0x6205,0x5183,0xb3a7,0xfd4b,0xdbc8,0xfc49,0xac6b,0x0000,
0x1061,0x0000,0x0841,0x20a1,0x3144,0x2124,0x0820,0x1860,0x0840,0x39e7,0x5aec,0x20e4,0x0841,0x0861,0x0020,0x1061,
0x0000,0xb4cb,0xfecb,0xf62a,0xffae,0xfe0c,0x2800,0x51c3,0x7266,0x6a45,0x6a25,0x6a25,0x6205,0x5a05,0x51c4,0x3944,
0x3943,0x3964,0x4164,0x4164,0x3964,0x3963,0x3943,0x3943,0x1083,0x4a03,0x9364,0x6aa4,0x20e3,0x3123,0x3963,0x4164,
0x4184,0x4184,0x4184,0x3964,0x59e5,0x8aa6,0x7a86,0x82a6,0x8ac6,0x8ac7,0x9307,0x9327,0x9b28,0xab89,0xab89,0x7a03,
0x8a44,0xf56a,0xcbc8,0xc3c8,0xa3c9,0x0000,0x1040,0x1061,0x1041,0x1081,0x20e3,0x3165,0x0820,0x1040,0x0841,0x4a69,
0x5aec,0x1082,0x18c2,0x0861,0x0840,0x1881,0x1000,0x9bc9,0xff8d,0xfe69,0xfce6,0x8100,0x30e1,0x7225,0x7a86,0x7a86,
0x7245,0x7246,0x6205,0x6204,0x4984,0x3944,0x4143,0x3943,0x4143,0x4163,0x4163,0x3943,0x3943,0x1082,0xa3c3,0xfca3,
0xecc2,0xeca2,0xfd03,0x10a3,0x3923,0x4163,0x4983,0x4163,0x4983,0x4983,0x3943,0x6a46,0x7aa6,0x7a85,0x8ac6,0x9327,
0x9307,0x9b48,0xa328,0xaba9,0xab89,0x69c3,0x71c3,0x8a03,0xdc07,0xfdcb,0xac2c,0x0000,0x1061,0x1061,0x1041,0x1881,
0x20c2,0x3165,0x0861,0x0820,0x1061,0x52aa,0x52cb,0x1881,0x18a2,0x0841,0x0020,0x20a1,0x20c1,0x59c3,0xdc68,0xb241,
0x4060,0x0000,0x30c1,0x0840,0x0820,0x30e1,0x0000,0x1860,0x1060,0x0020,0x0841,0x0000,0x0000,0x1061,0x0000,0x0840,
0x0840,0x0000,0x0021,0x20a1,0xfce1,0x7940,0x0800,0x3020,0xfc00,0xa2e1,0x0001,0x0000,0x0820,0x1861,0x0020,0x1061,
0x0820,0x0000,0x4142,0x0020,0x0020,0x3902,0x0000,0x30c1,0x0840,0x0000,0x3902,0x1040,0x1060,0x2081,0x2840,0xdbc7,
0x1881,0x0041,0x1041,0x1061,0x1041,0x1081,0x18a2,0x2965,0x1082,0x0000,0x10a2,0x52aa,0x4a8a,0x1881,0x18a2,0x0841,
0x0820,0x20a1,0x20c1,0x6a23,0x6161,0x2060,0x0000,0x0800,0x2081,0x30c1,0x30e1,0x1860,0x0800,0x1020,0x30e1,0x2081,
0x1881,0x0000,0x0000,0x1061,0x1061,0x1881,0x0800,0x0000,0x0000,0x8a01,0xaa20,0x0000,0x0840,0x0000,0x6120,0xf321,
0x0041,0x0000,0x0000,0x20a1,0x1881,0x20a1,0x0000,0x0000,0x28a1,0x3102,0x3902,0x2081,0x1020,0x1860,0x4143,0x3922,
0x4142,0x0820,0x0840,0x4122,0x61c3,0x9b07,0x0862,0x1061,0x0841,0x1041,0x0841,0x1081,0x18a2,0x2944,0x10c3,0x0000,
0x10c2,0x52aa,0x4a69,0x1861,0x1082,0x0041,0x0840,0x20a1,0x20c1,0x3122,0x79c1,0x38e1,0x28a1,0x1860,0x28c1,0x0800,
0x1020,0x28e1,0x1860,0x2081,0x1020,0x0000,0x0840,0x0840,0x0840,0x1040,0x0000,0x0820,0x1861,0x0820,0x0861,0x38a0,
0x91e1,0x0000,0x0000,0x0000,0xc281,0xa220,0x0000,0x0840,0x1061,0x1040,0x0000,0x0820,0x1881,0x0840,0x30e2,0x1020,
0x1040,0x3102,0x2081,0x3902,0x1880,0x1040,0x3902,0x30e2,0x4122,0x4142,0x5121,0x8a44,0x1924,0x0861,0x0841,0x1041,
0x0840,0x1081,0x18c2,0x2924,0x18c3,0x0000,0x10c2,0x528a,0x4249,0x1081,0x1082,0x0040,0x0840,0x20a1,0x1081,0xab44,
0x71c1,0x4121,0x2081,0x1840,0x28c1,0x0820,0x1040,0x20a1,0x1020,0x1880,0x1860,0x0000,0x0840,0x0820,0x0820,0x1040,
0x0000,0x0820,0x1040,0x0820,0x1861,0x0020,0x91c0,0x3101,0x0040,0xbac2,0xe2e1,0x0000,0x0040,0x0820,0x1040,0x1060,
0x0000,0x1040,0x1040,0x0820,0x28c1,0x0820,0x0820,0x30e1,0x1860,0x38e1,0x1061,0x0020,0x4142,0x28c1,0x3902,0x4963,
0x3881,0xe366,0x08c4,0x0861,0x0841,0x1041,0x0840,0x1061,0x20e3,0x2944,0x18c3,0x0000,0x18c3,0x528a,0x4a49,0x20c2,
0x10a2,0x0041,0x0840,0x20a1,0x18a1,0x5a24,0x8284,0x61e3,0x0000,0x0000,0x1861,0x30c1,0x28c1,0x1060,0x0000,0x0820,
0x30e1,0x1881,0x18a2,0x0820,0x0820,0x1881,0x2081,0x20a1,0x0820,0x0820,0x1861,0x18a2,0x0840,0x9981,0xa221,0x9a21,
0x4060,0x2061,0x20a1,0x1040,0x0840,0x28c2,0x28c1,0x30e2,0x0840,0x0841,0x20a1,0x5183,0x5183,0x3102,0x20c2,0x20e2,
0x9285,0x7a25,0x7a45,0x3943,0x20e2,0x4963,0xa2e5,0xa346,0x0883,0x0841,0x0841,0x1041,0x0840,0x1081,0x20e3,0x2944,
0x18c3,0x0000,0x18c3,0x528a,0x4229,0x20c2,0x1082,0x0041,0x0840,0x20a1,0x20e1,0x3122,0x71c1,0x4921,0x4122,0x4983,
0x4143,0x3922,0x3902,0x4142,0x4143,0x3922,0x3902,0x20c2,0x20c2,0x3123,0x30e2,0x28c2,0x28c2,0x28a1,0x3902,0x28e2,
0x18a2,0x0001,0x0000,0x2860,0x1020,0x0001,0x0001,0x0001,0x0821,0x1882,0x20a2,0x28a1,0x2081,0x2081,0x3102,0x28e2,
0x3902,0x3902,0x38e2,0x59a3,0x5183,0x7204,0x69c4,0x59a3,0x7a24,0x7225,0x7225,0x5183,0x48e1,0x8203,0x2144,0x0841,
0x0840,0x1041,0x0840,0x1061,0x20e2,0x2924,0x18c3,0x0000,0x18c3,0x4a8a,0x4229,0x20c2,0x1082,0x0041,0x0840,0x20a1,
0x1081,0xa344,0x79e2,0x5121,0x20a1,0x1860,0x4102,0x2080,0x2080,0x30e1,0x1840,0x28a1,0x28a1,0x2081,0x1861,0x1820,
0x1840,0x2081,0x0840,0x0801,0x1001,0x2800,0x58e0,0xab40,0xfe20,0x6961,0x2061,0xfda0,0xfde0,0xf620,0x99c0,0x5920,
0x3021,0x2001,0x0000,0x1860,0x1860,0x1020,0x28c1,0x2060,0x2080,0x38e2,0x1040,0x4942,0x3102,0x28c1,0x4942,0x30e2,
0x6a04,0x59a4,0x38a1,0xdb25,0x08c4,0x0861,0x0840,0x1041,0x0840,0x1061,0x20c2,0x2924,0x18c3,0x0000,0x18c3,0x528a,
0x4229,0x20c2,0x1082,0x0040,0x0840,0x20a1,0x1881,0x6244,0x8aa4,0x61e3,0x0020,0x0800,0x1880,0x28c1,0x28c1,0x1860,
0x0800,0x1020,0x30e2,0x3102,0x1881,0x1000,0x1020,0x0061,0x3802,0x70a1,0xfe60,0xffe0,0xff60,0xfb20,0xa2c1,0x58a1,
0xa241,0xfd60,0xa140,0xfac0,0xeca0,0xffc0,0xffe0,0xbac1,0x70e1,0x3022,0x0061,0x0820,0x2061,0x3902,0x4142,0x28c1,
0x1840,0x20a1,0x51a3,0x4963,0x4963,0x20a1,0x59c4,0x5183,0x9aa5,0x9b26,0x0883,0x1061,0x0840,0x1040,0x0840,0x1061,
0x20c2,0x2924,0x18c3,0x0000,0x18c3,0x528a,0x4229,0x20c2,0x1082,0x0020,0x0840,0x20a1,0x28e1,0x28e2,0x8202,0x5941,
0x28e1,0x1860,0x28a1,0x1020,0x1020,0x28c1,0x1860,0x2081,0x2081,0x28a1,0x1840,0x28c2,0x0082,0x9801,0xfd20,0xff80,
0xe520,0xfc40,0x8800,0x4801,0x1001,0x40a1,0x8020,0x6800,0x2800,0x3800,0x3800,0xc800,0xfb40,0xf5a0,0xffe0,0xfc40,
0x2802,0x08c2,0x30e2,0x2060,0x2080,0x3922,0x28c1,0x4122,0x28a1,0x1860,0x3902,0x6a25,0x6a25,0x4122,0x58e1,0x71e3,
0x2124,0x0841,0x0840,0x1040,0x0840,0x1061,0x20c2,0x2924,0x18c3,0x0000,0x18c3,0x4a8a,0x4249,0x20c2,0x1082,0x0040,
0x0840,0x20a1,0x1061,0xa385,0x8222,0x5941,0x28c1,0x1860,0x28c1,0x1020,0x1020,0x28a1,0x1840,0x2080,0x30e2,0x28a1,
0x20c2,0x0823,0xb800,0xfd40,0xffe0,0xfd00,0x7800,0x1800,0x08a1,0x2881,0x4040,0x40a1,0x5060,0x2880,0x4860,0x4040,
0x3060,0x0800,0x1001,0xc000,0xfd80,0xfea0,0xfc40,0xb001,0x08c3,0x4122,0x2081,0x4102,0x28a1,0x4122,0x28a1,0x1040,
0x5183,0x51a3,0x51a4,0x3922,0x50a1,0xdb45,0x08c4,0x0861,0x0840,0x1041,0x0840,0x1061,0x20c3,0x2924,0x18c3,0x0000,
0x18c3,0x4a8a,0x4229,0x20c2,0x1082,0x0040,0x0840,0x20a1,0x1081,0x6264,0x92c4,0x61e3,0x0020,0x1020,0x2081,0x28c1,
0x28c1,0x2060,0x1020,0x1020,0x4943,0x3922,0x0002,0xf0a0,0xffe0,0xd460,0xc060,0x3801,0x0800,0x2881,0x2881,0x3040,
0x3081,0x3860,0x3840,0x3040,0x3880,0x3880,0x3081,0x2820,0x2020,0x1881,0x5001,0xb101,0xffe0,0xff80,0xc020,0x28e3,
0x79e4,0x28c1,0x2040,0x28a1,0x5183,0x59c4,0x5183,0x59c4,0x28c1,0x4962,0xa2e5,0xa326,0x0883,0x0861,0x0840,0x1041,
0x0840,0x1061,0x20c3,0x2924,0x18c3,0x0000,0x18c3,0x4a6a,0x4229,0x20c2,0x1082,0x0040,0x0840,0x20a1,0x20e1,0x28e2,
0x8a22,0x8181,0x20e1,0x2080,0x28c1,0x1020,0x1840,0x30c1,0x2060,0x38e1,0x4142,0x0022,0xb860,0xfee0,0xfee0,0xc800,
0x2000,0x0840,0x30a1,0x28a1,0x2060,0x2840,0x38a1,0x3060,0x3060,0x2880,0x3040,0x3020,0x2860,0x2860,0x2860,0x3060,
0x0820,0x1001,0xf1a1,0xffa0,0xf4c0,0xc0e0,0x2904,0x71e4,0x30e2,0x3902,0x4122,0x4143,0x3902,0x7225,0x3902,0x4942,
0x6920,0x69e3,0x1904,0x0861,0x0840,0x1041,0x0840,0x1041,0x18a2,0x2924,0x18c3,0x0000,0x18c3,0x4a69,0x4228,0x18c2,
0x1082,0x0040,0x0840,0x20a1,0x1061,0xa3e5,0x9262,0x8161,0x20c1,0x2060,0x28c1,0x1040,0x1840,0x28a1,0x30c1,0x5962,
0x18e3,0xd0e0,0xfe60,0xfe00,0xd800,0x0001,0x1020,0x2860,0x2081,0x1820,0x2040,0x3080,0x3060,0x2860,0x2860,0x2880,
0x2840,0x2820,0x2860,0x2040,0x2060,0x2860,0x2020,0x1861,0x1001,0xf0a0,0xdd60,0xffe0,0xa021,0x39a4,0x5163,0x5183,
0x5984,0x2080,0x4942,0x59a3,0x30c1,0x4942,0x70c0,0xcb66,0x08c4,0x0841,0x0840,0x1041,0x0840,0x0840,0x1081,0x2924,
0x18c3,0x0000,0x18c3,0x4a6a,0x4228,0x1061,0x1082,0x0020,0x0840,0x20a1,0x1061,0x6264,0xb305,0x7203,0x0020,0x1020,
0x2080,0x30c1,0x30c1,0x30c1,0x40e1,0x2922,0x68c2,0xf340,0xc420,0xfa40,0x0001,0x2081,0x2881,0x28a1,0x1820,0x1000,
0x1840,0x30c1,0x2060,0x2860,0x2860,0x2860,0x2880,0x2880,0x2881,0x1820,0x1820,0x28a1,0x2881,0x30c1,0x0040,0x1801,
0xf1a0,0xdcc0,0xfc00,0x6063,0x2923,0x61a4,0x59c4,0x4142,0x6a25,0x1881,0x1040,0x5962,0xaae5,0x9b46,0x0883,0x1061,
0x0840,0x1041,0x0840,0x0841,0x1061,0x2924,0x18c3,0x0000,0x18c3,0x4a8a,0x4228,0x1081,0x1081,0x0020,0x0840,0x20a1,
0x20c1,0x20c2,0xaa62,0x99c1,0x20e1,0x2080,0x28c1,0x1840,0x2060,0x4942,0x3902,0x1843,0xf3e0,0xff80,0xfaa0,0x1001,
0x1861,0x2060,0x28a1,0x1840,0x1840,0x1020,0x2081,0x2061,0x1820,0x2060,0x2880,0x2081,0x2040,0x2020,0x2060,0x1840,
0x2060,0x2060,0x1000,0x2040,0x2881,0x0861,0x2002,0xfc60,0xff40,0xeac1,0x3903,0x5183,0x5163,0x30c1,0x61e4,0x28c1,
0x30e2,0x5142,0x8140,0x71e3,0x1924,0x0841,0x0840,0x1041,0x0840,0x1041,0x1061,0x2924,0x18e3,0x0000,0x18c3,0x4a8a,
0x4228,0x1081,0x1082,0x0020,0x0840,0x20a1,0x1061,0x8b24,0xa262,0xa9c1,0x20c1,0x2080,0x30c1,0x1040,0x4122,0x4122,
0x3922,0x8001,0xffe0,0xfde0,0x6001,0x0061,0x2040,0x28a2,0x2061,0x1020,0x1040,0x1020,0x28a1,0x1820,0x1820,0x2060,
0x2880,0x2081,0x2040,0x1820,0x2060,0x1840,0x1840,0x1860,0x1000,0x1840,0x2881,0x2061,0x10c2,0x7801,0xffe0,0xdba1,
0x7063,0x49e4,0x3901,0x5142,0x59a3,0x28c1,0x30e1,0x4942,0x80e0,0xc345,0x10e4,0x0861,0x0840,0x1041,0x0840,0x1041,
0x1061,0x2104,0x18e3,0x0000,0x18c3,0x4a6a,0x4228,0x1081,0x1082,0x0020,0x0840,0x20a1,0x1881,0x5203,0xb2c4,0x8223,
0x0020,0x1840,0x2881,0x4122,0x4942,0x10c2,0xa921,0xb2a1,0xcb80,0xa061,0x0062,0x1820,0x2061,0x28a1,0x1840,0x1861,
0x0800,0x1860,0x20a1,0x1840,0x1860,0x2060,0x2880,0x2060,0x2081,0x2080,0x2081,0x1020,0x1000,0x2081,0x2081,0x28a1,
0x1000,0x1000,0x2081,0x3922,0xa8a2,0x92e2,0xffa0,0x68c4,0x4983,0x61e4,0x4983,0x1040,0x0840,0x4942,0xbae4,0x9b66,
0x0001,0x0841,0x0820,0x0840,0x0840,0x0840,0x1061,0x2104,0x18e3,0x0000,0x18c3,0x4a69,0x4228,0x1081,0x1082,0x0020,
0x0840,0x20a1,0x28c1,0x0861,0xa222,0xb201,0x2902,0x28a1,0x3902,0x4122,0x30a1,0x2863,0xfbe0,0x9302,0xfc40,0x1801,
0x1861,0x2061,0x28e2,0x1840,0x0800,0x1020,0x1840,0x28c2,0x1860,0x1020,0x1820,0x2081,0x28a1,0x28a1,0x2040,0x1820,
0x1860,0x1840,0x1840,0x1840,0x0800,0x1840,0x2060,0x1840,0x28a1,0x1881,0x38a4,0xf441,0xfe60,0xca02,0x1883,0x59a4,
0x61c4,0x28c1,0x38e1,0x4942,0x9960,0x69c3,0x1061,0x0840,0x0820,0x0840,0x0840,0x0840,0x1061,0x2104,0x18e3,0x0000,
0x18c3,0x4a69,0x4228,0x1081,0x1082,0x0020,0x0840,0x20a1,0x1081,0x7ac3,0x9222,0xb9c1,0x3101,0x30a0,0x4962,0x40e1,
0x1041,0x8122,0xfe80,0x9262,0xa060,0x0020,0x2041,0x28a2,0x1861,0x1840,0x0800,0x0800,0x2081,0x2081,0x1040,0x1020,
0x1820,0x2081,0x28a1,0x28a1,0x2060,0x1840,0x1860,0x1840,0x1840,0x1060,0x0820,0x1040,0x1860,0x1840,0x2081,0x4922,
0x28e3,0x90a2,0xffa0,0xdcc1,0x4863,0x4963,0x5183,0x4122,0x30e1,0x4922,0xa120,0xbb85,0x0022,0x1041,0x0820,0x0841,
0x0840,0x0840,0x1061,0x2104,0x18e3,0x0000,0x10c3,0x4a69,0x4228,0x1081,0x1082,0x0020,0x0020,0x20a1,0x1881,0x51e3,
0xaa84,0x79e3,0x1040,0x2060,0x5183,0x4122,0x2023,0xfd01,0xffe0,0xb8e1,0x28c1,0x2081,0x20a2,0x20a2,0x0800,0x1860,
0x1860,0x1861,0x20a2,0x1020,0x1020,0x1860,0x2081,0x2081,0x28c1,0x28a1,0x28a1,0x2081,0x2081,0x1020,0x0800,0x1881,
0x1881,0x2081,0x0800,0x0800,0x28a1,0x5143,0x4143,0x4002,0xfcc0,0xffe0,0x6964,0x4163,0x5183,0x4963,0x1840,0x4102,
0xaaa4,0x9b25,0x08a3,0x0861,0x0841,0x1041,0x0841,0x0841,0x1061,0x2104,0x18e3,0x0000,0x10c3,0x4a69,0x4208,0x1081,
0x1082,0x0020,0x0020,0x20a1,0x20c1,0x0881,0x89e1,0xba01,0x2901,0x3902,0x5183,0x28a1,0x4802,0xe4e1,0xe4a1,0x5001,
0x2860,0x2040,0x20a2,0x1840,0x1840,0x1040,0x0800,0x1860,0x20a1,0x1020,0x1040,0x1020,0x1840,0x28a1,0x30c1,0x28c1,
0x2060,0x1840,0x1861,0x1840,0x1840,0x1040,0x0800,0x1040,0x1840,0x1881,0x3102,0x1840,0x30a1,0x3103,0xb941,0xfea0,
0x7123,0x4881,0x3102,0x59a3,0x30e2,0x4921,0x8940,0x69e3,0x1924,0x0841,0x0841,0x1041,0x0840,0x0841,0x1061,0x2104,
0x18e3,0x0000,0x10c3,0x4a69,0x4228,0x1081,0x1082,0x0020,0x0040,0x20a1,0x1881,0x7263,0x81e1,0xca01,0x2101,0x4963,
0x4963,0x38a1,0xc9a1,0xdc20,0x8a42,0x1861,0x3080,0x28c1,0x1881,0x1040,0x1040,0x1040,0x0800,0x28c2,0x1040,0x0820,
0x1860,0x1020,0x1040,0x20a1,0x28c1,0x28a1,0x2060,0x1840,0x1860,0x1040,0x1040,0x1040,0x0800,0x0820,0x2081,0x30e2,
0x2081,0x1840,0x2881,0x4943,0x50a2,0xeb42,0x82a4,0xf2c0,0x0862,0x4962,0x4962,0x3901,0xb120,0xb325,0x00a3,0x0841,
0x0840,0x1041,0x0841,0x0841,0x1061,0x2104,0x18e3,0x0000,0x18c3,0x4a69,0x4228,0x1081,0x1082,0x0020,0x0840,0x20a1,
0x18a1,0x4182,0x9223,0x79c2,0x10a0,0x5183,0x2902,0x7982,0xb281,0xfe40,0x71c2,0x1821,0x38e1,0x30e2,0x1861,0x0800,
0x0800,0x1040,0x1881,0x20c2,0x0800,0x0800,0x1020,0x1861,0x1881,0x2081,0x28a1,0x2081,0x2081,0x2081,0x1861,0x0800,
0x0800,0x1881,0x1860,0x2081,0x28c2,0x1040,0x1840,0x38e1,0x4922,0x38e2,0x2882,0x7923,0x72a4,0xfc41,0x3082,0x30c1,
0x4142,0x3101,0xc2c3,0x9305,0x0883,0x0861,0x0840,0x1041,0x0841,0x0841,0x1061,0x2104,0x18e3,0x0000,0x18c3,0x4a69,
0x4228,0x1081,0x1081,0x0020,0x0840,0x20a1,0x28c1,0x0061,0x79a1,0xc1e1,0x2922,0x59c4,0x2083,0xf260,0xd481,0xca81,
0x4902,0x28a1,0x3902,0x1040,0x1040,0x1040,0x1040,0x1040,0x20a1,0x1040,0x1040,0x1020,0x1040,0x1020,0x1020,0x2081,
0x28a1,0x2081,0x1840,0x1020,0x1840,0x1040,0x1040,0x1040,0x0800,0x28a1,0x28a1,0x1020,0x2081,0x1860,0x2881,0x4922,
0x38e2,0x6a23,0xbb02,0xff80,0x8821,0x18e2,0x51a4,0x3901,0xa160,0x69e3,0x1924,0x0841,0x0840,0x1041,0x0841,0x0841,
0x1061,0x2104,0x18e3,0x0000,0x18c3,0x4a69,0x4228,0x1081,0x1081,0x0020,0x0840,0x18a1,0x18a1,0x6a03,0x79c1,0xb9c0,
0x3963,0x5183,0x4802,0xfe00,0xf6e0,0x6862,0x28a1,0x30c1,0x38e2,0x1020,0x1040,0x1040,0x1020,0x1861,0x20a1,0x0820,
0x1040,0x1020,0x1040,0x1020,0x1020,0x1861,0x2081,0x2081,0x1840,0x1020,0x1040,0x1040,0x1040,0x1040,0x1861,0x30c2,
0x1040,0x1040,0x2081,0x1840,0x2080,0x4102,0x4122,0x6184,0x8983,0xfee0,0xea01,0x0882,0x5183,0x4101,0xb120,0xab04,
0x0062,0x0841,0x0820,0x0840,0x0840,0x0840,0x1061,0x2104,0x18e3,0x0000,0x18c3,0x4a69,0x4208,0x1061,0x1081,0x0020,
0x0840,0x18a1,0x18a1,0x4182,0x8a02,0x7181,0x2921,0x3922,0x5801,0xfd20,0xdca0,0x3882,0x38a1,0x38e2,0x30c1,0x2060,
0x1861,0x0800,0x0800,0x20a1,0x1861,0x1040,0x0820,0x0800,0x1020,0x1860,0x1860,0x1860,0x2081,0x1860,0x1860,0x1860,
0x1860,0x0800,0x0800,0x1881,0x28e2,0x1861,0x0800,0x0800,0x1860,0x30c1,0x4102,0x30c1,0x5143,0x3123,0x8203,0xfd40,
0xd261,0x2001,0x4122,0x3922,0xb262,0x8b05,0x0000,0x0840,0x0820,0x0840,0x0840,0x0840,0x1061,0x2104,0x18e3,0x0000,
0x18c3,0x4a69,0x4208,0x1081,0x0861,0x0020,0x0040,0x18a1,0x20c1,0x0061,0x79a1,0xb1a0,0x4983,0x28e3,0xa1c1,0xffe0,
0xfcc0,0x3842,0x38e1,0x3902,0x2060,0x1020,0x1040,0x1040,0x1040,0x2081,0x0800,0x0820,0x1040,0x0820,0x1040,0x1020,
0x1020,0x1881,0x2081,0x2081,0x1040,0x1020,0x1040,0x1040,0x1040,0x28c2,0x0820,0x0820,0x1040,0x1040,0x1881,0x1860,
0x2080,0x4102,0x61c4,0x3963,0x88c3,0xffe0,0xfdc0,0x4801,0x3943,0x4922,0xa960,0x5183,0x0861,0x0840,0x0820,0x0840,
0x0841,0x0840,0x1061,0x2124,0x18e3,0x0000,0x18c3,0x4a49,0x4208,0x1081,0x0861,0x0020,0x0020,0x18a1,0x1881,0x7222,
0x81a1,0xc9a0,0x3983,0x3022,0xdb01,0xffa0,0xf140,0x2882,0x3902,0x28a1,0x2060,0x1020,0x1040,0x1040,0x28a1,0x1860,
0x0000,0x0820,0x1040,0x0820,0x1040,0x1020,0x1020,0x1861,0x2081,0x1881,0x1840,0x1020,0x1040,0x1040,0x28c2,0x1861,
0x0800,0x0820,0x1040,0x1040,0x1881,0x1840,0x1840,0x4942,0x51a4,0x5183,0x4003,0xfd60,0xffa0,0x9801,0x2922,0x4101,
0xa920,0xa305,0x00a3,0x0841,0x0841,0x1041,0x0841,0x0840,0x1061,0x2124,0x18e3,0x0000,0x10c2,0x4a49,0x4208,0x1081,
0x0861,0x0020,0x0040,0x1881,0x18a1,0x4182,0xa202,0x7181,0x28e1,0x68c2,0xfd40,0xf460,0x8081,0x4142,0x3902,0x2060,
0x30a1,0x1860,0x1061,0x1040,0x28a2,0x1040,0x1040,0x1061,0x0820,0x0800,0x1020,0x1860,0x1860,0x1861,0x1881,0x1860,
0x1861,0x1860,0x1840,0x2081,0x1881,0x1060,0x1040,0x1861,0x0800,0x0800,0x1860,0x28c1,0x38e1,0x5183,0x4963,0x59a4,
0x3923,0xb901,0xecc0,0xfc00,0x1802,0x3902,0xb242,0x9305,0x0063,0x0841,0x0841,0x1041,0x0841,0x0841,0x1081,0x2124,
0x18e3,0x0000,0x10c3,0x4a49,0x4208,0x1061,0x0861,0x0020,0x0840,0x1881,0x20c1,0x0880,0x89a0,0xc9c1,0x3122,0x80c1,
0xfd80,0xfe80,0x4801,0x4963,0x38e1,0x2880,0x2060,0x1020,0x0820,0x20a2,0x1881,0x0820,0x0800,0x0820,0x1040,0x0820,
0x1040,0x1020,0x1020,0x1881,0x1881,0x1881,0x1040,0x1020,0x1881,0x28c2,0x1040,0x1040,0x0800,0x1020,0x1040,0x1040,
0x1861,0x1840,0x1860,0x59a4,0x5163,0x59a3,0x0882,0xa921,0xff00,0xf3c0,0x3882,0x4101,0xa960,0x51a3,0x10e3,0x0841,
0x0840,0x1040,0x0841,0x0841,0x1882,0x2124,0x18e3,0x0000,0x10a3,0x4a49,0x4228,0x1081,0x0861,0x0020,0x0820,0x1881,
0x1081,0x6a02,0x89a0,0xd9e0,0x4122,0xa9c1,0xf5a0,0xfce0,0x3002,0x4142,0x30c1,0x38e1,0x1840,0x0800,0x1041,0x28c2,
0x1040,0x1040,0x0000,0x0820,0x1040,0x1020,0x1060,0x1020,0x1020,0x1861,0x20a1,0x1861,0x1020,0x1040,0x28c2,0x1040,
0x1040,0x1040,0x0800,0x0820,0x1040,0x1040,0x1861,0x1040,0x1860,0x5183,0x61a3,0x4102,0x18a2,0x6861,0xfe00,0xf4c0,
0x4903,0x40e1,0xa100,0x92a4,0x08a3,0x0841,0x0820,0x0840,0x0840,0x0840,0x18a1,0x2124,0x18e3,0x0000,0x10a2,0x4a49,
0x4208,0x1081,0x0861,0x0020,0x0040,0x1881,0x18a1,0x4982,0xa202,0x79a1,0x3041,0xc401,0xfe60,0xa8e1,0x4143,0x38e1,
0x2860,0x30e1,0x38e1,0x1040,0x20c2,0x1061,0x0000,0x1040,0x1040,0x1061,0x0820,0x0800,0x1040,0x1860,0x1860,0x1860,
0x20a2,0x1040,0x1861,0x28c2,0x1881,0x0800,0x0800,0x1861,0x1860,0x1861,0x0820,0x0800,0x1040,0x28a1,0x3922,0x61e4,
0x38e1,0x30a1,0x4942,0x4022,0xe401,0xffe0,0x3023,0x30e1,0xa202,0x8ac5,0x0062,0x0020,0x0820,0x0841,0x0840,0x0841,
0x18a2,0x2124,0x18c3,0x0000,0x10c3,0x4249,0x4228,0x1081,0x0861,0x0020,0x0820,0x1881,0x18c1,0x1880,0xa1a0,0xc1c1,
0x38a2,0x7202,0xfe20,0xb0a1,0x1923,0x4101,0x3080,0x28a1,0x30e1,0x1840,0x20a2,0x1040,0x1040,0x1040,0x0020,0x0820,
0x1060,0x1040,0x1040,0x1020,0x1020,0x1881,0x20a1,0x1860,0x20c2,0x1861,0x1040,0x1040,0x1040,0x1040,0x0800,0x1040,
0x1040,0x1040,0x1861,0x1040,0x4963,0x5183,0x30c1,0x40e1,0x38c1,0x3002,0xfb40,0xf5e1,0x30c3,0x4901,0xa180,0x4162,
0x0882,0x0020,0x0840,0x0840,0x0840,0x1061,0x18c2,0x2104,0x18e3,0x0000,0x10c3,0x4249,0x4208,0x18a2,0x0861,0x0020,
0x0040,0x1881,0x1081,0x7a22,0xa9a0,0xa9a0,0x6161,0x8982,0xe441,0x88e2,0x3922,0x40e1,0x28a0,0x28a1,0x2081,0x28c2,
0x1881,0x1040,0x1040,0x1040,0x0000,0x0820,0x1060,0x1040,0x1860,0x1020,0x0820,0x1881,0x20a2,0x20a1,0x20a1,0x1020,
0x1040,0x1040,0x1040,0x1040,0x0800,0x0820,0x1040,0x1040,0x1861,0x1861,0x5184,0x38e1,0x38c1,0x4102,0x38c1,0x1801,
0xfae0,0xcb01,0x2944,0x5921,0x9900,0x9ac4,0x08a3,0x0020,0x0840,0x0840,0x0840,0x1061,0x18c2,0x2124,0x18c3,0x0000,
0x18c3,0x4229,0x4208,0x18a2,0x0861,0x0020,0x0020,0x1881,0x18a1,0x4182,0x91e1,0x7961,0x78e0,0xfd81,0xe461,0x48e2,
0x6922,0x30c1,0x2060,0x2060,0x30c1,0x28c2,0x18a2,0x0820,0x0000,0x1060,0x1040,0x1061,0x0820,0x0800,0x1040,0x1881,
0x1881,0x1881,0x20c2,0x20a2,0x2081,0x1860,0x1060,0x0800,0x0820,0x1861,0x1060,0x1861,0x0800,0x0800,0x1881,0x4122,
0x4163,0x28a1,0x2880,0x38a1,0x4942,0x20e2,0xd2a1,0xa222,0x5143,0x5121,0xa222,0x8b05,0x0002,0x0020,0x0841,0x0841,
0x0840,0x1061,0x18c2,0x2104,0x18c3,0x0000,0x10a2,0x4229,0x3a08,0x18a2,0x0861,0x0020,0x0020,0x1881,0x20c1,0x1080,
0x9980,0x9981,0x8141,0xece0,0x5022,0x5942,0x48c0,0x38e1,0x2880,0x2880,0x30c1,0x1881,0x1061,0x28c2,0x1861,0x1040,
0x0820,0x1061,0x20a1,0x20a2,0x20a2,0x20a2,0x20a2,0x20a2,0x20c2,0x20a1,0x20a2,0x28c2,0x20a1,0x1060,0x1040,0x1040,
0x0800,0x0820,0x1040,0x28c2,0x30c2,0x3102,0x28a1,0x30e1,0x30c1,0x38e1,0x38c1,0x20a1,0x60c2,0x79c3,0x8a03,0x6942,
0xa1a0,0x3902,0x0041,0x0020,0x0841,0x0841,0x0840,0x1061,0x18c2,0x2104,0x18e3,0x0000,0x10a2,0x4229,0x3a08,0x18a2,
0x0861,0x0020,0x0020,0x1881,0x0881,0x7a02,0xb9a0,0xa160,0x9161,0xfe40,0x6a03,0x58c2,0x38a0,0x38e1,0x28a1,0x28a1,
0x3902,0x0820,0x0820,0x1861,0x28a2,0x18a1,0x20c2,0x20c2,0x1881,0x1061,0x1861,0x1040,0x1020,0x1861,0x1061,0x1060,
0x1840,0x1040,0x1861,0x1861,0x1881,0x20a1,0x1061,0x1040,0x20c2,0x1881,0x1861,0x3923,0x2060,0x30e1,0x30c1,0x4102,
0x38a1,0x2881,0x98e1,0xdce2,0xb342,0x6921,0x9120,0x9202,0x0061,0x0020,0x0841,0x0841,0x0840,0x1061,0x18c2,0x2104,
0x18e3,0x0000,0x10c2,0x4229,0x3a08,0x18a2,0x0861,0x0020,0x0020,0x1881,0x1881,0x4182,0x91e1,0x6121,0xe9a0,0xff00,
0xb2c2,0x50a1,0x38e1,0x30a1,0x2040,0x28a1,0x38e2,0x1060,0x1882,0x20a2,0x28a2,0x20a2,0x20a2,0x1881,0x0820,0x0800,
0x1020,0x1860,0x1060,0x1861,0x1881,0x1020,0x1861,0x1860,0x1040,0x0800,0x0820,0x20a1,0x28c2,0x28e2,0x1881,0x0800,
0x1881,0x3902,0x28c1,0x30a1,0x2860,0x30a1,0x4122,0x40e2,0x8222,0xfe61,0xfc81,0x6881,0x8981,0x7243,0x0001,0x0020,
0x0841,0x0841,0x0840,0x1061,0x18c2,0x2104,0x18e3,0x0000,0x10a2,0x4249,0x3a08,0x1082,0x0861,0x0020,0x0020,0x1881,
0x20c1,0x10a1,0xb180,0x9900,0xca80,0xfee0,0x48c3,0x48c1,0x30a0,0x38e1,0x2880,0x3902,0x28a1,0x20a1,0x20a2,0x28e3,
0x1861,0x1040,0x0000,0x1040,0x1881,0x1881,0x1881,0x1040,0x1040,0x2081,0x20a1,0x1060,0x1861,0x1861,0x2081,0x20a1,
0x20a1,0x1040,0x0000,0x0820,0x28e2,0x28e3,0x30e2,0x2081,0x1860,0x30e1,0x30a1,0x38e1,0x38e1,0x5962,0x69c3,0xdbe1,
0xf500,0x6061,0x9920,0x30c0,0x0021,0x0020,0x0841,0x0841,0x0840,0x1061,0x18c2,0x2104,0x18e3,0x0000,0x10a2,0x4228,
0x39e7,0x1082,0x0861,0x0020,0x0020,0x1881,0x0881,0x7a23,0xb9a0,0xa080,0xc381,0xed60,0x2822,0x4901,0x38c0,0x38e1,
0x30e1,0x4122,0x38e2,0x28c2,0x1061,0x1041,0x1040,0x1040,0x0000,0x0820,0x1881,0x1881,0x18a2,0x18a2,0x1881,0x20a1,
0x1881,0x1881,0x20c2,0x20c2,0x28c2,0x20c2,0x1881,0x1040,0x0800,0x0820,0x1040,0x1040,0x3902,0x30e2,0x1860,0x30c1,
0x30a1,0x3902,0x5962,0x5162,0x40c2,0x9a02,0xe560,0x5801,0x88e0,0x9181,0x0041,0x0020,0x0841,0x0841,0x0840,0x1061,
0x18c2,0x2104,0x18e3,0x0000,0x10a2,0x4228,0x3a08,0x1081,0x0861,0x0020,0x0040,0x1881,0x10a1,0x4982,0x99c1,0x6801,
0xfda0,0xd5a1,0x9801,0x3102,0x4921,0x38c1,0x38e1,0x3902,0x4122,0x1861,0x1041,0x0000,0x0800,0x1881,0x1881,0x18a1,
0x1040,0x0820,0x1040,0x1860,0x1060,0x1860,0x1861,0x1020,0x1861,0x1860,0x1861,0x0840,0x1040,0x20a1,0x20a1,0x1881,
0x0820,0x1040,0x28a2,0x3102,0x3922,0x28a1,0x28a1,0x5142,0x5983,0x4122,0x58a2,0x9a22,0xff80,0x8000,0x7100,0x71c2,
0x0021,0x0020,0x0841,0x1041,0x0840,0x1061,0x18c2,0x2104,0x18e3,0x0000,0x10a2,0x4228,0x3a08,0x1082,0x0861,0x0020,
0x0020,0x1081,0x18a1,0x10a1,0xa180,0xa8a0,0xece0,0x92a2,0x99a1,0x0881,0x28a0,0x5142,0x4143,0x3922,0x1840,0x0800,
0x0840,0x1881,0x28a2,0x1881,0x0820,0x0820,0x1040,0x1020,0x1040,0x0820,0x1020,0x1881,0x1881,0x1040,0x1040,0x1020,
0x1040,0x1040,0x1040,0x1040,0x0020,0x1861,0x28c2,0x28e2,0x20a2,0x1020,0x2081,0x5183,0x5183,0x4122,0x4942,0x3081,
0x2862,0x9a82,0xf660,0x6800,0x9900,0x38c0,0x0021,0x0020,0x0841,0x0841,0x0840,0x1061,0x18c2,0x2104,0x18e3,0x0000,
0x10a2,0x4228,0x3a07,0x1061,0x0861,0x0020,0x0020,0x1061,0x0881,0x7202,0xb1a0,0xa8c0,0xb361,0x79e2,0x79c1,0x18a1,
0x3902,0x4942,0x38e1,0x28c1,0x1860,0x0820,0x1881,0x1881,0x1861,0x1040,0x0000,0x0820,0x1061,0x1040,0x1061,0x0820,
0x0820,0x1881,0x1881,0x1060,0x1040,0x1020,0x1040,0x1040,0x1040,0x1040,0x0000,0x0820,0x1861,0x28c2,0x28e2,0x28a1,
0x28a1,0x3902,0x4983,0x5183,0x30a0,0x3880,0x1802,0xd3e1,0xf500,0x6000,0x90c0,0x99a1,0x0041,0x0020,0x0841,0x0841,
0x0840,0x1061,0x18c2,0x2104,0x18e3,0x0000,0x10a2,0x4228,0x39e7,0x1081,0x0861,0x0020,0x0020,0x1061,0x1081,0x4962,
0x91c1,0x9141,0xd461,0xdc61,0xb921,0x20e2,0x4122,0x38e1,0x2060,0x28a1,0x38e2,0x20c2,0x1881,0x0000,0x0000,0x1861,
0x1060,0x1061,0x0820,0x0000,0x1020,0x1860,0x1860,0x1861,0x1861,0x1020,0x1881,0x1860,0x1861,0x0800,0x0800,0x1861,
0x1040,0x1060,0x1061,0x28e2,0x1881,0x4102,0x4122,0x30c1,0x4122,0x51a4,0x4102,0x38e1,0x3842,0xfd80,0xfee0,0x8000,
0x7120,0x71e2,0x0021,0x0020,0x0841,0x1041,0x0840,0x1061,0x18c2,0x2104,0x18e3,0x0000,0x10a2,0x4228,0x39e7,0x1061,
0x0841,0x0020,0x0020,0x1061,0x18c1,0x10a1,0x9980,0xb1c0,0x9aa2,0xed40,0x88e1,0x08a1,0x4122,0x38e1,0x2060,0x3902,
0x30c1,0x0000,0x0840,0x0820,0x0820,0x1060,0x0800,0x1040,0x1040,0x0820,0x1040,0x0820,0x0820,0x1881,0x1881,0x1040,
0x1040,0x1020,0x1040,0x1020,0x1040,0x1881,0x1861,0x1881,0x28e2,0x20a1,0x1861,0x0820,0x2081,0x5183,0x38c1,0x4122,
0x4963,0x30a1,0x4042,0xfce0,0xfdc0,0x5000,0xa120,0x38e0,0x0041,0x0020,0x0841,0x0841,0x0840,0x1061,0x18c2,0x2104,
0x18e3,0x0000,0x10a2,0x4228,0x39e8,0x1061,0x0841,0x0020,0x0020,0x1061,0x0881,0x69c2,0xb180,0xb960,0x30a2,0xf5c0,
0x68a1,0x2102,0x30c1,0x38e1,0x4102,0x30e1,0x2080,0x1060,0x1041,0x1041,0x1040,0x1040,0x0000,0x0820,0x1061,0x0820,
0x1061,0x0800,0x0820,0x1881,0x1881,0x1040,0x1840,0x1040,0x1881,0x18a1,0x1881,0x1881,0x0820,0x0820,0x20c2,0x1040,
0x1861,0x1861,0x28c1,0x3902,0x4922,0x4922,0x5183,0x4123,0x3042,0xfca0,0xf500,0x5000,0x9900,0x81a1,0x0041,0x0020,
0x0841,0x1041,0x0840,0x1061,0x18a2,0x2104,0x18e3,0x0000,0x10a2,0x4228,0x39e7,0x1061,0x0841,0x0020,0x0020,0x1061,
0x1081,0x4982,0x99c1,0x8941,0x5982,0xfea0,0x90c2,0x2902,0x38e1,0x5121,0x2880,0x1860,0x28c1,0x1861,0x20c2,0x1040,
0x0000,0x1861,0x1060,0x1861,0x0820,0x0000,0x0840,0x1060,0x1040,0x1861,0x1061,0x1861,0x20c2,0x20a1,0x1881,0x0800,
0x0800,0x1861,0x1040,0x2081,0x20a2,0x0800,0x2081,0x30e2,0x30c1,0x2881,0x2880,0x5921,0x4962,0x4163,0x5001,0xfea0,
0xfe00,0x5800,0x8160,0x71e2,0x0021,0x0020,0x0841,0x0841,0x0840,0x1061,0x18a2,0x2104,0x18e3,0x0000,0x10a2,0x4228,
0x39e7,0x1061,0x0841,0x0020,0x0020,0x1061,0x10a1,0x20c1,0x9980,0x9121,0x82e2,0xff20,0x3082,0x48c0,0x38e1,0x4102,
0x2080,0x28a1,0x2060,0x0800,0x1061,0x20a2,0x28a2,0x1881,0x0820,0x0820,0x1060,0x0820,0x1060,0x0820,0x1060,0x1881,
0x1861,0x1860,0x1040,0x0820,0x1060,0x1040,0x1040,0x1040,0x0000,0x1881,0x20c2,0x20a1,0x2081,0x1020,0x1860,0x30e1,
0x30a1,0x38e1,0x6100,0x38c1,0x3821,0xfd80,0xfc20,0x4000,0x9940,0x20e0,0x0041,0x0020,0x0820,0x0840,0x0840,0x1041,
0x18a2,0x2103,0x18e3,0x0000,0x10a2,0x4228,0x39e7,0x0861,0x0841,0x0020,0x0020,0x1060,0x0061,0x71e2,0xa180,0xa101,
0xb3e2,0x9aa1,0x8121,0x28a1,0x30c1,0x38e1,0x28a1,0x30c1,0x1840,0x0000,0x0840,0x1861,0x1881,0x2081,0x1041,0x1040,
0x1881,0x1060,0x1881,0x1061,0x1040,0x1881,0x1861,0x1040,0x1040,0x0820,0x1040,0x1040,0x1860,0x1060,0x1040,0x28c2,
0x1861,0x1060,0x1881,0x1020,0x1840,0x30e1,0x38c1,0x3902,0x50c0,0x70a0,0x1021,0xf4e0,0xcb60,0x3800,0x9900,0x6181,
0x0041,0x0000,0x0820,0x0840,0x0840,0x1061,0x18a2,0x2104,0x18e4,0x0000,0x10a2,0x4208,0x39e7,0x1061,0x0841,0x0020,
0x0020,0x1060,0x0881,0x4982,0x91c1,0x6921,0xbb01,0x9ae2,0x7141,0x3922,0x38e1,0x28a1,0x1840,0x2060,0x30e2,0x1881,
0x1881,0x0000,0x0000,0x1861,0x1881,0x18a1,0x1061,0x1061,0x1881,0x1881,0x1861,0x1861,0x1040,0x0820,0x2081,0x1881,
0x1881,0x1061,0x1061,0x20a1,0x2081,0x20a2,0x0000,0x0000,0x1040,0x20a1,0x28c1,0x28a1,0x2860,0x30a0,0x3902,0x60a0,
0x1001,0xe521,0xfc60,0x1800,0x7960,0x7a02,0x0001,0x0000,0x0841,0x0841,0x0840,0x1061,0x18a2,0x2104,0x18e4,0x0000,
0x10a2,0x4208,0x39c7,0x0861,0x0841,0x0020,0x0020,0x1061,0x10a1,0x3901,0x8960,0x8161,0x79c2,0xaae1,0x9a21,0x1881,
0x3081,0x30c1,0x2880,0x28a1,0x2081,0x0820,0x1061,0x1040,0x1040,0x1861,0x0820,0x1861,0x1861,0x1040,0x1061,0x1040,
0x1040,0x1881,0x1861,0x1861,0x1881,0x1861,0x1881,0x1061,0x1040,0x1040,0x1861,0x1881,0x1040,0x1040,0x1861,0x1840,
0x2080,0x30e1,0x30c1,0x38e1,0x38e1,0x2040,0x5000,0x4a22,0xfb00,0x1820,0x8920,0x20e1,0x0041,0x0000,0x0820,0x0840,
0x0840,0x0861,0x18a2,0x2103,0x18e4,0x0000,0x10a2,0x4208,0x39c7,0x0861,0x0841,0x0020,0x0020,0x1040,0x0061,0x69c2,
0x8960,0x6942,0x2923,0x8a21,0x5102,0x2820,0x2860,0x38e1,0x30c1,0x30e1,0x1840,0x0000,0x0840,0x1881,0x1861,0x1861,
0x1040,0x1040,0x1881,0x1040,0x1861,0x0800,0x0800,0x1881,0x1861,0x1060,0x1040,0x1020,0x1040,0x1060,0x1060,0x1040,
0x20a2,0x1040,0x1060,0x1060,0x2081,0x1020,0x1840,0x30e1,0x38e1,0x4122,0x3902,0x0800,0xa860,0x48c1,0xa9a0,0x3860,
0x90e0,0x5961,0x0041,0x0000,0x0020,0x0840,0x0840,0x1061,0x18a2,0x2103,0x18e3,0x0000,0x1082,0x4208,0x39c7,0x0861,
0x0841,0x0020,0x0000,0x1040,0x0861,0x51a2,0x81a1,0x4942,0x40e1,0xa261,0xfca1,0x3041,0x38e1,0x30a1,0x1840,0x2060,
0x38e1,0x1061,0x1881,0x0000,0x0820,0x20a2,0x1061,0x1861,0x0800,0x0000,0x1040,0x1860,0x1060,0x1861,0x1040,0x0820,
0x1881,0x1860,0x1881,0x0800,0x0800,0x1881,0x28c2,0x1861,0x0800,0x0000,0x1040,0x2081,0x30c1,0x28a1,0x2880,0x38c1,
0x3102,0x0000,0xd280,0x7900,0x3061,0x2860,0x8120,0x69c2,0x0021,0x0000,0x0020,0x0840,0x0840,0x1061,0x18a2,0x2103,
0x18e3,0x0000,0x1082,0x3a08,0x39c7,0x0841,0x0841,0x0020,0x0000,0x1040,0x1081,0x4142,0x7161,0x4122,0x50c1,0x4161,
0xf480,0x3801,0x30a1,0x38e1,0x2880,0x30c1,0x2881,0x0820,0x1061,0x1861,0x2081,0x1881,0x0820,0x1040,0x1060,0x0820,
0x1060,0x0820,0x1020,0x1881,0x1060,0x1040,0x1860,0x1040,0x1861,0x1040,0x1040,0x20a1,0x1881,0x1040,0x1040,0x0820,
0x1861,0x1840,0x2060,0x38e1,0x30a1,0x4102,0x1841,0x2800,0xfc60,0x6141,0x00a2,0x3860,0x78e0,0x18c0,0x0041,0x0000,
0x0020,0x0840,0x0840,0x1041,0x18a2,0x20e3,0x18e3,0x0000,0x1082,0x4208,0x39c7,0x0861,0x0841,0x0020,0x0000,0x1040,
0x0861,0x61a2,0x6140,0x4122,0x40e2,0x8a61,0x60e1,0x3081,0x28c1,0x4122,0x3902,0x4122,0x30c1,0x1061,0x18a2,0x20c2,
0x28a2,0x20a1,0x1041,0x1061,0x20a2,0x1881,0x20a1,0x1041,0x1040,0x20a1,0x1861,0x1881,0x1881,0x1061,0x1881,0x18a1,
0x1881,0x28e2,0x1861,0x1861,0x20a1,0x28c1,0x28c2,0x28a1,0x38c1,0x4942,0x5183,0x4962,0x0800,0x6000,0xfde0,0x7160,
0x0041,0x4060,0x7080,0x4921,0x0040,0x0000,0x0820,0x0840,0x0840,0x1041,0x18a2,0x2103,0x18e3,0x0000,0x1082,0x3a07,
0x31c7,0x0861,0x0041,0x0020,0x0000,0x1040,0x0840,0x59a2,0x71a2,0x4122,0x1800,0xfd60,0xffe0,0x8800,0x30c1,0x30a1,
0x2040,0x2060,0x30e1,0x1861,0x20a2,0x0000,0x0000,0x1881,0x1061,0x1881,0x0820,0x0000,0x1040,0x1861,0x1860,0x1861,
0x1040,0x0820,0x2081,0x1860,0x1881,0x0800,0x0820,0x28c2,0x1860,0x1861,0x0820,0x0800,0x1061,0x28a1,0x30c1,0x28a1,
0x40e1,0x38c1,0x0061,0x6800,0xdbc0,0xf3e0,0x0001,0x2060,0x68e0,0x6961,0x0020,0x0000,0x0820,0x0840,0x0840,0x1061,
0x18a2,0x2103,0x18e3,0x0000,0x1082,0x39e7,0x31c7,0x0861,0x0041,0x0020,0x0000,0x1040,0x1881,0x5162,0x6161,0x3902,
0x2841,0xe240,0xe4e0,0xd140,0x1841,0x38c1,0x2880,0x30a1,0x28a1,0x1860,0x1061,0x1040,0x1040,0x1861,0x0820,0x1040,
0x1060,0x0820,0x1061,0x1020,0x1020,0x1881,0x1040,0x1040,0x1840,0x1040,0x1861,0x1040,0x1861,0x1881,0x0820,0x1040,
0x1040,0x1020,0x1861,0x1840,0x2060,0x38e1,0x5122,0x2081,0x0001,0xf140,0xf4c0,0xb900,0x0061,0x3060,0x60a0,0x18c0,
0x0861,0x0000,0x0820,0x0841,0x0840,0x1061,0x18a2,0x2103,0x18e4,0x0000,0x1082,0x39e7,0x31a6,0x0841,0x0040,0x0020,
0x0000,0x1040,0x0860,0x6182,0x6141,0x3922,0x28e1,0x7800,0xdd00,0xfcc0,0x1800,0x38e1,0x30c1,0x38e1,0x28a1,0x0800,
0x1040,0x1881,0x1881,0x1860,0x0000,0x0820,0x1881,0x1861,0x1881,0x0800,0x0800,0x2081,0x1861,0x1861,0x1040,0x1020,
0x1860,0x1861,0x20a1,0x1861,0x0000,0x0820,0x1881,0x1861,0x2081,0x1020,0x1020,0x4922,0x4922,0x2081,0x1800,0xfc80,
0xff00,0x5000,0x0081,0x3860,0x6880,0x4901,0x0040,0x0000,0x0820,0x0840,0x0840,0x1041,0x18a2,0x2103,0x2104,0x0000,
0x1082,0x39e7,0x31a6,0x0841,0x0041,0x0020,0x0000,0x0840,0x0020,0x59c2,0x69a2,0x4122,0x1080,0x7860,0xfe20,0xe3c0,
0x5021,0x20a1,0x2040,0x30a1,0x38e1,0x1040,0x1881,0x0000,0x0000,0x1881,0x1060,0x1881,0x0820,0x0000,0x1040,0x1861,
0x1860,0x1861,0x1020,0x1020,0x2081,0x1860,0x2081,0x1020,0x1881,0x1881,0x1060,0x1861,0x0820,0x0800,0x1060,0x2081,
0x28a1,0x4942,0x2040,0x0020,0x4801,0xfc80,0xc1e0,0x4800,0x1081,0x2060,0x60e0,0x6961,0x0000,0x0000,0x0820,0x0840,
0x0840,0x1041,0x18a2,0x2103,0x2104,0x0000,0x1082,0x39e7,0x31a6,0x0841,0x0040,0x0020,0x0000,0x0840,0x1081,0x5962,
0x6161,0x3102,0x30c1,0x3000,0xeb00,0xfea0,0x9000,0x18a1,0x30a1,0x38e1,0x2080,0x0820,0x1061,0x1040,0x1040,0x1861,
0x0820,0x1040,0x1060,0x1020,0x1861,0x1040,0x1040,0x2081,0x1040,0x1860,0x1860,0x1020,0x1861,0x1881,0x20a2,0x1860,
0x0820,0x1040,0x1060,0x1040,0x1881,0x1040,0x28a1,0x4942,0x2040,0x0001,0xb000,0xfee0,0xca60,0x0000,0x20c1,0x2860,
0x58a0,0x20c0,0x0020,0x0000,0x0040,0x0840,0x0840,0x1041,0x18a2,0x20e3,0x2104,0x0000,0x1082,0x39c7,0x31a6,0x0841,
0x0041,0x0020,0x0000,0x0840,0x0040,0x5982,0x5941,0x3922,0x3901,0x0821,0xaa00,0xfe40,0xd960,0x2062,0x3901,0x38e1,
0x1840,0x0800,0x1040,0x1881,0x2081,0x1060,0x0000,0x0820,0x2081,0x1861,0x1881,0x0800,0x0800,0x2081,0x1861,0x2081,
0x1840,0x1000,0x1840,0x20c2,0x20a1,0x1040,0x0800,0x0820,0x1881,0x1861,0x2081,0x0820,0x4902,0x4122,0x2881,0x0801,
0xfb20,0xff40,0xd800,0x0041,0x18a1,0x3060,0x68a0,0x4900,0x0020,0x0000,0x0820,0x0840,0x0840,0x1041,0x18a2,0x2103,
0x2104,0x0000,0x1082,0x39c7,0x31a6,0x0841,0x0041,0x0020,0x0000,0x0840,0x0020,0x59c2,0x69a1,0x3901,0x28a0,0x0820,
0x7800,0xfde0,0xf480,0x2801,0x2860,0x2860,0x38c1,0x1840,0x1881,0x0800,0x0000,0x1881,0x1040,0x1881,0x0820,0x0000,
0x1040,0x1861,0x1860,0x1861,0x0820,0x1020,0x2081,0x1860,0x20a1,0x1881,0x0800,0x1881,0x1040,0x1861,0x0820,0x0800,
0x1040,0x30a1,0x4942,0x3081,0x0800,0x4000,0xcb40,0xfcc0,0x3000,0x0040,0x20c2,0x1860,0x68e0,0x7181,0x0000,0x0000,
0x0020,0x0840,0x0840,0x0841,0x1082,0x20e3,0x1904,0x0000,0x1081,0x39a7,0x31a6,0x0841,0x0020,0x0000,0x0000,0x0840,
0x1080,0x5162,0x6140,0x6101,0x28c1,0x1860,0x3801,0xfdc0,0xf600,0x2801,0x2880,0x30a1,0x2881,0x1020,0x1861,0x1040,
0x1040,0x1861,0x0820,0x1040,0x1060,0x1020,0x1861,0x1040,0x1040,0x2081,0x1040,0x1840,0x1860,0x1020,0x2081,0x20a1,
0x1040,0x1860,0x0820,0x1040,0x1840,0x1020,0x2061,0x30c1,0x30a1,0x38c1,0x0000,0x9800,0xfe80,0xfac0,0x0000,0x1881,
0x20c2,0x2060,0x60c0,0x20c0,0x0840,0x0000,0x0020,0x1040,0x1020,0x1041,0x1081,0x20e3,0x1904,0x0000,0x1082,0x31c7,
0x3186,0x0841,0x0040,0x0000,0x0000,0x0840,0x0040,0x5182,0x6120,0x9920,0x20e1,0x28a1,0x2001,0xfae0,0x9280,0xb9c1,
0x2061,0x38e1,0x2040,0x0800,0x1040,0x1881,0x2081,0x1860,0x0800,0x0820,0x1881,0x1861,0x1881,0x0800,0x0820,0x2081,
0x1861,0x1881,0x1840,0x1020,0x1881,0x2081,0x1881,0x1840,0x0800,0x1020,0x2081,0x1860,0x30c1,0x2081,0x2860,0x30c1,
0x2001,0xa9e0,0xff80,0xb000,0x0000,0x2081,0x20c1,0x2840,0x68a0,0x4921,0x0020,0x0000,0x0020,0x0840,0x0820,0x1041,
0x1882,0x20e3,0x1904,0x0000,0x0882,0x31a6,0x3186,0x0840,0x0020,0x0000,0x0000,0x0840,0x0020,0x59c2,0x6981,0x5901,
0x20c1,0x2060,0x1060,0x5801,0x8220,0xfd60,0x5000,0x1860,0x38c1,0x1840,0x1881,0x0800,0x0800,0x1861,0x1040,0x1861,
0x0820,0x0800,0x1040,0x1861,0x1860,0x1861,0x0820,0x1020,0x20a1,0x1860,0x28c1,0x0820,0x0800,0x1881,0x1040,0x1861,
0x0800,0x0800,0x30c2,0x2881,0x38a1,0x0861,0x8000,0xffa0,0xba00,0x2800,0x1061,0x20c2,0x1061,0x1840,0x7100,0x79a2,
0x0000,0x0000,0x0020,0x0840,0x0820,0x0841,0x18a2,0x2103,0x1904,0x0000,0x0882,0x31a6,0x3186,0x0841,0x0020,0x0000,
0x0000,0x0840,0x1060,0x5142,0x5920,0x58c0,0x28e2,0x28a1,0x2080,0x1801,0xfce0,0xd500,0xb8c0,0x1841,0x3081,0x1020,
0x1861,0x1040,0x1040,0x1860,0x0820,0x1040,0x1860,0x1020,0x1860,0x1040,0x1040,0x2081,0x1040,0x1860,0x1860,0x1840,
0x20a1,0x1040,0x1040,0x1881,0x0820,0x1040,0x1860,0x2881,0x30c2,0x2040,0x3081,0x1801,0xf9e0,0xfe60,0xb800,0x0000,
0x2061,0x28c2,0x0840,0x2040,0x68e0,0x28e1,0x0020,0x0000,0x0020,0x0840,0x0820,0x0841,0x18a2,0x2103,0x1904,0x0000,
0x0861,0x31a6,0x2985,0x0841,0x0020,0x0000,0x0000,0x0840,0x0020,0x5162,0x5100,0x68e0,0x28e1,0x30e1,0x28a1,0x1820,
0xe160,0xbc20,0xca80,0x4861,0x2060,0x1000,0x1840,0x2081,0x2081,0x1860,0x0800,0x0820,0x1881,0x1860,0x2081,0x1000,
0x1000,0x2081,0x1861,0x2081,0x1840,0x1840,0x2081,0x1881,0x1881,0x1860,0x0800,0x0820,0x28c1,0x30c1,0x28a1,0x2020,
0x2041,0x4001,0xf480,0xba80,0x4000,0x0000,0x1860,0x20a1,0x1040,0x2060,0x5080,0x5921,0x0020,0x0000,0x0020,0x0840,
0x1020,0x1041,0x18a2,0x2103,0x1904,0x0000,0x0881,0x3186,0x2965,0x0841,0x0020,0x0000,0x0000,0x0840,0x0020,0x59a2,
0x6181,0x48c0,0x1880,0x28c1,0x30a1,0x2880,0x3000,0xf480,0xffe0,0xa840,0x20a1,0x2040,0x2081,0x1000,0x0800,0x1861,
0x1040,0x1860,0x0820,0x0800,0x1040,0x1860,0x1860,0x1860,0x0800,0x1020,0x28a1,0x20a1,0x20a1,0x0800,0x0800,0x2081,
0x1840,0x2081,0x2881,0x1820,0x2060,0x3081,0x0001,0xf2a0,0xff00,0xf9a0,0x0001,0x1840,0x20a1,0x1040,0x0000,0x2060,
0x7100,0x79a1,0x0020,0x0000,0x0020,0x0841,0x0820,0x0861,0x18a2,0x20e3,0x1904,0x0000,0x0881,0x3186,0x2965,0x0041,
0x0020,0x0000,0x0000,0x0820,0x1060,0x4121,0x5120,0x50c0,0x1860,0x28a1,0x30c1,0x2860,0x1000,0xa160,0xff20,0xec20,
0x3001,0x1040,0x2061,0x1840,0x1840,0x1860,0x1020,0x1040,0x1860,0x1020,0x1860,0x1020,0x1840,0x2081,0x1040,0x1860,
0x2060,0x1861,0x2081,0x1840,0x1040,0x1881,0x1020,0x2081,0x28a1,0x1840,0x3081,0x0041,0x9000,0xdd20,0xfdc0,0x4000,
0x0040,0x1881,0x20a1,0x0820,0x0020,0x2060,0x60e0,0x28e1,0x0060,0x0000,0x0020,0x0841,0x0820,0x0841,0x18a2,0x20e3,
0x1904,0x0000,0x0861,0x3166,0x2945,0x0040,0x0020,0x0000,0x0000,0x0820,0x0840,0x5142,0x48e0,0x68c0,0x20a1,0x20a1,
0x28c1,0x2880,0x2040,0x2801,0xd280,0xb3a0,0xd180,0x0800,0x2040,0x2081,0x2081,0x1860,0x0800,0x1020,0x2081,0x1860,
0x2081,0x1000,0x1000,0x2081,0x1860,0x2081,0x2060,0x1040,0x1840,0x2081,0x2081,0x1860,0x1000,0x2881,0x28a1,0x2881,
0x28c2,0x3000,0xfda0,0xcce0,0x8800,0x0061,0x2061,0x20a2,0x1881,0x1040,0x1060,0x2860,0x5080,0x4921,0x0020,0x0000,
0x0020,0x1041,0x0820,0x1041,0x18a2,0x20e3,0x2104,0x0000,0x0861,0x2966,0x2945,0x0040,0x0020,0x0000,0x0000,0x0820,
0x0020,0x59a2,0x5961,0x38c0,0x0820,0x1840,0x28a1,0x30c1,0x2880,0x1061,0xa8a0,0xee80,0xaa40,0x4800,0x1081,0x1820,
0x1800,0x2061,0x1840,0x1861,0x1020,0x0800,0x1840,0x2080,0x2060,0x1860,0x0800,0x1820,0x28c1,0x2081,0x2081,0x1000,
0x0800,0x2081,0x28a1,0x28a1,0x1820,0x1820,0x0001,0xb040,0xd4a0,0xfac0,0x2000,0x0840,0x28c2,0x20a1,0x1860,0x0000,
0x0000,0x1040,0x5900,0x81c2,0x0000,0x0000,0x0020,0x0841,0x0820,0x0841,0x18a2,0x20e3,0x2104,0x0000,0x0861,0x2965,
0x2945,0x0040,0x0020,0x0000,0x0000,0x0820,0x1060,0x4101,0x4921,0x40c0,0x1840,0x2060,0x2060,0x20a1,0x30c1,0x30a1,
0x2801,0xd240,0xbce0,0xe320,0x2001,0x1841,0x2040,0x2060,0x1820,0x1840,0x1840,0x1020,0x1860,0x1840,0x1840,0x2060,
0x1040,0x2040,0x2081,0x2040,0x2060,0x1840,0x1840,0x28a1,0x2060,0x2060,0x2861,0x0001,0x6001,0xfe60,0xfe00,0x6000,
0x0020,0x2081,0x20a1,0x0820,0x0840,0x0820,0x0000,0x1860,0x48e0,0x3101,0x0040,0x0000,0x0020,0x0840,0x0820,0x0841,
0x1881,0x20e3,0x2104,0x0000,0x0861,0x2965,0x2124,0x0020,0x0020,0x0000,0x0000,0x0820,0x0840,0x4941,0x40e0,0x48a0,
0x28a1,0x28a1,0x2080,0x1840,0x20a1,0x30e1,0x20a1,0x3001,0xfda0,0xefa0,0xc940,0x0001,0x2881,0x2060,0x1000,0x1820,
0x2081,0x1860,0x2081,0x1820,0x1820,0x2060,0x1860,0x2081,0x1860,0x1800,0x2040,0x2081,0x28a1,0x2081,0x1800,0x2020,
0x20c1,0x4801,0xbae0,0xffa0,0xe080,0x0000,0x20a1,0x28c2,0x1040,0x0000,0x0820,0x1061,0x1060,0x2060,0x4880,0x4900,
0x0020,0x0000,0x0020,0x0840,0x0840,0x0841,0x1881,0x20e3,0x2103,0x0000,0x0861,0x2945,0x2124,0x0020,0x0020,0x0000,
0x0000,0x0820,0x0020,0x5182,0x4921,0x30a0,0x1040,0x1860,0x1840,0x1840,0x2080,0x28a1,0x28a1,0x1800,0x8061,0xdda0,
0xab80,0xb880,0x0000,0x2861,0x2040,0x2060,0x1820,0x1000,0x1840,0x2040,0x2040,0x2060,0x1000,0x1820,0x2880,0x2840,
0x2881,0x1820,0x1840,0x2881,0x2060,0x1081,0x4800,0xfc60,0xdda0,0xc0e0,0x1000,0x1081,0x1881,0x1060,0x1861,0x0820,
0x1060,0x0000,0x0000,0x0840,0x50e0,0x81a1,0x0020,0x0000,0x0020,0x0840,0x0840,0x0841,0x1081,0x18e3,0x18e4,0x0000,
0x0861,0x2945,0x2124,0x0020,0x0020,0x0000,0x0000,0x0820,0x0840,0x38e1,0x40e0,0x30a0,0x1860,0x1840,0x1840,0x1840,
0x1840,0x28a0,0x28a1,0x30c1,0x1001,0xa8a0,0xbca0,0xe600,0x9800,0x0001,0x1820,0x2040,0x2040,0x1820,0x2040,0x2020,
0x2040,0x2860,0x1020,0x1040,0x2860,0x2820,0x2860,0x2081,0x2040,0x2881,0x0020,0x3800,0xe300,0xf700,0xe300,0x2000,
0x0061,0x20a1,0x1040,0x1040,0x1040,0x0000,0x1040,0x0020,0x0000,0x1040,0x40a0,0x30e1,0x0040,0x0000,0x0020,0x0840,
0x0840,0x0841,0x1081,0x18e3,0x1904,0x0000,0x0861,0x2945,0x2124,0x0020,0x0020,0x0000,0x0000,0x0820,0x0820,0x3921,
0x38c0,0x3080,0x28c1,0x2080,0x1860,0x1020,0x1020,0x2080,0x2880,0x30c1,0x2081,0x1000,0xb0e0,0xab80,0xbbc0,0x8840,
0x2000,0x0820,0x2081,0x2040,0x2060,0x2020,0x2820,0x2860,0x1040,0x1860,0x3840,0x3020,0x2880,0x2881,0x2081,0x0801,
0x7000,0xfc80,0xab00,0xd160,0x1801,0x0081,0x1861,0x2081,0x1860,0x1881,0x0000,0x0000,0x0820,0x1061,0x1040,0x1860,
0x3880,0x4901,0x0000,0x0000,0x0020,0x0840,0x0820,0x0841,0x1081,0x20e3,0x18e3,0x0000,0x0841,0x2124,0x2104,0x0020,
0x0020,0x0000,0x0000,0x0820,0x0020,0x4962,0x4921,0x28a0,0x1860,0x1020,0x1040,0x1840,0x1840,0x1840,0x1020,0x2040,
0x28a1,0x0861,0x0801,0xc960,0xf6a0,0xac20,0xb920,0x3000,0x1000,0x1000,0x2040,0x2840,0x3040,0x3060,0x1020,0x2820,
0x3880,0x2860,0x2081,0x0800,0x2800,0x7800,0xfd40,0xd480,0xe380,0x3001,0x0081,0x2081,0x1040,0x1040,0x0000,0x0800,
0x1861,0x0820,0x1060,0x0000,0x0000,0x0840,0x48c0,0x7181,0x0000,0x0000,0x0020,0x0840,0x0820,0x0841,0x1081,0x18e3,
0x18e3,0x0000,0x0841,0x2124,0x2104,0x0020,0x0020,0x0000,0x0000,0x0820,0x0840,0x30e1,0x40e0,0x2880,0x2060,0x1020,
0x1040,0x1020,0x1040,0x1860,0x1020,0x1840,0x1840,0x1020,0x1061,0x0001,0x9040,0xb300,0xd580,0xdd20,0x9020,0x3800,
0x1000,0x1800,0x2020,0x3860,0x2040,0x4860,0x0041,0x2000,0x3000,0x8000,0xf3a0,0xd400,0xe5c0,0x60c0,0x0001,0x0061,
0x2081,0x1040,0x0820,0x1040,0x0800,0x0820,0x1040,0x0000,0x0840,0x0000,0x0000,0x1040,0x40a0,0x30c1,0x0020,0x0000,
0x0020,0x0840,0x0820,0x0841,0x1081,0x18e3,0x18e3,0x0000,0x0841,0x2104,0x1904,0x0020,0x0020,0x0000,0x0000,0x0820,
0x0820,0x3901,0x38c0,0x2880,0x28c1,0x1860,0x1860,0x0800,0x0800,0x1860,0x1860,0x2060,0x1020,0x0800,0x1020,0x1861,
0x0021,0x1001,0x8240,0xcd80,0xa280,0xabe0,0x9a00,0xb120,0x9080,0x50a0,0x2060,0x2060,0x9100,0xfaa0,0xc3a0,0xba80,
0x92a0,0x40e0,0x0001,0x0000,0x2081,0x2060,0x2081,0x0000,0x0000,0x1040,0x1040,0x1061,0x0000,0x0000,0x0000,0x1040,
0x1040,0x1060,0x3080,0x4100,0x0040,0x0000,0x0020,0x0840,0x0840,0x0841,0x1081,0x18e3,0x18e3,0x0000,0x0841,0x2104,
0x18e3,0x0020,0x0020,0x0000,0x0000,0x0020,0x0020,0x4121,0x4101,0x2080,0x1040,0x1040,0x1860,0x1840,0x1860,0x1860,
0x1020,0x1840,0x1860,0x0820,0x1040,0x1000,0x1820,0x2060,0x0001,0x0001,0x2040,0x6aa0,0x8b00,0xa3a0,0xc3c0,0x79c0,
0x1000,0xab00,0x9ae0,0x9360,0x3921,0x0821,0x0000,0x1820,0x2040,0x2060,0x1840,0x1820,0x1861,0x1861,0x1040,0x1860,
0x0820,0x1040,0x1881,0x1040,0x1861,0x1040,0x0820,0x0840,0x40c0,0x7161,0x0020,0x0000,0x0020,0x0840,0x0840,0x0841,
0x1081,0x18c3,0x18e3,0x0000,0x0041,0x2104,0x18e3,0x0020,0x0000,0x0000,0x0000,0x0020,0x0820,0x1880,0x38c0,0x2080,
0x1020,0x1020,0x1860,0x1040,0x1040,0x1860,0x1020,0x1040,0x1040,0x0000,0x0820,0x0820,0x1020,0x1040,0x1820,0x2020,
0x1820,0x2800,0x4000,0x5040,0x4840,0x20c1,0x6a01,0x3941,0x6141,0x80c0,0x5000,0x1820,0x1820,0x2040,0x1020,0x1040,
0x1840,0x1040,0x1881,0x1040,0x0820,0x1040,0x0820,0x1040,0x1040,0x0020,0x0840,0x0820,0x0000,0x0820,0x40c0,0x38e1,
0x0020,0x0000,0x0020,0x0820,0x0820,0x0841,0x1081,0x18c3,0x18e3,0x0000,0x0041,0x18e3,0x18c3,0x0020,0x0020,0x0000,
0x0000,0x0000,0x0020,0x30c1,0x30a0,0x2060,0x1860,0x1040,0x1860,0x0000,0x0800,0x1860,0x1840,0x1860,0x0000,0x0000,
0x0000,0x0840,0x1040,0x0820,0x0000,0x0800,0x1040,0x1040,0x1840,0x0800,0x7160,0xab41,0xa300,0xb320,0xa341,0x0000,
0x0000,0x1840,0x1040,0x1020,0x0000,0x0800,0x1881,0x1060,0x1881,0x0000,0x0000,0x1040,0x1040,0x1061,0x0000,0x0000,
0x0000,0x1040,0x0840,0x0840,0x3080,0x4101,0x0020,0x0000,0x0020,0x0840,0x0820,0x0841,0x1081,0x18c3,0x18c3,0x0000,
0x0841,0x18e3,0x18c3,0x0020,0x0000,0x0000,0x0000,0x0000,0x0000,0x4962,0x40e1,0x1840,0x0820,0x0000,0x1040,0x0820,
0x0840,0x1040,0x0000,0x0820,0x0840,0x0000,0x0820,0x0000,0x0000,0x0820,0x0000,0x0820,0x0000,0x0000,0x0000,0x0000,
0xc320,0x69c0,0x0000,0x0000,0x9a80,0xab41,0x0000,0x0000,0x0000,0x1040,0x0820,0x0840,0x0000,0x0000,0x0820,0x0840,
0x0020,0x0820,0x0000,0x0000,0x1040,0x0000,0x1040,0x0000,0x0000,0x0020,0x38a0,0x7182,0x0020,0x0000,0x0020,0x0820,
0x0820,0x0841,0x1061,0x18c2,0x18c3,0x0000,0x0041,0x18c3,0x18c3,0x0020,0x0000,0x0000,0x0000,0x0000,0x0000,0x20c1,
0x4921,0x2080,0x0820,0x0820,0x1040,0x1040,0x1040,0x1860,0x0820,0x0840,0x1040,0x0000,0x0840,0x0000,0x0000,0x0840,
0x0020,0x0820,0x0820,0x0000,0x0000,0x38e0,0x8a61,0x0000,0x0800,0x0000,0x2060,0xb302,0x1041,0x0000,0x0020,0x1061,
0x0820,0x1040,0x0820,0x0000,0x1041,0x0840,0x0820,0x0841,0x0000,0x0820,0x1061,0x0820,0x1040,0x0000,0x0000,0x0020,
0x50e0,0x5941,0x0000,0x0000,0x0020,0x0820,0x0820,0x0840,0x1061,0x18c2,0x18c3,0x0000,0x0040,0x18c3,0x10a2,0x0020,
0x0000,0x0000,0x0000,0x0000,0x0000,0x20a1,0x18a1,0x20a1,0x28e2,0x28e2,0x28e2,0x28e2,0x28e2,0x28e2,0x28e2,0x28e2,
0x20a2,0x1081,0x1082,0x18a2,0x18a2,0x18a2,0x18a2,0x1881,0x1881,0x1881,0x1061,0x3921,0x82a2,0x0000,0x0000,0x0000,
0x30a1,0xaae3,0x0862,0x20c2,0x28e2,0x28e2,0x2902,0x2903,0x3103,0x3123,0x2923,0x2903,0x2903,0x20e3,0x20e2,0x2903,
0x20e2,0x20e2,0x20c2,0x20c2,0x20c2,0x20c2,0x20e2,0x28e2,0x0020,0x0000,0x0020,0x0820,0x0820,0x0840,0x1061,0x18a2,
0x18c3,0x0000,0x0040,0x18c3,0x10a2,0x0020,0x0000,0x0000,0x0000,0x0000,0x0000,0x1881,0x1881,0x20a1,0x20e2,0x20e2,
0x20e2,0x28e2,0x28e2,0x28e2,0x2902,0x28e2,0x20c2,0x18a2,0x18a2,0x18c2,0x18c2,0x18a2,0x18a2,0x18a2,0x18a2,0x1881,
0x1081,0x0021,0x8a62,0x8222,0x0820,0x1860,0x7a62,0x3962,0x1082,0x20c2,0x20e2,0x2903,0x2903,0x2923,0x2923,0x3123,
0x2924,0x2923,0x2903,0x2903,0x2903,0x2903,0x2903,0x2903,0x20e3,0x20e3,0x20e3,0x20e3,0x2103,0x2903,0x0020,0x0000,
0x0020,0x0820,0x0820,0x0840,0x1061,0x18a2,0x18c3,0x0000,0x0040,0x10a2,0x10a2,0x0020,0x0000,0x0000,0x0000,0x0000,
0x0000,0x1061,0x1061,0x1881,0x20c2,0x20c2,0x20c2,0x28e2,0x28e2,0x28e2,0x2902,0x28e2,0x20c2,0x18a2,0x18a2,0x18c2,
0x18c2,0x18a2,0x18a2,0x18a2,0x18a2,0x1881,0x1881,0x1081,0x0021,0x4961,0x69a1,0x5981,0x20e1,0x1081,0x20c2,0x20e2,
0x28e2,0x2903,0x2903,0x2923,0x3123,0x3143,0x3144,0x3144,0x3123,0x2923,0x2923,0x2923,0x2923,0x2903,0x2903,0x2903,
0x2903,0x2903,0x2923,0x2923,0x0000,0x0000,0x0000,0x0020,0x0020,0x0820,0x0841,0x18a2,0x18c3,0x0000,0x0040,0x10a2,
0x1082,0x0840,0x0020,0x0000,0x0020,0x0840,0x1040,0x1881,0x0841,0x1881,0x20a2,0x1882,0x20c2,0x28e2,0x3102,0x3122,
0x3102,0x3102,0x20c2,0x20a2,0x20c2,0x20c2,0x20c2,0x20c2,0x20a1,0x20a1,0x20a2,0x18a1,0x18a1,0x18a1,0x1881,0x0861,
0x0040,0x0841,0x20a1,0x28e2,0x28e2,0x3102,0x3102,0x3923,0x3943,0x3943,0x3923,0x4164,0x4164,0x3964,0x4184,0x4184,
0x4183,0x4184,0x3943,0x3943,0x3943,0x3943,0x3123,0x2923,0x2923,0x3123,0x0021,0x1061,0x1881,0x2081,0x1881,0x18a1,
0x1881,0x10a2,0x18c2,0x0000,0x0040,0x1082,0x1082,0x0840,0x0820,0x0820,0x0820,0x1860,0x1860,0x0860,0x7262,0x72a3,
0x72a4,0x7283,0x7263,0x2880,0x28a0,0x20a0,0x2080,0x1860,0x1860,0x1860,0x1860,0x1040,0x1881,0x4121,0x4921,0x28a1,
0x1040,0x0840,0x0840,0x1040,0x1040,0x0840,0x0820,0x0820,0x1040,0x1040,0x1040,0x1060,0x1040,0x1881,0x1860,0x1060,
0x0840,0x1881,0x1080,0x1881,0x20a1,0x20a1,0x30c1,0x4122,0x28c1,0x20a1,0x1060,0x1840,0x8285,0x61c3,0x69c3,0x7a24,
0x3123,0x28c2,0x3102,0x30e2,0x3123,0x28c2,0x18a2,0x10a2,0x10a2,0x0000,0x0020,0x1082,0x0881,0x0020,0x0000,0x0000,
0x0000,0x0000,0x0000,0x18a1,0x69e1,0x6243,0x62a4,0x7325,0x4142,0x0000,0x0000,0x0000,0x0000,0x0000,0x0000,0x0000,
0x0000,0x0000,0x0000,0x0000,0x0000,0x0000,0x0000,0x0000,0x0000,0x0000,0x0000,0x0000,0x0000,0x0000,0x0000,0x0000,
0x0000,0x0000,0x0000,0x0000,0x0000,0x0000,0x0000,0x0000,0x0000,0x0000,0x0000,0x0000,0x0020,0x0000,0x0820,0x0820,
0x0800,0x0000,0x18a2,0x8a64,0x61c3,0x5182,0x51e3,0x0000,0x0020,0x0020,0x0821,0x0841,0x0840,0x1082,0x10a2,0x0000,
0x0020,0x1082,0x0881,0x0020,0x0000,0x0000,0x0000,0x0000,0x0000,0x59e2,0x59c1,0x59e1,0x6264,0x72c6,0x0000,0x0000,
0x0800,0x0800,0x0820,0x0000,0x0000,0x0000,0x0000,0x0000,0x0000,0x0000,0x0000,0x0000,0x0000,0x0000,0x0000,0x0000,
0x0000,0x0000,0x0000,0x0000,0x0000,0x0000,0x0000,0x0000,0x0000,0x0000,0x0000,0x0000,0x0000,0x0020,0x0020,0x0000,
0x0000,0x0820,0x0820,0x0840,0x0840,0x0840,0x1020,0x0000,0x0000,0x7a43,0x5983,0x4142,0x6a23,0x0000,0x0020,0x0841,
0x0841,0x1061,0x0820,0x1061,0x10a2,0x0000,0x0020,0x0882,0x0861,0x0000,0x0000,0x0000,0x0000,0x0000,0x0000,0x3161,
0x6222,0x59e2,0x6aa4,0x38e2,0x0000,0x0800,0x0800,0x0800,0x0820,0x0000,0x0000,0x0000,0x0000,0x0000,0x0000,0x0000,
0x0000,0x0000,0x0000,0x0000,0x0000,0x0000,0x0000,0x0000,0x0000,0x0000,0x0000,0x0000,0x0000,0x0000,0x0000,0x0000,
0x0000,0x0000,0x0000,0x0020,0x0020,0x0000,0x0000,0x0820,0x0820,0x0840,0x1040,0x1040,0x0820,0x0000,0x0000,0x0000,
0x4101,0x8a63,0x0861,0x0000,0x0020,0x0841,0x1041,0x0861,0x0840,0x1081,0x10a2,0x0000,0x0020,0x0862,0x0861,0x0000,
0x0000,0x0000,0x0000,0x0000,0x0000,0x0020,0x51c2,0x3982,0x2081,0x0000,0x0000,0x0800,0x0000,0x0000,0x0000,0x0000,
0x0000,0x0000,0x0000,0x0000,0x0000,0x0000,0x0000,0x0000,0x0000,0x0000,0x0000,0x0000,0x0000,0x0000,0x0000,0x0000,
0x0000,0x0000,0x0000,0x0000,0x0000,0x0000,0x0000,0x0000,0x0020,0x0020,0x0020,0x0000,0x0000,0x0820,0x0820,0x0840,
0x1040,0x0820,0x0000,0x0820,0x0000,0x0000,0x0000,0x0020,0x0000,0x0000,0x0020,0x0841,0x1041,0x0861,0x0841,0x1081,
0x10a2,0x0000,0x0000,0x0861,0x0861,0x0000,0x0000,0x0000,0x0000,0x0000,0x0000,0x0000,0x0000,0x0000,0x0000,0x0000,
0x0000,0x0000,0x0000,0x0000,0x0800,0x0000,0x0000,0x0000,0x0000,0x0000,0x0000,0x0000,0x0000,0x0000,0x0000,0x0000,
0x0000,0x0000,0x0000,0x0000,0x0000,0x0000,0x0000,0x0000,0x0000,0x0000,0x0000,0x0000,0x0000,0x0000,0x0020,0x0020,
0x0020,0x0000,0x0000,0x0820,0x0820,0x0840,0x0840,0x0020,0x0000,0x0820,0x0000,0x0000,0x0000,0x0820,0x0020,0x0000,
0x0020,0x0841,0x1041,0x0861,0x0841,0x1081,0x1082,0x0000,0x0000,0x0861,0x0861,0x0000,0x0000,0x0000,0x0000,0x0000,
0x0000,0x0000,0x0000,0x0000,0x0800,0x0800,0x0000,0x0000,0x0000,0x0000,0x0000,0x0000,0x0000,0x0000,0x0000,0x0000,
0x0000,0x0000,0x0000,0x0000,0x0000,0x0000,0x0000,0x0000,0x0000,0x0000,0x0000,0x0000,0x0000,0x0000,0x0000,0x0000,
0x0000,0x0000,0x0000,0x0000,0x0000,0x0020,0x0020,0x0000,0x0000,0x0820,0x0820,0x0840,0x0820,0x0000,0x0820,0x0820,
0x0000,0x0000,0x0000,0x0820,0x0020,0x0000,0x0020,0x0841,0x0841,0x0841,0x0840,0x1061,0x1082,0x0000,0x0000,0x0861,
0x0841,0x0000,0x0000,0x0000,0x0000,0x0000,0x0000,0x0000,0x0000,0x0000,0x0000,0x0000,0x0000,0x0000,0x0000,0x0000,
0x0000,0x0000,0x0000,0x0000,0x0000,0x0000,0x0000,0x0000,0x0000,0x0000,0x0000,0x0000,0x0000,0x0000,0x0000,0x0000,
0x0000,0x0000,0x0000,0x0000,0x0000,0x0000,0x0000,0x0000,0x0000,0x0000,0x0000,0x0020,0x0020,0x0000,0x0000,0x0820,
0x0820,0x0820,0x0000,0x0820,0x1020,0x0820,0x0000,0x0000,0x0000,0x0020,0x0020,0x0000,0x0000,0x0841,0x1041,0x0841,
0x0840,0x0861,0x1082,0x0000,0x0000,0x0841,0x0841,0x0000,0x0000,0x0000,0x0000,0x0000,0x0800,0x0000,0x0000,0x0000,
0x0000,0x0000,0x0000,0x0000,0x0000,0x0000,0x0000,0x0000,0x0000,0x0000,0x0000,0x0000,0x0000,0x0000,0x0000,0x0000,
0x0000,0x0000,0x0000,0x0000,0x0000,0x0000,0x0000,0x0000,0x0000,0x0000,0x0000,0x0000,0x0000,0x0000,0x0000,0x0000,
0x0000,0x0020,0x0020,0x0000,0x0000,0x0020,0x0000,0x0000,0x0820,0x0820,0x0820,0x0820,0x0000,0x0000,0x0000,0x0020,
0x0020,0x0000,0x0000,0x0841,0x0841,0x0841,0x0820,0x0861,0x1082,0x0000,0x0000,0x0841,0x0041,0x0000,0x0000,0x0000,
0x0000,0x0000,0x0000,0x0000,0x0000,0x0000,0x0000,0x0000,0x0000,0x0000,0x0000,0x0000,0x0000,0x0000,0x0000,0x0000,
0x0000,0x0000,0x0000,0x0000,0x0000,0x0000,0x0000,0x0000,0x0000,0x0000,0x0000,0x0000,0x0000,0x0000,0x0000,0x0000,
0x0000,0x0000,0x0000,0x0000,0x0000,0x0000,0x0000,0x0000,0x0000,0x0000,0x0000,0x0000,0x0000,0x0820,0x0840,0x0820,
0x0820,0x0820,0x0000,0x0000,0x0000,0x0020,0x0000,0x0000,0x0000,0x0840,0x0841,0x0841,0x0820,0x0861,0x1082,0x0000,
0x0000,0x0041,0x0040,0x0000,0x0000,0x0000,0x0000,0x0000,0x0000,0x0000,0x0000,0x0000,0x0000,0x0000,0x0000,0x0000,
0x0000,0x0000,0x0000,0x0000,0x0000,0x0000,0x0000,0x0000,0x0000,0x0000,0x0000,0x0000,0x0000,0x0000,0x0000,0x0000,
0x0000,0x0000,0x0000,0x0000,0x0000,0x0000,0x0000,0x0000,0x0000,0x0000,0x0000,0x0000,0x0000,0x0000,0x0000,0x0000,
0x0000,0x0020,0x0820,0x0820,0x0820,0x0820,0x0820,0x0820,0x0000,0x0000,0x0000,0x0020,0x0000,0x0000,0x0000,0x0840,
0x0840,0x0841,0x0820,0x0861,0x1082,0x0000,0x0000,0x0041,0x0040,0x0000,0x0000,0x0000,0x0000,0x0000,0x0000,0x0000,
0x0000,0x0000,0x0000,0x0000,0x0000,0x0000,0x0000,0x0000,0x0000,0x0000,0x0000,0x0000,0x0000,0x0000,0x0000,0x0000,
0x0000,0x0000,0x0000,0x0000,0x0000,0x0000,0x0000,0x0000,0x0000,0x0000,0x0000,0x0000,0x0000,0x0000,0x0000,0x0000,
0x0000,0x0000,0x0000,0x0000,0x0020,0x0000,0x0000,0x0020,0x0820,0x0820,0x0820,0x0820,0x0820,0x0820,0x0000,0x0000,
0x0000,0x0000,0x0000,0x0000,0x0000,0x0840,0x0840,0x0840,0x0020,0x0841,0x0861,0x0000,0x0000,0x0040,0x0020,0x0000,
0x0000,0x0000,0x0000,0x0000,0x0000,0x0000,0x0000,0x0000,0x0000,0x0000,0x0000,0x0000,0x0000,0x0000,0x0000,0x0000,
0x0000,0x0000,0x0000,0x0000,0x0000,0x0000,0x0000,0x0000,0x0000,0x0000,0x0000,0x0000,0x0000,0x0000,0x0000,0x0000,
0x0000,0x0000,0x0000,0x0000,0x0000,0x0000,0x0000,0x0000,0x0000,0x0000,0x0000,0x0000,0x0000,0x0000,0x0000,0x0820,
0x0820,0x0820,0x0820,0x0820,0x0000,0x0000,0x0000,0x0000,0x0000,0x0000,0x0000,0x0820,0x0840,0x0840,0x0020,0x0841,
0x0861,0x0000,0x0000,0x0020,0x0020,0x0000,0x0000,0x0000,0x0000,0x0000,0x0000,0x0000,0x0000,0x0000,0x0000,0x0000,
0x0000,0x0000,0x0000,0x0000,0x0000,0x0000,0x0000,0x0000,0x0000,0x0000,0x0000,0x0000,0x0000,0x0000,0x0000,0x0000,
0x0000,0x0000,0x0000,0x0000,0x0000,0x0000,0x0000,0x0000,0x0000,0x0000,0x0000,0x0000,0x0000,0x0000,0x0000,0x0000,
0x0000,0x0000,0x0000,0x0000,0x0000,0x0000,0x0000,0x0000,0x0820,0x0800,0x0000,0x0000,0x0000,0x0000,0x0000,0x0000,
0x0000,0x0820,0x0840,0x0820,0x0020,0x0841,0x0861,0x0000,0x0000,0x0020,0x0020,0x0000,0x0000,0x0000,0x0000,0x0000,
0x0000,0x0000,0x0000,0x0000,0x0000,0x0000,0x0000,0x0000,0x0000,0x0000,0x0000,0x0000,0x0000,0x0000,0x0000,0x0000,
0x0000,0x0000,0x0000,0x0000,0x0000,0x0000,0x0000,0x0000,0x0000,0x0000,0x0000,0x0800,0x0000,0x0000,0x0000,0x0000,
0x0000,0x0000,0x0000,0x0000,0x0000,0x0000,0x0000,0x0000,0x0000,0x0000,0x0000,0x0000,0x0000,0x0000,0x0000,0x0000,
0x0000,0x0000,0x0000,0x0000,0x0000,0x0000,0x0000,0x0020,0x0020,0x0020,0x0000,0x0820,0x0861,0x0000,0x0000,0x0020,
0x0020,0x0000,0x0000,0x0000,0x0000,0x0000,0x0000,0x0000,0x0000,0x0000,0x0000,0x0000,0x0000,0x0000,0x0000,0x0000,
0x0000,0x0000,0x0000,0x0000,0x0000,0x0000,0x0000,0x0000,0x0000,0x0000,0x0000,0x0000,0x0000,0x0000,0x0000,0x0800,
0x0000,0x0000,0x0000,0x0000,0x0000,0x0000,0x0000,0x0000,0x0000,0x0000,0x0000,0x0000,0x0000,0x0000,0x0000,0x0000,
0x0000,0x0000,0x0000,0x0000,0x0000,0x0000,0x0000,0x0000,0x0000,0x0000,0x0000,0x0000,0x0000,0x0000,0x0000,0x0000,
0x0000,0x0000,0x0000,0x0000,};

const uint16_t N10[9380]={
0x0000,0x0000,0x0000,0x0000,0x0000,0x0000,0x0000,0x0000,0x0000,0x0000,0x0000,0x0000,0x0000,0x0000,0x0000,0x0000,
0x0000,0x0000,0x0000,0x0000,0x0000,0x0000,0x0000,0x0000,0x0000,0x0000,0x0000,0x0000,0x0000,0x0000,0x0000,0x0000,
0x0000,0x2103,0x49e6,0x0862,0x0000,0x0000,0x0000,0x0000,0x0000,0x0000,0x0000,0x0000,0x0000,0x0000,0x0000,0x0000,
0x0000,0x0000,0x0000,0x0000,0x0000,0x0000,0x0000,0x0000,0x0000,0x0000,0x0000,0x0000,0x0000,0x0000,0x0000,0x0000,
0x0000,0x0000,0x0000,0x0000,0x0000,0x0000,0x0000,0x0000,0x0000,0x0000,0x0000,0x0000,0x0000,0x0000,0x0000,0x0000,
0x0000,0x0000,0x0000,0x0000,0x0000,0x0000,0x0000,0x0000,0x0000,0x0000,0x0000,0x0000,0x0000,0x0000,0x0000,0x0000,
0x0000,0x0000,0x0000,0x0000,0x0000,0x0000,0x10a2,0x41a6,0x3103,0x7b8d,0x0041,0x0000,0x0000,0x0000,0x0000,0x0000,
0x0000,0x0000,0x0000,0x0000,0x0000,0x0000,0x0000,0x0000,0x0000,0x0000,0x0000,0x0000,0x0000,0x0000,0x0000,0x0000,
0x0000,0x0000,0x0000,0x0000,0x0000,0x0000,0x0000,0x0000,0x0000,0x0000,0x0000,0x0000,0x0000,0x0000,0x0000,0x0000,
0x0000,0x0000,0x0000,0x0000,0x0000,0x0000,0x0000,0x0000,0x0000,0x0000,0x0000,0x0000,0x0000,0x0000,0x0000,0x0000,
0x0000,0x0000,0x0000,0x0000,0x0000,0x0000,0x0000,0x0000,0x0000,0x0000,0x0000,0x0000,0x2104,0x39a6,0x1061,0x528a,
0x0861,0x0000,0x0000,0x0000,0x0000,0x0000,0x0000,0x0000,0x0000,0x0000,0x0000,0x0000,0x0000,0x0000,0x0000,0x0000,
0x0000,0x0000,0x0000,0x0000,0x0000,0x0000,0x0000,0x0000,0x0000,0x0000,0x0000,0x0000,0x0000,0x0000,0x0000,0x0000,
0x0000,0x0000,0x0000,0x0000,0x0000,0x0000,0x0000,0x0000,0x0000,0x0000,0x0000,0x0000,0x0000,0x0000,0x0000,0x0000,
0x0000,0x0000,0x0000,0x0000,0x0000,0x0000,0x0000,0x0000,0x0000,0x0000,0x0000,0x0000,0x0000,0x0000,0x0000,0x0000,
0x0000,0x0000,0x0882,0x39c6,0x20c1,0x6b0c,0x0000,0x0000,0x0000,0x0000,0x0000,0x0000,0x0000,0x0000,0x0000,0x0000,
0x0000,0x0000,0x0000,0x0000,0x0000,0x0000,0x0000,0x0000,0x0000,0x0000,0x0000,0x0000,0x0000,0x0000,0x0000,0x0000,
0x0000,0x0000,0x0000,0x0000,0x0000,0x0000,0x0000,0x0000,0x0000,0x0000,0x0000,0x0000,0x0000,0x0000,0x0000,0x0000,
0x0000,0x0000,0x0000,0x0000,0x0000,0x0000,0x0000,0x0000,0x0000,0x0000,0x0000,0x0000,0x0000,0x0000,0x0000,0x0000,
0x0000,0x0000,0x0000,0x0000,0x0000,0x0000,0x0000,0x0000,0x10a2,0x3164,0x20a1,0x62eb,0x0000,0x0000,0x0000,0x0000,
0x0000,0x0000,0x0000,0x0000,0x0000,0x0000,0x0000,0x0000,0x0000,0x0000,0x0000,0x0000,0x0000,0x0000,0x0000,0x0000,
0x0000,0x0000,0x0000,0x0000,0x0000,0x0000,0x0000,0x0000,0x0000,0x0000,0x0000,0x0000,0x0000,0x0000,0x0000,0x0000,
0x0000,0x0000,0x0000,0x0000,0x0000,0x0000,0x0000,0x0000,0x0000,0x0000,0x0000,0x0000,0x0000,0x0000,0x0000,0x0000,
0x0000,0x0000,0x0000,0x0000,0x0000,0x0000,0x0000,0x0000,0x0000,0x0000,0x0000,0x0000,0x0000,0x0000,0x10c3,0x20e3,
0x1040,0x5269,0x10a2,0x0000,0x0000,0x0000,0x0000,0x0000,0x0000,0x0000,0x0000,0x0000,0x0000,0x0000,0x0000,0x0000,
0x0000,0x0000,0x0000,0x0000,0x0000,0x0000,0x0000,0x0000,0x0000,0x0000,0x0000,0x0000,0x0000,0x0000,0x0000,0x0000,
0x0000,0x0000,0x0000,0x0000,0x0000,0x0000,0x0000,0x0000,0x0000,0x0000,0x0000,0x0000,0x0000,0x0000,0x0000,0x0000,
0x0000,0x0000,0x0000,0x0000,0x0000,0x0000,0x0000,0x0000,0x0000,0x0000,0x0000,0x0000,0x0000,0x0000,0x0000,0x0000,
0x0000,0x0000,0x0000,0x0000,0x41c6,0x49a4,0x3963,0x5aaa,0x2924,0x0000,0x0000,0x0000,0x0000,0x0000,0x0000,0x0000,
0x0000,0x0000,0x0000,0x0000,0x0000,0x0000,0x0000,0x0000,0x0000,0x0000,0x0000,0x0000,0x0000,0x0000,0x0000,0x0000,
0x0000,0x0000,0x0000,0x0000,0x0000,0x0000,0x0000,0x0000,0x0000,0x0000,0x0000,0x0000,0x0000,0x0000,0x0000,0x0000,
0x0000,0x0000,0x0000,0x0000,0x0000,0x0000,0x0000,0x0000,0x0000,0x0000,0x0000,0x0000,0x0000,0x0000,0x0000,0x0000,
0x0000,0x0000,0x0000,0x0000,0x0000,0x0000,0x0000,0x0000,0x0000,0x0000,0x3102,0x5183,0x4163,0x38e1,0x28e2,0x0000,
0x0000,0x0000,0x0000,0x0000,0x0000,0x0000,0x0000,0x0000,0x0000,0x0000,0x0000,0x0000,0x0000,0x0000,0x0000,0x0000,
0x0000,0x0000,0x0000,0x0000,0x0000,0x0000,0x0000,0x0000,0x0000,0x0000,0x0000,0x0000,0x0000,0x0000,0x0000,0x0000,
0x0000,0x0000,0x0000,0x0000,0x0000,0x0000,0x0000,0x0000,0x0000,0x0000,0x0000,0x0000,0x0000,0x0000,0x0000,0x0000,
0x0000,0x0000,0x0000,0x0000,0x0000,0x0000,0x0000,0x0000,0x0000,0x0000,0x0000,0x0000,0x0000,0x0000,0x0000,0x4248,
0x3163,0x0820,0x20c1,0x0820,0x1861,0xb553,0x1081,0x0000,0x0000,0x0000,0x0000,0x0000,0x0000,0x0000,0x0000,0x0000,
0x0000,0x0000,0x0000,0x0000,0x0000,0x0000,0x0000,0x0000,0x0000,0x0000,0x0000,0x0000,0x0000,0x0000,0x0000,0x0000,
0x0000,0x0000,0x0000,0x0000,0x0000,0x0000,0x0000,0x0000,0x0000,0x0000,0x0000,0x0000,0x0000,0x0000,0x0000,0x0000,
0x0000,0x0000,0x0000,0x0000,0x0000,0x0000,0x0000,0x0000,0x0000,0x0000,0x0000,0x0000,0x0000,0x0000,0x0000,0x0000,
0x0000,0x0000,0x0000,0x0000,0x52ec,0xbc70,0x9349,0x72e7,0x5a46,0x3922,0x5a67,0x7b8d,0x2965,0x0000,0x0000,0x0000,
0x0000,0x0000,0x0000,0x0000,0x0000,0x0000,0x0000,0x0000,0x0000,0x0000,0x0000,0x0000,0x0000,0x0000,0x0000,0x0000,
0x0000,0x0000,0x0000,0x0000,0x0000,0x0000,0x0000,0x0000,0x0000,0x0000,0x0000,0x0000,0x0000,0x0000,0x0000,0x0000,
0x0000,0x0000,0x0000,0x0000,0x0000,0x0000,0x0000,0x0000,0x0000,0x0000,0x0000,0x0000,0x0000,0x0000,0x0000,0x0000,
0x0000,0x0000,0x0000,0x0000,0x0000,0x0000,0x0000,0x0000,0x0000,0x5aaa,0x9cd3,0x2020,0x61e4,0xcd10,0xcd4e,0xb42b,
0x9369,0x1000,0x4a08,0x2144,0x0000,0x0000,0x0000,0x0000,0x0000,0x0000,0x0000,0x0000,0x0000,0x0000,0x0000,0x0000,
0x0000,0x0000,0x0000,0x0000,0x0000,0x0000,0x0000,0x0000,0x0000,0x0000,0x0000,0x0000,0x0000,0x0000,0x0000,0x0000,
0x0000,0x0000,0x0000,0x0000,0x0000,0x0000,0x0000,0x0000,0x0000,0x0000,0x0000,0x0000,0x0000,0x0000,0x0000,0x0000,
0x0000,0x0000,0x0000,0x0000,0x0000,0x0000,0x0000,0x0000,0x0000,0x0000,0x0000,0x0000,0x0000,0x0020,0x6b2c,0x4a08,
0x0000,0x1860,0x0000,0x0000,0x1000,0x1062,0x0000,0x0840,0x0820,0x3985,0x10a2,0x0000,0x0000,0x0000,0x0000,0x0000,
0x0000,0x0000,0x0000,0x0000,0x0000,0x0000,0x0000,0x0000,0x0000,0x0000,0x0000,0x0000,0x0000,0x0000,0x0000,0x0000,
0x0000,0x0000,0x0000,0x0000,0x0000,0x0000,0x0000,0x0000,0x0000,0x0000,0x0000,0x0000,0x0000,0x0000,0x0000,0x0000,
0x0000,0x0000,0x0000,0x0000,0x0000,0x0000,0x0000,0x0000,0x0000,0x0000,0x0000,0x0000,0x0000,0x0000,0x0000,0x0000,
0x0000,0x0000,0x0000,0x0820,0x0840,0x0000,0x1061,0x1061,0x1060,0x20c2,0x28c2,0x20e2,0x1081,0x0840,0x0861,0x0000,
0x0000,0x0000,0x0000,0x10a2,0x18e3,0x0000,0x0000,0x0000,0x0000,0x0000,0x0000,0x0000,0x0000,0x0000,0x0000,0x0000,
0x0000,0x0000,0x0000,0x0000,0x0000,0x0000,0x0000,0x0000,0x0000,0x0000,0x0000,0x0000,0x0000,0x0000,0x0000,0x0000,
0x0000,0x0000,0x0000,0x0000,0x0000,0x0000,0x0000,0x0000,0x0000,0x0000,0x0000,0x0000,0x0000,0x0000,0x0000,0x0000,
0x0000,0x0000,0x0000,0x0000,0x0000,0x0000,0x0000,0x0000,0x0800,0x0000,0x0800,0x0820,0x1061,0x1881,0x28c2,0x3963,
0x3102,0x3985,0x28e2,0x1081,0x0840,0x0000,0x0800,0x0000,0x0000,0x0840,0x0841,0x0000,0x0000,0x0000,0x0000,0x0000,
0x0000,0x0000,0x0000,0x0000,0x0000,0x0000,0x0000,0x0000,0x0000,0x0000,0x0000,0x0000,0x0000,0x0000,0x0000,0x0000,
0x0000,0x0000,0x0000,0x0000,0x0000,0x0000,0x0000,0x0000,0x0000,0x0000,0x0000,0x0000,0x0000,0x0000,0x0000,0x0000,
0x0000,0x0000,0x0000,0x0000,0x0000,0x0000,0x0000,0x0000,0x0820,0x0840,0x0820,0x0820,0x0800,0x0000,0x0000,0x0000,
0x0000,0x0000,0x0000,0x0000,0x0861,0x49e5,0x3943,0x736d,0x0000,0x0000,0x0800,0x0800,0x0000,0x0000,0x0000,0x0000,
0x0000,0x0000,0x0000,0x0000,0x0000,0x0000,0x0000,0x0000,0x0000,0x0000,0x0000,0x0000,0x0000,0x0000,0x0000,0x0000,
0x0000,0x0000,0x0000,0x0000,0x0000,0x0000,0x0000,0x0000,0x0000,0x0000,0x0000,0x0000,0x0000,0x0000,0x0000,0x0000,
0x0000,0x0000,0x0000,0x0000,0x0000,0x0000,0x0000,0x0000,0x0000,0x0000,0x0000,0x0000,0x0000,0x0000,0x0820,0x1040,
0x0820,0x0820,0x0000,0x0000,0x0000,0x0000,0x0000,0x0000,0x0000,0x0000,0x10a2,0x2903,0x20a1,0x630b,0x0000,0x0000,
0x0000,0x0000,0x0000,0x0800,0x0800,0x0800,0x0800,0x0800,0x0800,0x0000,0x0000,0x0000,0x0800,0x0800,0x0800,0x0000,
0x0000,0x0000,0x0000,0x0000,0x0000,0x0000,0x0000,0x0000,0x0000,0x0000,0x0000,0x0000,0x0000,0x0000,0x0000,0x0000,
0x0000,0x0000,0x0000,0x0000,0x0000,0x0000,0x0000,0x0000,0x0000,0x0000,0x0000,0x0000,0x0000,0x0000,0x0000,0x0020,
0x0820,0x0840,0x0841,0x1061,0x1041,0x1040,0x0840,0x0840,0x1061,0x1061,0x1061,0x1081,0x1081,0x1061,0x1061,0x1060,
0x20e2,0x6246,0x5227,0x6aea,0x0000,0x1040,0x0840,0x0840,0x0820,0x0820,0x0020,0x0800,0x0800,0x0800,0x0800,0x0000,
0x0000,0x0000,0x0800,0x0000,0x0000,0x0000,0x0000,0x0000,0x0000,0x0000,0x0000,0x0000,0x0000,0x0000,0x0000,0x0000,
0x0000,0x0000,0x0000,0x0000,0x0000,0x0000,0x0000,0x0000,0x0000,0x0000,0x0000,0x0000,0x0000,0x0000,0x0000,0x0000,
0x0000,0x0020,0x0861,0x1082,0x1082,0x1081,0x1061,0x1061,0x1061,0x1061,0x1081,0x1061,0x1061,0x1061,0x0841,0x0841,
0x0840,0x0820,0x0820,0x0020,0x0020,0x0020,0x0020,0x0840,0x1061,0x0840,0x0000,0x0820,0x0820,0x0840,0x1040,0x1040,
0x1040,0x1040,0x1060,0x1061,0x1040,0x1040,0x0840,0x0840,0x0840,0x0840,0x0820,0x0020,0x0000,0x0000,0x0000,0x0000,
0x0000,0x0000,0x0000,0x0000,0x0000,0x0000,0x0000,0x0000,0x0000,0x0000,0x0000,0x0000,0x0000,0x0000,0x0000,0x0000,
0x0000,0x0000,0x0861,0x18c3,0x0820,0x0881,0x1082,0x0000,0x0000,0x0000,0x1061,0x2944,0x3186,0x2966,0x2986,0x2945,
0x3164,0x3184,0x3164,0x4184,0x49c5,0x51e5,0x51e5,0x51e5,0x49c5,0x5205,0x51c5,0x51e5,0x6a46,0x7286,0x5a26,0x5a26,
0x49c5,0x3964,0x3143,0x20e2,0x18c2,0x18a1,0x18a1,0x10a1,0x0841,0x0840,0x0820,0x0840,0x1040,0x1040,0x1040,0x1040,
0x1040,0x1040,0x0840,0x1040,0x0840,0x0820,0x0020,0x0000,0x0000,0x0841,0x4a69,0x2124,0x0000,0x0000,0x0000,0x0000,
0x0000,0x0000,0x0000,0x0000,0x0000,0x0000,0x0000,0x10c2,0x2965,0x31c7,0x0000,0x0000,0x0020,0x4208,0x8451,0xb575,
0x9c91,0x73af,0x630c,0x62ca,0x6aca,0x6aa9,0x6a88,0x6267,0x5a06,0x51e5,0x49c5,0x49a4,0x3963,0x3123,0x3102,0x2902,
0x3102,0x3943,0x3943,0x3102,0x28c2,0x28e2,0x3923,0x3943,0x4184,0x4984,0x4184,0x4164,0x4184,0x5a06,0x5206,0x49a4,
0x3964,0x2903,0x20c2,0x1081,0x1081,0x1081,0x1882,0x1881,0x1081,0x1061,0x0840,0x0840,0x0840,0x0820,0x0020,0x1081,
0x5acb,0x5aeb,0x4a69,0x0000,0x0000,0x0000,0x0000,0x0000,0x0000,0x0000,0x0000,0x0000,0x1903,0x2125,0x0841,0x0000,
0x52aa,0xa534,0x8c51,0x73f0,0x52ab,0x3186,0x3923,0x3102,0x3942,0x3922,0x3101,0x3102,0x3942,0x4983,0x59c4,0x59c4,
0x59e4,0x4143,0x3922,0x3102,0x3102,0x3102,0x3102,0x4163,0x49a4,0x3943,0x3102,0x3102,0x3122,0x3943,0x3963,0x3963,
0x3943,0x3943,0x3923,0x3943,0x3943,0x3943,0x3943,0x3943,0x4163,0x4163,0x4984,0x4184,0x20e3,0x18c2,0x18c2,0x20e2,
0x20e2,0x20e2,0x20e3,0x18c2,0x1081,0x18c3,0x1082,0x18c3,0x4208,0x4228,0x0000,0x0000,0x0000,0x0000,0x0000,0x0000,
0x0000,0x2104,0x18c3,0x0000,0x5aeb,0x9cd3,0xad75,0x528a,0x0041,0x0800,0x4142,0x4183,0x3942,0x3102,0x3942,0x4142,
0x4142,0x4983,0x61e3,0x7aa5,0x7203,0x3902,0x3942,0x4142,0x3922,0x3122,0x3102,0x3102,0x30e2,0x4163,0x49a4,0x3923,
0x3102,0x3122,0x3943,0x3943,0x4163,0x4983,0x4984,0x49a4,0x49a4,0x4984,0x49a4,0x51a4,0x51c4,0x49a4,0x4163,0x3943,
0x3143,0x49a4,0x6a04,0x61e4,0x3943,0x10a1,0x1881,0x18a2,0x20c2,0x20c2,0x20e3,0x2944,0x2104,0x1081,0x0841,0x2945,
0x3186,0x0000,0x0000,0x0000,0x0000,0x0000,0x18e3,0x10a2,0x0020,0x94b2,0x9cf3,0x39c7,0x0000,0x0000,0x20e2,0x3102,
0x3122,0x4962,0x4983,0x4962,0x3922,0x4142,0x51a3,0x7264,0x5162,0x38e1,0x30e1,0x3102,0x3922,0x3942,0x4143,0x4163,
0x4142,0x3102,0x28c2,0x20a1,0x20c2,0x28c2,0x28c2,0x3102,0x3922,0x3943,0x3943,0x4163,0x4163,0x4163,0x4163,0x4163,
0x4963,0x4963,0x4983,0x49a3,0x51a4,0x51c4,0x6204,0x6a25,0x59e4,0x4163,0x4163,0x3943,0x20c2,0x0841,0x1061,0x1081,
0x1061,0x1081,0x20e3,0x2965,0x18c3,0x0020,0x18c3,0x1082,0x0000,0x0000,0x0000,0x0841,0x10a2,0x2124,0x94b2,0x8c71,
0x0020,0x0820,0x0861,0x18a1,0x20a1,0x3102,0x4142,0x4142,0x3901,0x20a1,0x5183,0x61e3,0x5182,0x3901,0x28c1,0x28e1,
0x30e1,0x30e1,0x28e1,0x28e1,0x28e1,0x28a1,0x1881,0x1041,0x0840,0x0020,0x0020,0x0840,0x0840,0x1061,0x20a1,0x28e2,
0x3102,0x3922,0x3922,0x3922,0x3942,0x3943,0x4143,0x4143,0x4143,0x4143,0x4143,0x3942,0x3922,0x4163,0x59a3,0x59a4,
0x4983,0x3123,0x28e2,0x28e2,0x1061,0x1041,0x1061,0x1061,0x1061,0x18c2,0x2965,0x18e3,0x0020,0x1082,0x0020,0x0000,
0x0000,0x0881,0x2104,0x8c51,0x8c71,0x0000,0x18a1,0x0861,0x1081,0x1881,0x30e2,0x30e1,0x28e1,0x1881,0x1081,0x6244,
0x6a23,0x20a1,0x28c1,0x20a1,0x20a1,0x20a1,0x20a1,0x20a1,0x20a1,0x1881,0x0840,0x0820,0x0000,0x0000,0x0000,0x0000,
0x0000,0x0000,0x0000,0x0020,0x0020,0x0840,0x0860,0x20c1,0x28e2,0x28e2,0x28e2,0x3102,0x3102,0x3102,0x3102,0x3102,
0x3102,0x28e2,0x28e2,0x28e2,0x28c1,0x28c2,0x3102,0x3123,0x3123,0x20c2,0x20c2,0x1061,0x1061,0x1061,0x1061,0x0861,
0x18c3,0x3186,0x0861,0x0841,0x18a1,0x0000,0x0020,0x1082,0x5aeb,0x7c10,0x0862,0x1061,0x0861,0x0021,0x0041,0x1061,
0x1040,0x0020,0x0800,0x4182,0x9346,0x7264,0x18c1,0x20e1,0x28e1,0x28e1,0x30e1,0x28e2,0x28c1,0x3922,0x3102,0x1881,
0x0861,0x1061,0x1081,0x1881,0x1081,0x1881,0x1081,0x1081,0x1081,0x1081,0x18a1,0x1081,0x18a2,0x20c2,0x20c2,0x5184,
0x4143,0x3923,0x5183,0x5183,0x5183,0x4963,0x4963,0x51c3,0x5183,0x4983,0x51c3,0x4963,0x28e2,0x18c2,0x0841,0x1061,
0x0041,0x0061,0x0021,0x1081,0x18a2,0x18c2,0x0882,0x2145,0x3186,0x0020,0x20a1,0x0000,0x0020,0x2966,0x73ce,0x5aec,
0x3984,0x2923,0x2103,0x4163,0x5a03,0x6204,0x51c5,0x4184,0x9327,0x93a9,0x8ac6,0x7225,0x8ac6,0x8a85,0x7225,0x7a65,
0x9b06,0xa387,0xbbc8,0x8a85,0x59a4,0x4984,0x51a4,0x3943,0x3103,0x28e3,0x28e3,0x2903,0x3103,0x3123,0x3943,0x3943,
0x4164,0x3964,0x3984,0x3124,0x3123,0x49c5,0x49c5,0x6225,0x7286,0x7266,0x7aa7,0x7266,0x6225,0x7a86,0x7266,0x7a66,
0x8ac7,0x8266,0x4963,0x61a4,0xe56b,0x6246,0x5a06,0x8b07,0x6225,0x3123,0x4984,0x49a4,0x41a5,0x3165,0x39c7,0x0861,
0x0840,0x0820,0x0021,0x4249,0x73ae,0x2944,0x20c2,0x20c3,0x0861,0x1860,0x0800,0xd56f,0xfe0c,0xfe2c,0xff4e,0xfffa,
0x3880,0x4983,0x6246,0x5a46,0x5a26,0x5a26,0x49e5,0x39a5,0x3985,0x1924,0x2124,0x2924,0x3144,0x3144,0x2943,0x2944,
0x2924,0x2923,0x18e3,0x0863,0x1083,0x2904,0x3985,0x39a5,0x39a5,0x39c5,0x39c5,0x31a5,0x31a5,0x4a26,0x62a8,0x6267,
0x6aa8,0x6aa8,0x6ac8,0x6a88,0x6aa8,0x6288,0x6267,0x62a8,0x51e5,0x3903,0xf50a,0xbbc9,0xab28,0xbbe9,0x18c2,0x0000,
0x0020,0x0000,0x0020,0x10a2,0x31a6,0x2104,0x0820,0x0840,0x0841,0x630c,0x73cf,0x0820,0x1082,0x0861,0x0820,0x1040,
0x0000,0xee2e,0xf5eb,0xee4c,0xffb0,0x92a3,0x1061,0x72e8,0x8329,0x72c8,0x72c7,0x6aa7,0x6267,0x5a46,0x41e6,0x3185,
0x39a5,0x39a5,0x39c5,0x41c5,0x41c5,0x41c5,0x41a5,0x3164,0x3165,0xa406,0xd528,0x8347,0x3186,0x49e6,0x4a26,0x4a27,
0x4a47,0x5267,0x4a67,0x4a47,0x7309,0x836a,0x836a,0x8b8a,0x8bcb,0x93ec,0x9c0c,0x9c2c,0xac8d,0xc56f,0x8b8a,0x59c4,
0x9b07,0xd429,0xab88,0xcc4a,0x3164,0x0000,0x0840,0x0840,0x0841,0x1081,0x2945,0x2965,0x0820,0x0840,0x10a2,0x632c,
0x5aeb,0x0820,0x18a2,0x0841,0x0820,0x1060,0x0000,0xc50c,0xfece,0xfdaa,0xaae4,0x3860,0x4162,0x8349,0x8328,0x8349,
0x7ae8,0x7b08,0x6246,0x5a05,0x41e5,0x31a4,0x39c5,0x3984,0x3984,0x41c4,0x41c4,0x41c5,0x3164,0x3185,0xfd67,0xfd67,
0xec46,0xed68,0xcc87,0x2144,0x5226,0x4a46,0x5267,0x4a46,0x4a66,0x5267,0x4a67,0x93aa,0x7b48,0x8369,0x8bca,0x9c2c,
0x9c2c,0xa48d,0x9c4c,0xacee,0x9c0c,0x5984,0x6a46,0x7a03,0xdc29,0xfd2c,0x0862,0x0020,0x0840,0x0840,0x0840,0x1061,
0x2124,0x2965,0x0020,0x0820,0x18c3,0x632c,0x528a,0x1061,0x10a2,0x0841,0x0820,0x1860,0x1040,0x61c3,0xb326,0x50c0,
0x0000,0x0020,0x30e1,0x0020,0x1861,0x1020,0x0000,0x2081,0x0820,0x0020,0x1081,0x0000,0x0020,0x0861,0x0820,0x1081,
0x0000,0x0000,0x0001,0xab64,0xdbc4,0x0800,0x0000,0x40c0,0xfc86,0x2902,0x0000,0x0000,0x0840,0x1061,0x0820,0x18a2,
0x0000,0x0800,0x28e2,0x0000,0x20a1,0x0820,0x0000,0x3963,0x0000,0x0800,0x3963,0x0000,0x1061,0x0000,0x4102,0x69e4,
0x0000,0x0020,0x0840,0x0840,0x0840,0x1061,0x1903,0x2986,0x0020,0x0820,0x1904,0x632c,0x4a49,0x1061,0x10a2,0x0840,
0x0820,0x1880,0x1060,0x61c3,0x30c0,0x1080,0x0000,0x0800,0x3102,0x28c1,0x3122,0x1020,0x0800,0x1881,0x20c1,0x18a1,
0x1061,0x0000,0x0020,0x18a2,0x1081,0x18a2,0x0000,0x0000,0x0881,0xdb84,0x1861,0x0000,0x1040,0x0000,0xaae4,0x8284,
0x0020,0x0000,0x0840,0x20e2,0x18c1,0x20c2,0x0000,0x0020,0x4163,0x28e2,0x4184,0x0820,0x0000,0x3102,0x3943,0x4183,
0x1881,0x0800,0x1040,0x4942,0x59c3,0x59e4,0x0000,0x0820,0x0820,0x0840,0x0841,0x1081,0x18e3,0x3186,0x0020,0x0000,
0x2104,0x630c,0x4228,0x0861,0x1082,0x0020,0x0820,0x1880,0x1060,0x4121,0x4100,0x28e1,0x20a1,0x28c1,0x1881,0x0000,
0x1040,0x3102,0x1881,0x28e2,0x0000,0x0000,0x18a1,0x1061,0x1881,0x0000,0x0000,0x0840,0x1081,0x1081,0x0000,0x79c2,
0x5162,0x0000,0x0000,0x3902,0xc305,0x0000,0x20c2,0x1061,0x20c2,0x0000,0x0000,0x1081,0x1081,0x28e2,0x1881,0x0000,
0x1040,0x3102,0x28e2,0x3963,0x0800,0x0820,0x51e4,0x20c1,0x49a4,0x18a1,0x5142,0x7204,0x0021,0x0820,0x0820,0x0820,
0x0840,0x10a2,0x18e3,0x2986,0x0020,0x0000,0x2124,0x632c,0x4208,0x1061,0x10a2,0x0820,0x0820,0x1860,0x1061,0x9aa4,
0x4941,0x3902,0x1040,0x1060,0x28e2,0x0820,0x1881,0x1881,0x0820,0x20a1,0x1060,0x0840,0x1081,0x0000,0x0840,0x0840,
0x0000,0x1061,0x0000,0x0820,0x1061,0x0040,0x71e2,0x2901,0x4982,0xcb65,0x7a02,0x0000,0x1881,0x0000,0x1061,0x0841,
0x0020,0x18a1,0x0820,0x1061,0x28e2,0x0000,0x28c2,0x1881,0x1040,0x4163,0x0000,0x2081,0x4984,0x1040,0x3922,0x2902,
0x69e3,0x6224,0x0000,0x0820,0x0820,0x0820,0x0840,0x1081,0x2103,0x2986,0x0020,0x0000,0x2124,0x632c,0x4228,0x1081,
0x10a2,0x0840,0x0840,0x1880,0x0840,0x61e3,0x6a03,0x3922,0x0000,0x0020,0x3102,0x28c1,0x3122,0x0820,0x0020,0x1061,
0x28e2,0x20e2,0x20c2,0x10a2,0x1081,0x3122,0x2902,0x2902,0x0841,0x0840,0x28c2,0x1881,0x0860,0x5961,0x81e2,0x30c1,
0x0041,0x2902,0x18a2,0x1081,0x1081,0x3963,0x3123,0x3123,0x18c2,0x10c2,0x59e5,0x51e5,0x6246,0x3984,0x3123,0x5a05,
0x8b48,0x8308,0x5a46,0x5a46,0x20c2,0x6a25,0x7a85,0x51c4,0x0020,0x0820,0x0820,0x0820,0x0840,0x1081,0x2103,0x2986,
0x0040,0x0000,0x2124,0x632c,0x4228,0x1081,0x1082,0x0840,0x0840,0x1860,0x1060,0x3921,0x38e0,0x28e1,0x3963,0x49a4,
0x3963,0x3943,0x3923,0x49c4,0x4184,0x4163,0x3943,0x28e2,0x3164,0x3164,0x3143,0x2903,0x3103,0x3123,0x3964,0x3943,
0x28e2,0x2881,0x3860,0x3081,0x2061,0x3861,0x3080,0x3081,0x4143,0x3123,0x3943,0x20a1,0x1861,0x28e2,0x3143,0x41c5,
0x3103,0x20a1,0x28e2,0x6225,0x5a05,0x7286,0x4984,0x4163,0x9368,0x6246,0x7ac7,0x2081,0x4921,0x7203,0x0021,0x0820,
0x0820,0x0820,0x0840,0x1081,0x18e3,0x2986,0x0040,0x0000,0x2124,0x632c,0x4228,0x1081,0x1082,0x0840,0x0840,0x1860,
0x1061,0x9aa4,0x4941,0x3902,0x0020,0x1040,0x28e2,0x1061,0x20a1,0x1861,0x0000,0x20a1,0x20a1,0x20e2,0x1061,0x0000,
0x0820,0x1061,0x1061,0x20c2,0x1861,0x2060,0x28a1,0x3040,0x5841,0x3143,0x7921,0xe341,0x4800,0x2880,0x38c1,0x2060,
0x3102,0x2902,0x1061,0x18a1,0x0020,0x1081,0x20e2,0x1840,0x28e2,0x2081,0x0800,0x51a3,0x20a1,0x28e2,0x4163,0x20a1,
0x72a7,0x28e1,0x61c3,0x59e3,0x0000,0x0820,0x0820,0x0820,0x0840,0x1081,0x18e3,0x2986,0x0020,0x0000,0x2124,0x632c,
0x4228,0x1881,0x1082,0x0840,0x0840,0x1880,0x0840,0x6a23,0x7203,0x3922,0x0000,0x0800,0x28e2,0x20a1,0x28e2,0x0820,
0x0000,0x1040,0x3102,0x3102,0x0840,0x0000,0x0841,0x2903,0x20c2,0x20c1,0x1020,0x1820,0x28a1,0x28c2,0x39c3,0xd322,
0xffe0,0xff80,0x6001,0x30e2,0x2881,0x1820,0x1861,0x3123,0x2902,0x3963,0x1061,0x0020,0x3143,0x3102,0x4984,0x1040,
0x0800,0x3922,0x4963,0x49a3,0x1881,0x51c4,0x5a26,0x5a05,0x8286,0x49a3,0x0000,0x0820,0x0820,0x0820,0x0840,0x1081,
0x18e3,0x2965,0x0040,0x0000,0x2124,0x632c,0x4228,0x1881,0x1082,0x0840,0x0840,0x1880,0x1060,0x3921,0x4920,0x3102,
0x1881,0x20a1,0x1881,0x0000,0x1040,0x28e2,0x1060,0x20a1,0x20a1,0x0840,0x18a1,0x2903,0x2903,0x0820,0x0800,0x1861,
0x1861,0x1861,0x28c2,0x2144,0xc001,0x5902,0xfee0,0xe2c0,0xb880,0x2840,0x30e2,0x1861,0x28c2,0x1840,0x0820,0x20a1,
0x3984,0x41e5,0x18a1,0x0800,0x1880,0x3102,0x30e2,0x4183,0x0820,0x0820,0x7286,0x72a7,0x6a66,0x1060,0x5121,0x69e3,
0x0021,0x0820,0x0820,0x0820,0x0840,0x1081,0x18e3,0x2966,0x0040,0x0000,0x2124,0x632c,0x4228,0x1081,0x1082,0x0840,
0x0840,0x1880,0x1061,0xaac4,0x4941,0x4142,0x1040,0x1860,0x20c1,0x0820,0x1881,0x1881,0x0820,0x18a1,0x3122,0x1081,
0x2923,0x1061,0x0840,0x1881,0x1040,0x1861,0x1020,0x1840,0x3164,0x70a1,0x9001,0xdd41,0xffe0,0xe380,0xb020,0x48a0,
0x30c2,0x1020,0x1881,0x1060,0x1040,0x28e2,0x0820,0x2943,0x5a06,0x28c2,0x20a1,0x28c1,0x2081,0x4163,0x1040,0x28c2,
0x6a46,0x6226,0x3102,0x20c2,0x69e3,0x5a04,0x0000,0x0820,0x0820,0x0820,0x0840,0x1081,0x18e3,0x2965,0x0040,0x0000,
0x2945,0x630c,0x4228,0x1881,0x1082,0x0840,0x0840,0x1880,0x0840,0x6a03,0x69e3,0x3942,0x0000,0x0800,0x28e2,0x20a1,
0x28e2,0x0820,0x0000,0x0840,0x4183,0x3943,0x1081,0x0000,0x1861,0x20a1,0x1061,0x18a1,0x1040,0x3144,0x30e2,0x58c1,
0x30c3,0xff20,0xffe0,0xfd80,0x7801,0x5902,0x20a1,0x1000,0x1040,0x28e2,0x18a1,0x20c2,0x1861,0x0841,0x3963,0x6a26,
0x7a86,0x0000,0x0820,0x3902,0x49a4,0x6a66,0x4184,0x7287,0x1860,0x8285,0x7a85,0x4163,0x0021,0x0820,0x0820,0x0820,
0x0840,0x1081,0x18e3,0x2966,0x0040,0x0000,0x2945,0x630c,0x4228,0x18a1,0x1082,0x0840,0x0840,0x1881,0x1060,0x3921,
0x5161,0x3922,0x2081,0x20a1,0x1881,0x0800,0x1040,0x28c1,0x1040,0x3943,0x3922,0x0020,0x1081,0x18a2,0x1881,0x0000,
0x0000,0x1040,0x3143,0x28e2,0x3860,0x48e2,0x9042,0xebc0,0xf6e0,0xdaa0,0xd8c0,0x5080,0x4102,0x2081,0x28c2,0x0820,
0x0000,0x1081,0x1881,0x3144,0x1081,0x1041,0x7266,0x7266,0x28e2,0x4183,0x51a4,0x1881,0x7286,0x51c5,0x3943,0x1081,
0x5962,0x59a3,0x0021,0x0820,0x0820,0x0820,0x0840,0x0841,0x18c3,0x2965,0x0040,0x0000,0x2945,0x630c,0x4228,0x1081,
0x1082,0x0820,0x0840,0x1881,0x0840,0xc365,0x59a2,0x4122,0x1040,0x1860,0x28c1,0x0820,0x1881,0x2081,0x3102,0x4163,
0x28e2,0x0020,0x18c2,0x0820,0x0840,0x1040,0x0820,0x28e2,0x1861,0x1840,0x38c1,0x4164,0xc800,0xf580,0xffe0,0xe380,
0xb820,0x58c1,0x30e2,0x1840,0x20a1,0x1881,0x0820,0x18a1,0x0840,0x1081,0x3143,0x0840,0x51c5,0x5a05,0x51e5,0x6a66,
0x4143,0x1060,0x6a87,0x0820,0x3102,0x28e2,0x7223,0x5a24,0x0000,0x0820,0x0820,0x0820,0x0840,0x0840,0x18a2,0x2966,
0x0040,0x0000,0x2945,0x632c,0x4208,0x1040,0x1082,0x0820,0x0840,0x1880,0x0000,0x7284,0x8a84,0x3942,0x0000,0x0800,
0x3102,0x20c1,0x28e2,0x28e2,0x28e2,0x3943,0x28c1,0x20e2,0x1061,0x0000,0x0020,0x18a1,0x20e2,0x20c2,0x1000,0x2020,
0x2103,0x4923,0x7021,0xff80,0xffe0,0xfda0,0x7001,0x5922,0x30a1,0x1820,0x1860,0x28e2,0x20c1,0x20c2,0x0000,0x0020,
0x3943,0x4984,0x49c4,0x49a4,0x3943,0x7aa7,0x3943,0x6225,0x72c7,0x0000,0x0840,0x92e6,0x82c6,0x3943,0x0021,0x0820,
0x0820,0x0820,0x0840,0x0840,0x10c2,0x2965,0x0040,0x0000,0x2945,0x632c,0x4228,0x1041,0x1082,0x0820,0x0840,0x1880,
0x0840,0x4121,0x6181,0x3942,0x2081,0x20a1,0x1881,0x0000,0x28c2,0x3923,0x3943,0x3923,0x1861,0x1060,0x1081,0x0840,
0x1061,0x18a1,0x20c2,0x1040,0x1860,0x2060,0x4185,0x80a0,0xe000,0xd420,0xff20,0xd280,0xd8a0,0x58a0,0x4102,0x2081,
0x28c2,0x0820,0x0000,0x1881,0x1061,0x20c2,0x1061,0x1040,0x3922,0x4184,0x7287,0x6205,0x3122,0x3922,0x82c7,0x1060,
0x4983,0x1081,0x5982,0x51a3,0x0041,0x0820,0x0820,0x0820,0x0840,0x0840,0x10a2,0x2965,0x0040,0x0000,0x2945,0x632c,
0x4208,0x1061,0x1082,0x0820,0x0840,0x1880,0x0820,0xb304,0x59a2,0x4962,0x1040,0x1860,0x20a1,0x1061,0x4163,0x3102,
0x28c2,0x3102,0x28c1,0x0820,0x1061,0x0820,0x1041,0x2923,0x1040,0x1860,0x1820,0x28c2,0x4143,0x78a0,0xc000,0xf580,
0xffe0,0xe340,0xb840,0x58c0,0x38e2,0x2060,0x20a1,0x1061,0x0820,0x18a1,0x0840,0x1881,0x18a1,0x0020,0x4943,0x51e5,
0x6a46,0x51e5,0x3922,0x6a67,0x49c4,0x1040,0x3922,0x28c2,0x7a23,0x5a24,0x0000,0x0820,0x0820,0x0820,0x0840,0x0840,
0x10a2,0x2965,0x0040,0x0000,0x2945,0x632c,0x4228,0x1061,0x1082,0x0840,0x0840,0x1880,0x0020,0x6a44,0x7224,0x3942,
0x0000,0x0800,0x3102,0x4183,0x3102,0x3102,0x1860,0x3923,0x28c1,0x1881,0x1040,0x0000,0x28e2,0x20a1,0x1881,0x1881,
0x1020,0x4164,0x30e2,0x50c1,0x7061,0xffc0,0xffe0,0xfd80,0x6801,0x5122,0x30a1,0x1820,0x1860,0x28e2,0x20a1,0x18a1,
0x0000,0x0820,0x3123,0x28e2,0x7286,0x3943,0x18a1,0x6a87,0x51a4,0x7ac8,0x0000,0x1020,0x0020,0x8ae6,0x8ae6,0x28e2,
0x0000,0x0820,0x0020,0x0820,0x0820,0x0820,0x10a2,0x2965,0x0040,0x0000,0x2145,0x632c,0x4208,0x1061,0x1082,0x0840,
0x0840,0x1880,0x1060,0x28e1,0x5961,0x4162,0x20a1,0x2081,0x3102,0x28c2,0x1060,0x3922,0x20a1,0x3923,0x0000,0x0000,
0x1081,0x20c2,0x2903,0x0000,0x0800,0x1040,0x28c2,0x4164,0x3080,0x88a0,0xe000,0xd440,0xf720,0xda80,0xd0a0,0x58a0,
0x4102,0x2080,0x28c1,0x0820,0x0800,0x1861,0x1061,0x20c2,0x0840,0x28e2,0x51a4,0x4163,0x4163,0x6225,0x4143,0x6a66,
0x7286,0x1061,0x4983,0x1081,0x69a2,0x4983,0x0000,0x0000,0x0020,0x0820,0x0820,0x0820,0x10a2,0x2965,0x0041,0x0000,
0x2945,0x632c,0x4208,0x1061,0x1082,0x0020,0x0840,0x1880,0x0840,0xb2e4,0x5982,0x4142,0x1860,0x1860,0x4183,0x1040,
0x28c1,0x20a1,0x3122,0x3102,0x1020,0x0820,0x18c2,0x20e2,0x0840,0x1040,0x0820,0x1040,0x3964,0x2881,0x38c1,0x80a0,
0xc800,0xed80,0xffe0,0xe320,0xb840,0x58e1,0x38e1,0x2060,0x2081,0x1860,0x0820,0x1881,0x0840,0x1081,0x28e2,0x4984,
0x28c1,0x30e1,0x4963,0x49a4,0x7287,0x4143,0x7aa7,0x0840,0x3102,0x28c2,0x7a44,0x3983,0x0000,0x0020,0x0820,0x0820,
0x0840,0x0020,0x10a2,0x2965,0x0041,0x0000,0x2925,0x632c,0x4208,0x1061,0x1082,0x0020,0x0840,0x1880,0x0020,0x6a23,
0x7203,0x3922,0x0820,0x1860,0x49a4,0x20a1,0x3943,0x20a1,0x3963,0x1881,0x20a1,0x1861,0x2923,0x0840,0x0800,0x18a1,
0x1861,0x28e2,0x3102,0x2040,0x30c1,0x58c1,0x7081,0xffe0,0xffe0,0xfd40,0x6001,0x5122,0x38a1,0x1840,0x1860,0x28e2,
0x20a1,0x18a1,0x0000,0x0820,0x49c5,0x3102,0x4984,0x1860,0x1040,0x51a4,0x82e7,0x4163,0x5a05,0x28c2,0x1040,0x82c5,
0x82c6,0x3963,0x0041,0x0820,0x0820,0x0820,0x0840,0x0840,0x10a2,0x2965,0x0041,0x0000,0x2125,0x632c,0x4208,0x1061,
0x1082,0x0020,0x0840,0x1880,0x1040,0x28e1,0x5961,0x4962,0x20a1,0x4163,0x20a1,0x0800,0x3943,0x3942,0x4183,0x28c1,
0x0800,0x1081,0x20e2,0x0840,0x1061,0x0820,0x0800,0x3103,0x2081,0x2881,0x38c1,0x88a0,0xe000,0xd460,0xf720,0xda60,
0xd0a0,0x58c0,0x38e2,0x2080,0x20a1,0x1020,0x0800,0x1061,0x0820,0x41c5,0x1081,0x0000,0x2081,0x3102,0x1881,0x9328,
0x49c5,0x0820,0x6a25,0x6225,0x3922,0x18a1,0x61a2,0x51c3,0x0021,0x0020,0x0820,0x0820,0x0840,0x0840,0x10a2,0x2965,
0x0040,0x0000,0x2945,0x632c,0x4208,0x1061,0x1082,0x0020,0x0840,0x1880,0x0840,0xa2a4,0x5162,0x4142,0x2081,0x51c4,
0x20a1,0x1040,0x4984,0x30e2,0x3122,0x1881,0x1861,0x3143,0x1081,0x0820,0x1040,0x1020,0x1861,0x3143,0x1840,0x2880,
0x40e1,0x80c0,0xc820,0xed80,0xffe0,0xdae0,0xb860,0x58e0,0x38e1,0x2060,0x2081,0x1860,0x0820,0x1060,0x3123,0x3144,
0x1061,0x0820,0x28c1,0x28e2,0x0800,0x9328,0x5a05,0x1860,0x4963,0x6205,0x3922,0x28e2,0x7a43,0x3983,0x0021,0x0020,
0x0820,0x0820,0x0840,0x0840,0x1082,0x2965,0x0040,0x0000,0x2945,0x632c,0x4208,0x1061,0x1082,0x0020,0x0840,0x1880,
0x0820,0x59e3,0x61c3,0x3102,0x2081,0x4163,0x28e2,0x28e1,0x4163,0x20a1,0x28c2,0x1040,0x3122,0x20c2,0x0840,0x0800,
0x0820,0x1881,0x3123,0x20a1,0x1820,0x2860,0x38e1,0x58e1,0x70c1,0xffe0,0xffe0,0xfd40,0x6001,0x4922,0x38a1,0x2040,
0x1860,0x20c2,0x1881,0x2902,0x2903,0x0820,0x2903,0x30e2,0x4184,0x1860,0x0800,0x82e8,0x7286,0x51a3,0x1881,0x4983,
0x3102,0x7245,0x8ac6,0x3123,0x0021,0x0020,0x0820,0x0820,0x0840,0x0840,0x10a2,0x2965,0x0041,0x0000,0x2945,0x630c,
0x4208,0x1061,0x1082,0x0020,0x0840,0x1880,0x1060,0x20a1,0x4921,0x3922,0x3943,0x4163,0x1860,0x1020,0x4183,0x4163,
0x28c1,0x28c1,0x3923,0x0000,0x1881,0x1040,0x1040,0x1061,0x3103,0x1840,0x2060,0x28a1,0x40c1,0x88c0,0xe020,0xdca0,
0xff40,0xd240,0xc8a0,0x58c0,0x38e2,0x2060,0x20a1,0x1020,0x1040,0x3943,0x0840,0x18c2,0x1881,0x0800,0x2081,0x30e2,
0x4143,0x6246,0x6246,0x0840,0x3943,0x4163,0x5a05,0x18c1,0x71e3,0x51e4,0x0021,0x0020,0x0820,0x0820,0x0840,0x0840,
0x10a2,0x2965,0x0041,0x0000,0x2945,0x630c,0x4208,0x1061,0x1082,0x0020,0x0840,0x1880,0x0860,0x9263,0x4941,0x3922,
0x4163,0x3102,0x20a1,0x2081,0x49a4,0x4163,0x1860,0x3102,0x1881,0x0820,0x1081,0x0820,0x0840,0x2903,0x1881,0x1860,
0x2060,0x2881,0x40e1,0x88c0,0xd040,0xeda0,0xffe0,0xdac0,0xb080,0x58e0,0x30c1,0x2060,0x2081,0x1860,0x3944,0x18a2,
0x0840,0x18a2,0x18a1,0x0820,0x28c1,0x28c1,0x51c4,0x5a05,0x6226,0x3102,0x3102,0x28e2,0x6226,0x28c1,0x7a44,0x3142,
0x0000,0x0020,0x0020,0x0820,0x0820,0x0840,0x10a2,0x2965,0x0040,0x0000,0x2945,0x630c,0x3a08,0x1040,0x1082,0x0020,
0x0840,0x1880,0x0840,0x51a3,0x59a3,0x3102,0x4163,0x1860,0x30e2,0x3943,0x3943,0x3943,0x20a1,0x3923,0x2081,0x1881,
0x1061,0x0000,0x0840,0x2902,0x1861,0x2081,0x1840,0x2860,0x38e1,0x58e1,0x70c1,0xffe0,0xffe0,0xfd20,0x5802,0x4922,
0x30a1,0x2040,0x1840,0x3943,0x28e2,0x1881,0x0800,0x0841,0x2903,0x28e2,0x4143,0x1861,0x6a66,0x4163,0x59e4,0x7266,
0x0840,0x1860,0x5a05,0x6205,0x8ac6,0x2081,0x0000,0x0000,0x0020,0x0820,0x0820,0x0020,0x10a2,0x2965,0x0040,0x0000,
0x2945,0x630c,0x4208,0x1040,0x1081,0x0020,0x0840,0x1880,0x1060,0x18a0,0x4921,0x4142,0x51c4,0x28c1,0x28c1,0x3102,
0x20a1,0x4143,0x3943,0x3102,0x0800,0x0800,0x1881,0x0840,0x20c2,0x1860,0x0800,0x1860,0x2060,0x2881,0x38c1,0x88a0,
0xe040,0xdcc0,0xff60,0xda40,0xc0a0,0x58c0,0x38e1,0x2040,0x30e2,0x2902,0x0000,0x1061,0x1060,0x18c2,0x1081,0x0800,
0x1020,0x51c4,0x6246,0x6a46,0x1060,0x51a4,0x4983,0x28a1,0x6a46,0x28e1,0x69c3,0x3102,0x0000,0x0000,0x0020,0x0820,
0x0820,0x0820,0x10a2,0x2965,0x0040,0x0000,0x2945,0x630c,0x4208,0x1040,0x1081,0x0020,0x0840,0x1880,0x0840,0xb2a4,
0x4941,0x4142,0x4984,0x20a1,0x3122,0x28c1,0x1881,0x4163,0x3102,0x1880,0x1040,0x0820,0x1061,0x1061,0x3123,0x1020,
0x1020,0x1861,0x2060,0x2880,0x40c1,0x80c0,0xd020,0xeda0,0xffe0,0xdaa0,0xb080,0x60e1,0x30c1,0x30e2,0x3944,0x1020,
0x1020,0x1861,0x1040,0x18a2,0x18a1,0x0820,0x1040,0x6246,0x4183,0x72a7,0x1040,0x3922,0x4163,0x20a1,0x6a46,0x28e1,
0x7a44,0x49c4,0x0021,0x0020,0x0820,0x0820,0x0840,0x0840,0x10a2,0x2965,0x0020,0x0000,0x2925,0x5b0c,0x4208,0x0861,
0x1081,0x0020,0x0840,0x1880,0x0820,0x59c3,0x69e3,0x3102,0x3102,0x1860,0x3943,0x30e2,0x3922,0x51e5,0x1861,0x1040,
0x20a1,0x1881,0x0840,0x20c2,0x1881,0x1881,0x1881,0x2081,0x1840,0x2860,0x30c1,0x50c1,0x70c1,0xffe0,0xffe0,0xf500,
0x6002,0x4902,0x38e1,0x4164,0x1860,0x20a1,0x1881,0x1881,0x0820,0x1061,0x2902,0x28c1,0x49a4,0x6226,0x4184,0x6225,
0x3902,0x4983,0x3923,0x1860,0x6226,0x59e4,0x8ac6,0x3123,0x0020,0x0020,0x0820,0x0820,0x0820,0x0840,0x10a2,0x2965,
0x0040,0x0820,0x2945,0x5b0c,0x3a08,0x1060,0x1081,0x0020,0x0840,0x1880,0x1060,0x18a0,0x5141,0x4142,0x4163,0x28e2,
0x4163,0x1040,0x3122,0x51c4,0x28e2,0x20a1,0x1020,0x0800,0x18a1,0x3144,0x1041,0x0820,0x0820,0x1860,0x2060,0x2881,
0x38c0,0x80a0,0xe020,0xdce0,0xff80,0xda20,0xc0a0,0x58c0,0x4984,0x28a1,0x2081,0x1020,0x0820,0x1061,0x1060,0x18c2,
0x1881,0x0800,0x20a1,0x6226,0x6a66,0x3922,0x0820,0x1860,0x49a4,0x28e2,0x6246,0x28c1,0x69c3,0x3963,0x0020,0x0000,
0x0820,0x0820,0x0840,0x0840,0x18c2,0x2965,0x0041,0x0020,0x2145,0x5b0c,0x3a08,0x0860,0x1081,0x0020,0x0840,0x1860,
0x0040,0xb2c4,0x5161,0x3922,0x3922,0x3102,0x4163,0x1060,0x49a4,0x20a1,0x28e2,0x3102,0x0820,0x0800,0x2903,0x18a2,
0x0840,0x1040,0x1020,0x1861,0x2060,0x2880,0x40c1,0x80a0,0xd820,0xede0,0xffe0,0xdac0,0xb820,0x6984,0x3923,0x2040,
0x2081,0x1840,0x1020,0x1861,0x1040,0x18a2,0x1881,0x0000,0x4143,0x5a05,0x4163,0x3102,0x1860,0x1860,0x4984,0x3922,
0x6226,0x30e1,0x7203,0x49e4,0x0000,0x0020,0x0820,0x0820,0x0840,0x0840,0x18a2,0x2965,0x0841,0x0020,0x2945,0x5b0c,
0x3a08,0x0861,0x0861,0x0020,0x0840,0x1860,0x0020,0x59e3,0x6a03,0x3102,0x20a1,0x3102,0x4183,0x3102,0x49a4,0x0820,
0x1040,0x3123,0x28c1,0x1881,0x2943,0x0000,0x0820,0x1881,0x1881,0x20a1,0x1840,0x2860,0x30c2,0x58c1,0x78c1,0xffe0,
0xffe0,0xfd00,0x5864,0x3184,0x3880,0x2040,0x1860,0x20a1,0x1881,0x1881,0x0820,0x1061,0x20e2,0x20a1,0x6a46,0x6246,
0x0820,0x30e2,0x3942,0x3943,0x3922,0x4143,0x49c5,0x59c4,0x8286,0x2903,0x0020,0x0000,0x0820,0x0820,0x0820,0x0840,
0x18c2,0x2965,0x0041,0x0020,0x2945,0x5aeb,0x4208,0x1040,0x0861,0x0020,0x0840,0x1860,0x1060,0x1080,0x4921,0x4142,
0x3102,0x49a4,0x20a1,0x28c1,0x4183,0x30e2,0x1860,0x28e2,0x28e2,0x1881,0x20e2,0x0840,0x1061,0x1020,0x0820,0x1861,
0x2081,0x28a1,0x40c1,0x88a0,0xf100,0xcba1,0xf660,0xeb20,0x5964,0x60c0,0x38e1,0x2060,0x2081,0x1040,0x0820,0x1860,
0x1060,0x18c2,0x1061,0x0840,0x5a05,0x28e2,0x28c1,0x3922,0x1040,0x1040,0x4963,0x59e4,0x5a26,0x20c1,0x69c3,0x20c2,
0x0021,0x0020,0x0820,0x0820,0x0840,0x1061,0x18c3,0x2965,0x0041,0x0020,0x2945,0x5aeb,0x4208,0x1081,0x0861,0x0020,
0x0840,0x1860,0x0840,0xb2e4,0x5141,0x4142,0x20a1,0x49c4,0x28e2,0x49a4,0x3922,0x28c1,0x1840,0x20a1,0x20c2,0x3123,
0x1881,0x0820,0x1060,0x1040,0x1020,0x1861,0x2060,0x2881,0x48e1,0x90a0,0xf9c0,0xd441,0xfe81,0x6983,0xa8c2,0x68e0,
0x30c1,0x2060,0x2081,0x1840,0x1020,0x1861,0x1040,0x18a1,0x1061,0x4984,0x4163,0x2080,0x20a1,0x3922,0x1860,0x1860,
0x3102,0x6246,0x49c5,0x28c1,0x7a23,0x5a44,0x0000,0x0020,0x0820,0x0820,0x0840,0x1061,0x18c2,0x2965,0x0041,0x0820,
0x2944,0x5aeb,0x4208,0x1061,0x0861,0x0020,0x0840,0x1860,0x0840,0x59c3,0x69e3,0x3922,0x1020,0x3923,0x4163,0x51c4,
0x4163,0x1040,0x1020,0x1860,0x3102,0x2902,0x20c2,0x0820,0x0820,0x18a1,0x1881,0x2081,0x2040,0x3080,0x38e2,0x5103,
0x8203,0xfe82,0xbac2,0xcba2,0x7922,0x4922,0x3880,0x2040,0x1840,0x20a1,0x1881,0x1881,0x0800,0x18a2,0x3984,0x4184,
0x3943,0x1860,0x1840,0x30e2,0x3922,0x3922,0x20a1,0x6a67,0x20c2,0x6204,0x92a6,0x20e2,0x0000,0x0020,0x0820,0x0820,
0x0840,0x1061,0x18c2,0x2965,0x0041,0x0820,0x2945,0x5aeb,0x3a07,0x1061,0x0861,0x0020,0x0840,0x1860,0x1060,0x1060,
0x4921,0x4142,0x20a1,0x4983,0x49c4,0x3102,0x1880,0x30e2,0x1860,0x28e2,0x3923,0x0820,0x20c2,0x2103,0x1881,0x1040,
0x1861,0x28e2,0x3123,0x3964,0x3143,0x2985,0x4944,0x4104,0x7903,0x6122,0x3984,0x4164,0x3923,0x2881,0x2081,0x1020,
0x0800,0x1060,0x20c2,0x39e5,0x2903,0x3964,0x1860,0x28c1,0x28c1,0x3102,0x1840,0x0840,0x6a25,0x6226,0x3963,0x20a1,
0x5962,0x1061,0x0020,0x0020,0x0820,0x0820,0x0840,0x1061,0x18c2,0x2965,0x0041,0x0820,0x2945,0x5acb,0x39e7,0x1061,
0x0861,0x0020,0x0840,0x1860,0x0840,0xaac4,0x5141,0x3922,0x20a1,0x4163,0x51e5,0x30e2,0x20a1,0x28c1,0x1040,0x3122,
0x3102,0x0000,0x1081,0x1881,0x2903,0x2903,0x3144,0x2903,0x2081,0x28a1,0x4902,0x90a1,0xf9e0,0xe460,0xff40,0xfc20,
0xb861,0x50e1,0x30c1,0x28a1,0x28c2,0x3123,0x1881,0x2902,0x28e2,0x1061,0x3984,0x3103,0x1860,0x20a1,0x20a1,0x3102,
0x1840,0x2081,0x59e5,0x61e4,0x28e2,0x20a1,0x5982,0x4982,0x0000,0x0020,0x0840,0x0820,0x0840,0x1061,0x18c2,0x2965,
0x0841,0x0820,0x2945,0x5acb,0x39e7,0x1061,0x0861,0x0020,0x0840,0x1860,0x0020,0x6203,0x69e3,0x3122,0x1860,0x3923,
0x51e5,0x4163,0x3942,0x1040,0x0820,0x3943,0x28c1,0x18a2,0x20e3,0x2923,0x2903,0x28e2,0x28c2,0x28c2,0x2081,0x3060,
0x38e2,0x60a2,0xa262,0xfe21,0xfec0,0xfe60,0x7002,0x4901,0x3080,0x2060,0x2081,0x2902,0x2902,0x3123,0x18a1,0x1041,
0x3985,0x28c1,0x28e2,0x1860,0x1840,0x28c1,0x3922,0x6225,0x4163,0x51a4,0x0840,0x4942,0x69e3,0x18a1,0x0000,0x0020,
0x0820,0x0820,0x0840,0x1061,0x18c3,0x2965,0x0841,0x0820,0x2945,0x5acb,0x39e7,0x1061,0x0861,0x0020,0x0820,0x1060,
0x1060,0x1881,0x4921,0x3922,0x28e2,0x51c4,0x3943,0x28e1,0x2080,0x30e2,0x20a1,0x4163,0x20a2,0x20e2,0x2903,0x20c2,
0x1861,0x0820,0x0800,0x1881,0x28e2,0x3943,0x3944,0x6103,0xc981,0x9ae2,0xd521,0xc262,0x8103,0x3923,0x3984,0x3123,
0x20c2,0x1020,0x0800,0x1861,0x3964,0x4206,0x39c5,0x0800,0x1860,0x28c1,0x28a1,0x3102,0x4143,0x6205,0x4163,0x51c4,
0x18a1,0x1860,0x38e1,0x0861,0x0000,0x0020,0x0840,0x0820,0x0840,0x1061,0x18c3,0x2965,0x0841,0x0820,0x2945,0x5acb,
0x39e7,0x1061,0x0861,0x0020,0x0820,0x1060,0x0840,0xaae4,0x4921,0x3922,0x28e1,0x51c4,0x4143,0x3102,0x30e2,0x28c1,
0x3943,0x4163,0x3943,0x20c2,0x1881,0x0820,0x1060,0x1040,0x1020,0x20a1,0x28e2,0x3123,0x3964,0x4123,0xa162,0x8a62,
0xcbc1,0x9a23,0x5144,0x3144,0x3964,0x3123,0x28e2,0x1860,0x0820,0x1040,0x0800,0x28e2,0x4206,0x2903,0x1860,0x20a1,
0x1860,0x51a4,0x51c4,0x3123,0x3923,0x51a4,0x1061,0x1060,0x4921,0x3921,0x0000,0x0020,0x0820,0x0820,0x0840,0x1061,
0x18c2,0x2965,0x0041,0x0820,0x2945,0x5acb,0x39c7,0x1061,0x0861,0x0020,0x0820,0x1060,0x0020,0x61e3,0x69e3,0x3122,
0x2081,0x49c4,0x4984,0x3943,0x4184,0x28c1,0x3963,0x3963,0x3102,0x1061,0x1040,0x0000,0x1060,0x28e2,0x28e2,0x28e2,
0x2060,0x2860,0x3902,0x60a2,0xb281,0xfe40,0xff00,0xfe00,0x6802,0x4901,0x2880,0x2040,0x2081,0x28e2,0x28e2,0x20c2,
0x0820,0x31a5,0x2903,0x3943,0x3923,0x1060,0x4163,0x49a4,0x51e5,0x3102,0x3922,0x4983,0x0000,0x30e1,0x4962,0x20c1,
0x0000,0x0020,0x0840,0x0820,0x0840,0x1081,0x18c2,0x2965,0x0041,0x0820,0x2945,0x5acb,0x39c7,0x0860,0x0861,0x0020,
0x0820,0x1060,0x1040,0x18a1,0x4921,0x3102,0x3122,0x51c5,0x4163,0x1020,0x28e2,0x51c5,0x4184,0x3102,0x0000,0x0000,
0x18a2,0x20e2,0x20e2,0x1040,0x0820,0x1861,0x2081,0x28a1,0x40e1,0x7880,0xf9a0,0xbb41,0xe5c0,0xeaa0,0xa061,0x48c0,
0x30c1,0x2040,0x2061,0x1020,0x0800,0x20a1,0x3143,0x4206,0x1041,0x1000,0x3902,0x5a26,0x3943,0x49a4,0x1881,0x1040,
0x4963,0x3102,0x1061,0x1060,0x38e0,0x1061,0x0020,0x0020,0x0820,0x0840,0x0840,0x1081,0x18c3,0x2965,0x0841,0x0820,
0x2945,0x5acb,0x39c7,0x1040,0x0861,0x0020,0x0820,0x1040,0x0840,0xa2c4,0x5141,0x3922,0x3122,0x3122,0x4183,0x3102,
0x49a4,0x4183,0x20a1,0x28c1,0x1040,0x18a2,0x20e2,0x0840,0x1061,0x1040,0x1020,0x1881,0x2060,0x2881,0x40e1,0x8060,
0xf9e0,0xc361,0xee00,0xeac1,0xa061,0x48c0,0x30a1,0x1840,0x2081,0x1040,0x0820,0x1040,0x20a1,0x3164,0x39c5,0x28e2,
0x28c1,0x3922,0x5a26,0x3943,0x1040,0x1860,0x3943,0x20a1,0x1061,0x1040,0x4921,0x4122,0x0000,0x0020,0x0840,0x0820,
0x0840,0x1061,0x18c3,0x2965,0x0841,0x0820,0x2945,0x5acb,0x39e7,0x0840,0x0841,0x0020,0x0820,0x1060,0x0020,0x61e3,
0x69e3,0x3122,0x3963,0x2081,0x3923,0x4183,0x51e5,0x0840,0x1860,0x28e2,0x3123,0x20c2,0x1060,0x0000,0x0820,0x20c2,
0x20a1,0x20a1,0x1820,0x2840,0x38e2,0x50c2,0x9282,0xe5a1,0xf640,0xf581,0x5002,0x4102,0x2880,0x1820,0x1840,0x20a1,
0x1881,0x1881,0x3144,0x2924,0x3144,0x3943,0x3923,0x28e1,0x51c4,0x51e5,0x28c1,0x3922,0x3943,0x1060,0x0000,0x28c1,
0x4962,0x20c1,0x0000,0x0020,0x0840,0x0820,0x0840,0x1061,0x18c2,0x2965,0x0841,0x0820,0x2945,0x5acb,0x39c7,0x0840,
0x0841,0x0020,0x0820,0x1060,0x1060,0x1081,0x5141,0x3922,0x51e5,0x3102,0x28c1,0x3963,0x4163,0x28c1,0x28c1,0x4183,
0x1060,0x0000,0x18a1,0x1040,0x1881,0x1040,0x0800,0x1881,0x2081,0x28a1,0x38c1,0x7040,0xf9e0,0xbb41,0xee20,0xeaa0,
0xa840,0x48a0,0x30c1,0x2060,0x28c1,0x28e2,0x20c2,0x20c2,0x3964,0x18a2,0x1061,0x0800,0x3922,0x49a4,0x20a1,0x5a05,
0x3103,0x2081,0x3102,0x1861,0x0840,0x1040,0x38e0,0x1081,0x0020,0x0020,0x0840,0x0820,0x0840,0x1061,0x18c2,0x2965,
0x0841,0x0820,0x2945,0x52cb,0x39c7,0x0840,0x0841,0x0020,0x0820,0x1040,0x0860,0x9263,0x4101,0x4143,0x51c4,0x28e2,
0x4183,0x4984,0x28c1,0x3943,0x3923,0x28e2,0x1861,0x1881,0x18c2,0x1040,0x1881,0x1040,0x0820,0x1881,0x2080,0x28a1,
0x40e1,0x7860,0xfa20,0xc3a1,0xf6a0,0xf2e1,0x8082,0x4122,0x3123,0x28c2,0x20a1,0x1881,0x0820,0x20a1,0x20e2,0x1881,
0x18a2,0x28e2,0x28c1,0x3102,0x4183,0x4983,0x6226,0x3943,0x20c1,0x1881,0x0840,0x1040,0x4101,0x3902,0x0000,0x0020,
0x0840,0x0840,0x0840,0x1061,0x18c2,0x2965,0x0841,0x0820,0x2145,0x52cb,0x39c7,0x0840,0x0861,0x0020,0x0820,0x1040,
0x0020,0x69e3,0x59a3,0x4984,0x3943,0x20a1,0x5a05,0x4183,0x4184,0x3102,0x0820,0x1880,0x20c1,0x20e2,0x20e2,0x1040,
0x0820,0x20c2,0x20a1,0x20c1,0x1820,0x2840,0x3902,0x58c2,0xb282,0xe5a1,0xbb41,0x5224,0x3923,0x4122,0x2860,0x1820,
0x1840,0x20a1,0x1881,0x3143,0x1881,0x20c2,0x3984,0x28e2,0x3102,0x1840,0x2081,0x4163,0x49a4,0x49a4,0x0000,0x1881,
0x0000,0x28c1,0x4942,0x20c1,0x0020,0x0020,0x0840,0x0820,0x0840,0x1061,0x18c2,0x2965,0x0841,0x0020,0x2945,0x52cb,
0x31c7,0x0840,0x0841,0x0020,0x0820,0x1040,0x0840,0x28e1,0x4941,0x4983,0x3922,0x49a4,0x4183,0x20a1,0x4163,0x3102,
0x1880,0x30e2,0x0820,0x0000,0x18c2,0x20c2,0x2903,0x1061,0x1020,0x1860,0x2080,0x2881,0x40e1,0x70c1,0x8142,0x8822,
0xe580,0xfb00,0xa020,0x40a0,0x30c1,0x2060,0x2081,0x1020,0x1020,0x2903,0x28e2,0x2923,0x1041,0x0800,0x1861,0x28c1,
0x20a1,0x3943,0x28c1,0x3102,0x20a1,0x18a1,0x0840,0x1040,0x38e0,0x18a1,0x0020,0x0020,0x0820,0x0840,0x0840,0x1061,
0x18a2,0x2965,0x0861,0x0000,0x2945,0x52aa,0x39c7,0x0840,0x0841,0x0000,0x0820,0x1040,0x0840,0x9243,0x4121,0x4983,
0x30e2,0x4184,0x4163,0x3122,0x28c1,0x30e2,0x1860,0x28e2,0x0820,0x0820,0x18c2,0x0820,0x1881,0x18a1,0x18a1,0x20c2,
0x2081,0x30c1,0x4143,0x80a1,0xfa80,0xc441,0xee40,0xf2e1,0xa020,0x48a0,0x30a1,0x2060,0x20a1,0x2081,0x28c2,0x28e2,
0x0820,0x1881,0x1881,0x0820,0x1880,0x28a1,0x20a1,0x3102,0x2081,0x2081,0x28e2,0x1881,0x0840,0x1040,0x4101,0x3922,
0x0000,0x0020,0x0820,0x0840,0x0840,0x1061,0x18c2,0x2965,0x0861,0x0000,0x2144,0x52aa,0x39c7,0x0841,0x0841,0x0000,
0x0820,0x1040,0x0020,0x7203,0x59a3,0x4183,0x3123,0x3942,0x49c4,0x4183,0x3943,0x1040,0x1020,0x20a1,0x3102,0x20c2,
0x1061,0x0000,0x0820,0x28e2,0x20a1,0x2902,0x20a1,0x28c2,0x4143,0x38e3,0x6a22,0xcc62,0xee00,0xe461,0x3063,0x3922,
0x30e2,0x28c2,0x20a1,0x28e2,0x2902,0x18a1,0x0800,0x0820,0x2903,0x20c1,0x3102,0x1860,0x1040,0x28c1,0x3102,0x1881,
0x2903,0x1881,0x0000,0x28c1,0x4122,0x20c1,0x0000,0x0020,0x0840,0x0840,0x0840,0x1061,0x18c2,0x2965,0x0861,0x0000,
0x2145,0x52aa,0x31c7,0x0840,0x0841,0x0020,0x0020,0x1040,0x0840,0x30e1,0x4941,0x51e5,0x51c5,0x4163,0x49a4,0x0820,
0x20a1,0x30e2,0x1881,0x3102,0x0820,0x0020,0x18a2,0x1040,0x1881,0x1040,0x1060,0x28e2,0x2881,0x2881,0x38e1,0x6060,
0xc9e1,0x89e2,0xcbc1,0xb161,0x70c1,0x38c1,0x30c2,0x2060,0x2081,0x1840,0x2903,0x1881,0x1040,0x18a1,0x1081,0x0820,
0x1881,0x28c1,0x20a1,0x3922,0x20c2,0x0000,0x28e2,0x18a2,0x0820,0x1860,0x38c0,0x20a1,0x0020,0x0020,0x0820,0x0840,
0x0840,0x1061,0x18a2,0x2945,0x0861,0x0000,0x2145,0x52aa,0x31a6,0x0840,0x0841,0x0000,0x0000,0x1040,0x1040,0x8a23,
0x4941,0x51e5,0x4163,0x4183,0x3102,0x0820,0x20a1,0x30e2,0x1860,0x3102,0x0820,0x0000,0x18c2,0x1040,0x1881,0x20a2,
0x1881,0x2081,0x2060,0x2881,0x40e1,0x9020,0xfaa0,0xbba1,0xf780,0xfac0,0xa020,0x40a0,0x30a1,0x2040,0x2081,0x20a1,
0x2903,0x1060,0x1040,0x18a1,0x1881,0x0820,0x1861,0x28c1,0x2081,0x3943,0x0861,0x0000,0x1881,0x20c2,0x0840,0x1040,
0x4101,0x4122,0x0000,0x0020,0x0020,0x0820,0x0840,0x1061,0x18a2,0x2945,0x0861,0x0000,0x2145,0x52aa,0x31a6,0x0840,
0x0841,0x0000,0x0000,0x1040,0x0020,0x7a23,0x59c3,0x51c4,0x3102,0x3922,0x3963,0x3102,0x3943,0x1040,0x0820,0x20a1,
0x3102,0x20c2,0x1061,0x0800,0x18a2,0x3122,0x20a1,0x28c2,0x1820,0x2020,0x4102,0x60c2,0xaac2,0xd561,0xf6e0,0xf4a1,
0x5822,0x4901,0x2880,0x1820,0x1820,0x3123,0x28e2,0x1881,0x0800,0x0820,0x2903,0x20c1,0x3102,0x1860,0x1040,0x3943,
0x1081,0x1061,0x1040,0x20e2,0x0020,0x28a1,0x4142,0x28c1,0x0000,0x0000,0x0020,0x0820,0x0840,0x1061,0x10a2,0x2945,
0x0861,0x0000,0x2145,0x52aa,0x31a6,0x0840,0x0841,0x0000,0x0000,0x1040,0x1060,0x3921,0x5141,0x49a4,0x3922,0x49a4,
0x3102,0x1881,0x28e2,0x3943,0x20a1,0x3943,0x1060,0x0840,0x20e2,0x20e2,0x20e2,0x1061,0x1040,0x20a1,0x2081,0x28a1,
0x40e2,0x8860,0xfa60,0xabc2,0xeea0,0xe2c1,0x9841,0x40c0,0x38e1,0x2060,0x20a1,0x3123,0x1040,0x1881,0x1060,0x20c2,
0x18a1,0x1020,0x2081,0x28e2,0x28c1,0x3123,0x0000,0x0000,0x1881,0x20c2,0x1881,0x1860,0x30c0,0x18a1,0x0020,0x0020,
0x0020,0x0820,0x0840,0x1061,0x10a2,0x2945,0x0861,0x0000,0x2145,0x52aa,0x31c6,0x0840,0x0841,0x0000,0x0000,0x1040,
0x0840,0x7a02,0x4942,0x49a4,0x3102,0x3922,0x3943,0x20c1,0x3123,0x4183,0x3102,0x4163,0x20a1,0x18a1,0x2943,0x20c2,
0x20e2,0x20c2,0x1881,0x2902,0x28e2,0x3103,0x3123,0x28c2,0x5922,0x60e3,0x9961,0x7142,0x3102,0x28e2,0x3102,0x20a1,
0x2902,0x3144,0x20a1,0x28e2,0x20e3,0x3184,0x3164,0x2903,0x3943,0x4184,0x4984,0x20c2,0x0000,0x0000,0x1060,0x1881,
0x18c2,0x1060,0x4101,0x4122,0x0000,0x0020,0x0820,0x0820,0x0840,0x1061,0x10a2,0x2945,0x0861,0x0000,0x2125,0x52aa,
0x39c7,0x0841,0x0841,0x0000,0x0020,0x1040,0x0020,0x7a03,0x61c3,0x3943,0x28c1,0x1860,0x4163,0x3102,0x3943,0x0820,
0x0800,0x20a1,0x3102,0x2902,0x1881,0x0000,0x0820,0x2902,0x20c2,0x28e2,0x1800,0x2840,0x4922,0x78e2,0xcb02,0xe561,
0xffe0,0xfca1,0x6822,0x5122,0x2881,0x1820,0x20a1,0x3102,0x20a1,0x18a1,0x0800,0x0820,0x2943,0x28e2,0x3923,0x1860,
0x3923,0x0861,0x1061,0x1881,0x0820,0x1081,0x20e3,0x20c1,0x4942,0x28e1,0x0000,0x0020,0x0840,0x0820,0x0840,0x1061,
0x18a2,0x2945,0x0841,0x0020,0x2145,0x52aa,0x31c7,0x0841,0x0841,0x0000,0x0020,0x1040,0x1880,0x3901,0x4962,0x4983,
0x3922,0x28e2,0x3923,0x0820,0x20a1,0x3102,0x2081,0x3122,0x20c1,0x0840,0x18c2,0x1061,0x18a1,0x1040,0x0800,0x2081,
0x2081,0x30c1,0x40e1,0x8820,0xfaa0,0xbb42,0xe600,0xda61,0x9040,0x40a0,0x38e2,0x2060,0x3103,0x1040,0x0820,0x1881,
0x1060,0x18a2,0x1881,0x0800,0x1861,0x3943,0x3123,0x1061,0x0000,0x0820,0x1881,0x1881,0x2902,0x1860,0x30c0,0x20a1,
0x0020,0x0020,0x0840,0x0820,0x0840,0x0861,0x10a2,0x2145,0x0861,0x0000,0x2145,0x52aa,0x31a6,0x0841,0x0841,0x0000,
0x0020,0x1040,0x0840,0x8203,0x4962,0x4984,0x3102,0x20a1,0x3943,0x0820,0x20a1,0x3102,0x1860,0x3943,0x1881,0x0000,
0x20c2,0x1040,0x1881,0x1040,0x0800,0x20a1,0x2081,0x30a1,0x4901,0x9020,0xfae0,0xb2e2,0xe5e0,0xe221,0x9840,0x40a0,
0x30e1,0x2081,0x2903,0x1040,0x0800,0x1881,0x1060,0x18c2,0x18a2,0x0800,0x1040,0x49a4,0x1061,0x1881,0x0000,0x1040,
0x1061,0x1881,0x20c2,0x1860,0x4101,0x4102,0x0000,0x0020,0x0820,0x0820,0x0840,0x0861,0x1082,0x2124,0x0861,0x0000,
0x2145,0x52aa,0x31a6,0x0840,0x0841,0x0000,0x0020,0x1040,0x0020,0x8243,0x61c3,0x3943,0x2080,0x0800,0x4184,0x3122,
0x3963,0x1040,0x1040,0x3122,0x3102,0x20c2,0x1061,0x0000,0x0820,0x2902,0x28c2,0x28e2,0x1820,0x2020,0x4943,0x68e2,
0xb2c2,0xc4a1,0xee80,0xec41,0x5862,0x5122,0x2880,0x20a1,0x20e2,0x28e2,0x20a1,0x18a1,0x0800,0x0820,0x2923,0x20c2,
0x4983,0x3943,0x0000,0x1061,0x1881,0x18a1,0x0020,0x1861,0x2903,0x28c1,0x4142,0x20c1,0x0000,0x0020,0x0820,0x0820,
0x0840,0x0840,0x1082,0x2124,0x0861,0x0000,0x2945,0x52aa,0x31a6,0x0841,0x0841,0x0000,0x0000,0x1020,0x1880,0x3101,
0x4942,0x4984,0x30e1,0x20a1,0x3922,0x1881,0x2081,0x3102,0x3923,0x3943,0x0020,0x0820,0x18c2,0x1060,0x18a1,0x1040,
0x0820,0x20a1,0x2881,0x30c1,0x4902,0x8820,0xf2e0,0xb322,0xe5e0,0xda61,0x8820,0x38a0,0x38e2,0x3123,0x28e2,0x1040,
0x0820,0x1881,0x1061,0x18a2,0x18a1,0x0000,0x4984,0x28e2,0x0840,0x1081,0x0820,0x1040,0x1060,0x18a1,0x2903,0x1860,
0x30c0,0x20a1,0x0020,0x0020,0x0820,0x0820,0x0840,0x0841,0x1082,0x2124,0x0861,0x0000,0x2145,0x52aa,0x31a6,0x0861,
0x0841,0x0000,0x0020,0x1040,0x0820,0x8203,0x5162,0x4984,0x28e1,0x20a1,0x28e2,0x28c1,0x1860,0x4184,0x28c1,0x3102,
0x0820,0x0000,0x20c2,0x1040,0x18a1,0x1040,0x0800,0x20a1,0x2081,0x28c1,0x4902,0x9020,0xf300,0xb2c2,0xe5c0,0xe201,
0x8840,0x38a0,0x3902,0x2902,0x20c1,0x1040,0x0820,0x1881,0x1061,0x18a2,0x1081,0x1061,0x4184,0x1881,0x1040,0x1081,
0x1060,0x0020,0x1040,0x18a1,0x20e2,0x1860,0x4101,0x3902,0x0000,0x0020,0x0820,0x0820,0x0840,0x0841,0x1082,0x2124,
0x0861,0x0000,0x2924,0x52aa,0x31a6,0x0861,0x0841,0x0000,0x0800,0x1040,0x0020,0x8243,0x59a3,0x4163,0x2081,0x0800,
0x3943,0x4183,0x4184,0x30e2,0x1020,0x20a1,0x30e2,0x20c2,0x1061,0x0000,0x0820,0x2902,0x20c2,0x2902,0x1820,0x2040,
0x4943,0x7103,0xbac2,0xc4a1,0xee60,0xec01,0x5862,0x4922,0x3102,0x20a1,0x1840,0x28e2,0x20a1,0x18a1,0x0800,0x0820,
0x2923,0x3963,0x4163,0x0000,0x0000,0x1061,0x20e2,0x1061,0x0820,0x20e2,0x2102,0x28c1,0x4942,0x28c1,0x0000,0x0020,
0x0820,0x0820,0x0840,0x0841,0x1081,0x2124,0x0861,0x0000,0x2124,0x52aa,0x31a6,0x0840,0x0841,0x0020,0x0820,0x0820,
0x2081,0x3901,0x4121,0x4183,0x3102,0x20a1,0x20a1,0x1881,0x3963,0x3102,0x2081,0x3102,0x0820,0x0020,0x18c2,0x1060,
0x18a1,0x1060,0x0820,0x20a1,0x28a1,0x30c2,0x4902,0x9020,0xf2e0,0xb322,0xddc0,0xd261,0x8020,0x38a0,0x4143,0x20a1,
0x20a1,0x1040,0x0820,0x1881,0x1060,0x18a2,0x2923,0x20e2,0x1861,0x1881,0x0820,0x20c2,0x1061,0x0000,0x1861,0x2903,
0x20e2,0x1880,0x30c0,0x28c1,0x0020,0x0020,0x0820,0x0820,0x0840,0x0841,0x0881,0x2104,0x0861,0x0000,0x2924,0x528a,
0x31a6,0x0861,0x0841,0x0020,0x0020,0x1020,0x0020,0x8203,0x4921,0x4163,0x3122,0x20c1,0x2081,0x1860,0x3943,0x3102,
0x2081,0x3102,0x0820,0x0000,0x18c2,0x1060,0x18a1,0x1040,0x0800,0x20a1,0x28a1,0x30c1,0x4902,0x9820,0xf300,0xb2e2,
0xdda0,0xda01,0x8820,0x38a0,0x3923,0x2060,0x28c2,0x1040,0x0800,0x1881,0x1061,0x18a2,0x39a5,0x0820,0x1860,0x1881,
0x0840,0x28e2,0x0000,0x0000,0x1881,0x2903,0x1081,0x1060,0x4101,0x3901,0x0000,0x0020,0x0840,0x0820,0x0820,0x0841,
0x1081,0x2104,0x0861,0x0000,0x2124,0x528a,0x31a6,0x0841,0x0841,0x0020,0x0820,0x1020,0x0000,0x8264,0x5982,0x3922,
0x3943,0x1020,0x3122,0x4163,0x4984,0x0840,0x1020,0x20a1,0x28e2,0x18a1,0x1061,0x0000,0x0820,0x2902,0x20c2,0x3102,
0x1820,0x2040,0x5143,0x7902,0xbac2,0xbca1,0xe640,0xebe1,0x6082,0x5143,0x28e2,0x1000,0x1860,0x2902,0x20c1,0x20c2,
0x0000,0x20c2,0x39c5,0x20a1,0x3123,0x0000,0x0000,0x20e2,0x1061,0x1061,0x20c1,0x2903,0x0000,0x30e1,0x4962,0x20c1,
0x0000,0x0020,0x0820,0x0820,0x0820,0x0841,0x1082,0x2104,0x0861,0x0000,0x2145,0x528a,0x31a6,0x0841,0x0841,0x0020,
0x0820,0x0820,0x1860,0x4121,0x4101,0x3102,0x4184,0x28e2,0x28e2,0x28c1,0x28c1,0x3922,0x1880,0x3102,0x0820,0x0820,
0x20c1,0x1060,0x18a1,0x1060,0x0820,0x20a1,0x20a1,0x30c2,0x4902,0x9020,0xeb00,0xb321,0xdd80,0xd281,0x8820,0x20e2,
0x3123,0x2060,0x28c2,0x1060,0x0820,0x1881,0x1861,0x3984,0x10a1,0x0800,0x1861,0x1061,0x18a1,0x20c2,0x0000,0x0020,
0x2902,0x20c2,0x0840,0x2080,0x38e0,0x20a1,0x0000,0x0020,0x0820,0x0820,0x0020,0x0841,0x1082,0x2104,0x0861,0x0000,
0x2125,0x4a8a,0x31a6,0x0841,0x0841,0x0020,0x0820,0x1040,0x0020,0x81e2,0x4901,0x30e1,0x3963,0x4163,0x3102,0x1840,
0x1860,0x4183,0x20a1,0x28e2,0x0820,0x0000,0x18c2,0x1061,0x18a1,0x1040,0x0800,0x2081,0x2081,0x30c2,0x5102,0x9820,
0xeb20,0xaac1,0xd540,0xda21,0x8840,0x1102,0x3902,0x1860,0x28c2,0x1040,0x0800,0x1881,0x2903,0x2102,0x1881,0x0000,
0x1040,0x18a1,0x20e2,0x1081,0x0000,0x1060,0x28e2,0x0861,0x0840,0x1040,0x4101,0x3901,0x0000,0x0020,0x0820,0x0820,
0x0820,0x0841,0x1082,0x2104,0x0861,0x0000,0x2124,0x4a6a,0x31a6,0x0841,0x0841,0x0020,0x0820,0x1040,0x0020,0x8a43,
0x61a2,0x20c1,0x28e2,0x4163,0x4163,0x28c1,0x3122,0x20a1,0x1881,0x2081,0x28c2,0x18a1,0x1061,0x0000,0x0820,0x2902,
0x20c1,0x28e2,0x1820,0x2840,0x4943,0x7902,0xbaa1,0xbcc1,0xdde0,0xebc1,0x68e3,0x3964,0x28a1,0x1000,0x1840,0x3123,
0x20c1,0x3123,0x18a1,0x0820,0x2944,0x20c2,0x28e2,0x1881,0x0820,0x0840,0x18a1,0x20c2,0x20e2,0x0000,0x0000,0x38e1,
0x4962,0x28e1,0x0000,0x0020,0x0820,0x0820,0x0820,0x0861,0x1082,0x2104,0x0861,0x0000,0x2124,0x4a69,0x3186,0x0841,
0x0841,0x0020,0x0820,0x1020,0x1881,0x4121,0x4101,0x30e1,0x20c1,0x4983,0x3922,0x1040,0x2081,0x28c1,0x3102,0x30e2,
0x0820,0x0820,0x18a1,0x1040,0x1881,0x1060,0x0820,0x20a1,0x20a1,0x28c2,0x4902,0x9020,0xeb00,0xab01,0xcd40,0xda61,
0x58a2,0x28c1,0x4102,0x2061,0x20c2,0x1040,0x0820,0x3123,0x1061,0x18c2,0x18c2,0x0000,0x1060,0x28e2,0x0840,0x18a1,
0x18a1,0x2903,0x18a1,0x0020,0x0840,0x2080,0x30c0,0x20a1,0x0020,0x0020,0x0820,0x0820,0x0820,0x0841,0x1082,0x2104,
0x0861,0x0000,0x2124,0x4a69,0x3186,0x0841,0x0841,0x0020,0x0020,0x1040,0x0860,0x71c2,0x5121,0x3101,0x1881,0x3922,
0x4163,0x1860,0x1860,0x28e2,0x20a1,0x3122,0x0000,0x0000,0x18a1,0x1060,0x18a1,0x1040,0x0800,0x2081,0x20a1,0x28c2,
0x5102,0xa020,0xeb20,0xaaa1,0xcce0,0xda01,0x28a2,0x38a0,0x4102,0x1861,0x28c2,0x1040,0x1881,0x20e2,0x1061,0x20c2,
0x18a2,0x0000,0x20c2,0x1881,0x0840,0x28e2,0x2903,0x20c2,0x1061,0x0820,0x1060,0x1040,0x4101,0x3902,0x0000,0x0020,
0x0820,0x0820,0x0820,0x0841,0x1082,0x18e4,0x0861,0x0000,0x2124,0x4a69,0x3186,0x0841,0x0841,0x0020,0x0020,0x1020,
0x0020,0x8a43,0x59a2,0x20a1,0x0820,0x2081,0x4163,0x4163,0x3102,0x1040,0x0820,0x28e2,0x28c2,0x18a1,0x1061,0x0000,
0x0820,0x2902,0x20c1,0x28e2,0x1820,0x2040,0x4943,0x68e2,0xaa81,0xbcc0,0xd560,0xf3a1,0x38e4,0x5942,0x2081,0x1000,
0x1020,0x3963,0x3123,0x20c2,0x0000,0x0820,0x2943,0x2902,0x3143,0x0000,0x0000,0x28e2,0x2923,0x18a1,0x0020,0x0000,
0x0000,0x28c1,0x4962,0x28e1,0x0000,0x0020,0x0820,0x0820,0x0820,0x0841,0x1082,0x18e3,0x0861,0x0000,0x2125,0x4a69,
0x3186,0x0841,0x0841,0x0020,0x0020,0x1020,0x1061,0x4941,0x4101,0x30e1,0x20a1,0x30e2,0x20c1,0x3122,0x3943,0x20a1,
0x1860,0x28e2,0x20a1,0x0820,0x18a1,0x1040,0x1881,0x1040,0x0820,0x20a1,0x2081,0x28a1,0x4102,0x9020,0xe2e0,0xb301,
0xd4e0,0x92a2,0x4862,0x40a0,0x38e2,0x1860,0x28e2,0x2902,0x0020,0x1881,0x1061,0x18c2,0x20e2,0x20c2,0x0840,0x1061,
0x20c1,0x2923,0x0861,0x0000,0x1061,0x0820,0x0840,0x2080,0x30c0,0x20a1,0x0020,0x0000,0x0820,0x0820,0x0820,0x0841,
0x0861,0x18e3,0x0861,0x0000,0x2124,0x4a69,0x3186,0x0841,0x0041,0x0020,0x0020,0x1020,0x0861,0x61a2,0x4101,0x28e1,
0x28e1,0x28e2,0x1860,0x1880,0x3943,0x3922,0x1880,0x20c1,0x1040,0x1061,0x1881,0x1060,0x18a1,0x1040,0x0800,0x1881,
0x2081,0x28a1,0x48e1,0x9820,0xeb00,0xaac1,0xd4a0,0x69a3,0x78a1,0x3880,0x38e2,0x2081,0x3123,0x0840,0x0000,0x1881,
0x1061,0x20c2,0x2944,0x0020,0x0000,0x28e2,0x2903,0x2902,0x0000,0x0000,0x1061,0x0840,0x0860,0x1040,0x38e0,0x30e2,
0x0000,0x0020,0x0020,0x0020,0x0820,0x0841,0x0861,0x18e3,0x0861,0x0000,0x2124,0x4a69,0x2965,0x0840,0x0041,0x0000,
0x0020,0x0820,0x0020,0x79e3,0x5182,0x20a1,0x2081,0x1040,0x28e2,0x20a1,0x3122,0x3122,0x20a1,0x1860,0x1881,0x20c2,
0x1881,0x0000,0x0820,0x20c2,0x18a1,0x28c2,0x1020,0x1820,0x4102,0x68c2,0xaa41,0xbce0,0xc4c0,0x40a2,0x7962,0x5122,
0x2081,0x1861,0x1861,0x28e2,0x18a1,0x20c1,0x0000,0x20c2,0x3144,0x1881,0x2902,0x2903,0x1081,0x0841,0x1061,0x1061,
0x0820,0x0000,0x0000,0x28c1,0x4142,0x20c1,0x0000,0x0020,0x0020,0x0020,0x0820,0x0840,0x0861,0x18e3,0x0861,0x0000,
0x2124,0x4a49,0x2965,0x0841,0x0041,0x0000,0x0000,0x0820,0x1040,0x4121,0x3901,0x28e1,0x28e2,0x20a1,0x20a1,0x1040,
0x1880,0x2902,0x3943,0x3102,0x0820,0x0000,0x20c2,0x1061,0x1061,0x1040,0x0820,0x1881,0x1861,0x2081,0x38c1,0x8800,
0xdac0,0xb3a0,0x8ae1,0x78e2,0x9900,0x2880,0x3902,0x20a1,0x1881,0x1040,0x0820,0x1881,0x20c2,0x2103,0x18c2,0x20a1,
0x2903,0x20e2,0x0840,0x1081,0x0000,0x0020,0x1061,0x0020,0x0820,0x1880,0x30c0,0x1881,0x0020,0x0020,0x0020,0x0020,
0x0020,0x0840,0x0861,0x18e3,0x0861,0x0000,0x2124,0x4a49,0x2966,0x0841,0x0041,0x0020,0x0020,0x0820,0x0860,0x5982,
0x38e1,0x28e1,0x3102,0x20a1,0x1860,0x1020,0x1860,0x28c1,0x1881,0x3122,0x20a1,0x0820,0x1081,0x1881,0x20c2,0x0820,
0x0800,0x1861,0x1861,0x1881,0x38a1,0x9000,0xe2e0,0xbb20,0x5841,0x99e1,0x90a0,0x20a1,0x3102,0x1040,0x20a1,0x0820,
0x0000,0x20a1,0x1881,0x20c2,0x3144,0x20e2,0x10a1,0x1081,0x1060,0x1081,0x0000,0x0000,0x1061,0x0840,0x0841,0x1040,
0x30e0,0x28c1,0x0000,0x0020,0x0820,0x0820,0x0020,0x0841,0x0861,0x18e3,0x0861,0x0000,0x2124,0x4a49,0x2985,0x0841,
0x0040,0x0000,0x0020,0x0820,0x0020,0x69e3,0x4942,0x28c1,0x20a1,0x0820,0x28e2,0x2081,0x28c1,0x1040,0x0800,0x1860,
0x28e2,0x20e2,0x1881,0x0000,0x1061,0x20c2,0x1881,0x18a1,0x0800,0x1020,0x28c2,0x5881,0xa1e0,0xcc40,0x6102,0xc301,
0x48a2,0x3102,0x1861,0x0800,0x0820,0x28e2,0x28c2,0x20c2,0x1881,0x2903,0x3164,0x1881,0x18a1,0x0000,0x0000,0x0840,
0x1061,0x1060,0x0820,0x0000,0x0000,0x20a1,0x3901,0x18a1,0x0000,0x0020,0x0820,0x0820,0x0020,0x0841,0x0861,0x18c3,
0x0861,0x0000,0x2104,0x4229,0x2965,0x0041,0x0040,0x0000,0x0000,0x0820,0x0840,0x3901,0x3901,0x30e2,0x28c1,0x1860,
0x2081,0x1040,0x1880,0x20a1,0x1840,0x1881,0x0020,0x0820,0x20e2,0x20c2,0x1881,0x1061,0x1861,0x1881,0x1040,0x1840,
0x2081,0x6800,0xd240,0x9ba1,0x8ae1,0x92a1,0x1041,0x2860,0x20a1,0x1020,0x2081,0x20a1,0x1881,0x28e2,0x2103,0x20e2,
0x1081,0x0000,0x0840,0x0860,0x0820,0x1081,0x0020,0x0020,0x0840,0x0020,0x0820,0x1860,0x28c0,0x1881,0x0020,0x0020,
0x0820,0x0820,0x0020,0x0841,0x0861,0x18c3,0x0861,0x0000,0x2104,0x4228,0x2965,0x0841,0x0040,0x0000,0x0020,0x0820,
0x0840,0x5982,0x30c0,0x28e2,0x3102,0x20a1,0x1860,0x0820,0x1040,0x20c1,0x1860,0x20a1,0x0000,0x0000,0x1061,0x1061,
0x18a1,0x18a1,0x1861,0x18a1,0x20a1,0x2081,0x1860,0x4800,0xfac0,0x5981,0x7201,0x6122,0x6060,0x2040,0x28c2,0x28c2,
0x30e2,0x20c2,0x18a1,0x1881,0x1060,0x1081,0x0861,0x0000,0x0000,0x1081,0x1060,0x1081,0x0000,0x0000,0x1060,0x0840,
0x0840,0x0840,0x30c0,0x20c1,0x0000,0x0020,0x0020,0x0020,0x0020,0x0841,0x0861,0x18c3,0x0861,0x0000,0x2124,0x4228,
0x2945,0x0841,0x0040,0x0020,0x0020,0x0820,0x0020,0x69c3,0x4101,0x20a1,0x20a1,0x20a1,0x3102,0x28c1,0x30e2,0x1881,
0x1860,0x20a1,0x1881,0x1081,0x1061,0x0820,0x1040,0x20c1,0x20c2,0x20c2,0x18a1,0x20a1,0x28c2,0x28a1,0x7121,0x18a1,
0x38a0,0x8160,0x48e1,0x5102,0x20c2,0x1881,0x1881,0x20c2,0x1881,0x20c2,0x1061,0x18a2,0x2923,0x18a2,0x20e2,0x1081,
0x1061,0x18a1,0x1881,0x1881,0x1081,0x1041,0x0020,0x1881,0x30e1,0x20a1,0x0020,0x0020,0x0020,0x0020,0x0020,0x0841,
0x0861,0x18c3,0x0861,0x0000,0x2104,0x4228,0x2945,0x0041,0x0040,0x0000,0x0000,0x0820,0x0020,0x28c1,0x38e1,0x20a1,
0x1040,0x1881,0x20a1,0x1040,0x1881,0x20a1,0x1860,0x18a1,0x0820,0x0020,0x1081,0x0840,0x1060,0x0820,0x0000,0x1040,
0x0840,0x0840,0x1061,0x0020,0x2801,0x72a3,0x9b63,0x5a23,0x0001,0x0020,0x1861,0x0820,0x1061,0x0840,0x0020,0x1061,
0x1061,0x1081,0x10a1,0x0000,0x0840,0x1061,0x0840,0x1081,0x0020,0x0020,0x1040,0x0020,0x0820,0x1060,0x28a0,0x0861,
0x0020,0x0020,0x0020,0x0020,0x0020,0x0841,0x0861,0x10a2,0x0861,0x0000,0x2104,0x4208,0x2945,0x0841,0x0040,0x0000,
0x0020,0x0820,0x0840,0x71c2,0x28a0,0x18a1,0x1881,0x20a1,0x1860,0x0800,0x1040,0x20c1,0x1881,0x18a1,0x0000,0x0000,
0x1061,0x0840,0x1061,0x0000,0x0000,0x0820,0x0840,0x0840,0x0020,0x0000,0xc404,0xb363,0x7a62,0xab64,0x9b63,0x0000,
0x1061,0x0840,0x1061,0x0000,0x0000,0x0840,0x1061,0x1081,0x0841,0x0000,0x0000,0x1061,0x0860,0x1061,0x0000,0x0000,
0x1061,0x0840,0x0840,0x0820,0x30e1,0x28c1,0x0000,0x0020,0x0020,0x0020,0x0020,0x0840,0x0841,0x10a2,0x0841,0x0000,
0x1904,0x3a08,0x2945,0x0040,0x0020,0x0020,0x0020,0x0820,0x0020,0x71e3,0x38e1,0x1060,0x0800,0x0800,0x20a1,0x1040,
0x1881,0x0820,0x0000,0x1040,0x1040,0x0840,0x0820,0x0000,0x0000,0x1061,0x0820,0x1061,0x0000,0x0000,0x0000,0x7a62,
0xa2e3,0x0000,0x0000,0x0000,0x8ac3,0x51c2,0x0000,0x0000,0x0000,0x1081,0x1040,0x1061,0x0000,0x0000,0x18a2,0x0840,
0x1081,0x0000,0x0000,0x0820,0x0840,0x0840,0x0020,0x0000,0x0000,0x1060,0x3901,0x20c1,0x0000,0x0020,0x0020,0x0020,
0x0020,0x0820,0x0841,0x10a2,0x0841,0x0000,0x1904,0x39e7,0x2945,0x0041,0x0020,0x0020,0x0020,0x0820,0x0020,0x6182,
0x4942,0x20a1,0x0820,0x1060,0x28c2,0x1040,0x20a1,0x1881,0x0820,0x18a1,0x0840,0x0840,0x1881,0x0020,0x1061,0x1061,
0x0840,0x1081,0x0840,0x0820,0x0001,0xa303,0x6a22,0x0000,0x0820,0x0000,0x7a63,0x72a3,0x0001,0x0020,0x1061,0x1061,
0x0841,0x18a1,0x0820,0x0861,0x18c2,0x0841,0x1081,0x0841,0x0020,0x1081,0x0840,0x0840,0x0861,0x0000,0x0820,0x1061,
0x30e1,0x1061,0x0020,0x0000,0x0020,0x0020,0x0020,0x0840,0x0841,0x10a2,0x0841,0x0000,0x1903,0x39c7,0x2124,0x0041,
0x0020,0x0020,0x0000,0x0820,0x0840,0x3123,0x3123,0x3984,0x49a5,0x41a4,0x41a4,0x41a4,0x41a4,0x41a5,0x41a4,0x3964,
0x2923,0x2903,0x2923,0x2943,0x2923,0x2922,0x2902,0x2902,0x20e2,0x20e2,0x08a2,0x8aa3,0x8aa3,0x0000,0x0000,0x0000,
0x7a84,0x49a3,0x2103,0x2923,0x2923,0x2943,0x2943,0x2943,0x2943,0x3164,0x2964,0x2944,0x2123,0x2103,0x2102,0x2103,
0x20e2,0x20c2,0x18c2,0x18c2,0x18c2,0x18c2,0x20e2,0x1081,0x0000,0x0000,0x0020,0x0020,0x0020,0x0840,0x0841,0x10a2,
0x0841,0x0000,0x18e3,0x39c7,0x2124,0x0041,0x0020,0x0000,0x0000,0x0820,0x0820,0x2923,0x3123,0x3964,0x4184,0x4184,
0x4184,0x4184,0x4184,0x4184,0x3984,0x3963,0x2923,0x2903,0x2923,0x2923,0x2923,0x2923,0x2903,0x2102,0x20e2,0x20e2,
0x20e2,0x0882,0x8a84,0x69e2,0x28c1,0x61c2,0x61e3,0x18e2,0x2903,0x2923,0x2923,0x2943,0x2943,0x2943,0x2943,0x2964,
0x2964,0x2944,0x2123,0x2103,0x2102,0x2123,0x2102,0x20e2,0x20e2,0x18e2,0x18e2,0x20e2,0x2103,0x10a2,0x0000,0x0000,
0x0020,0x0020,0x0020,0x0020,0x0841,0x1082,0x0841,0x0000,0x18e3,0x31c7,0x2104,0x0020,0x0020,0x0000,0x0000,0x0000,
0x0020,0x2103,0x2103,0x3143,0x3964,0x3964,0x3984,0x41a5,0x41a4,0x41a4,0x4184,0x3964,0x2943,0x2923,0x2944,0x2944,
0x2923,0x2923,0x2903,0x2903,0x2902,0x2102,0x2102,0x18c2,0x0081,0x4142,0x4942,0x3122,0x18e2,0x2923,0x2923,0x2923,
0x3143,0x3144,0x3144,0x3143,0x3164,0x3184,0x31a5,0x3164,0x2943,0x2943,0x2923,0x2923,0x2103,0x2103,0x2103,0x2103,
0x2103,0x2103,0x2103,0x1081,0x0000,0x0000,0x0000,0x0000,0x0000,0x0020,0x0841,0x1082,0x0841,0x0000,0x18e3,0x31a6,
0x2104,0x1081,0x0840,0x0820,0x0840,0x1860,0x1860,0x28e2,0x3943,0x4184,0x4184,0x4144,0x41a4,0x4184,0x51c5,0x49a4,
0x49a4,0x3963,0x3143,0x3123,0x3143,0x2923,0x3143,0x3943,0x3143,0x2902,0x28e2,0x20e2,0x20e2,0x20e2,0x20c2,0x1081,
0x1061,0x20c1,0x3102,0x3102,0x3122,0x3122,0x3123,0x3143,0x3143,0x2923,0x3143,0x3984,0x3184,0x3163,0x3163,0x3143,
0x3143,0x2923,0x2902,0x2902,0x2102,0x2902,0x2903,0x2923,0x2903,0x18a2,0x0820,0x0841,0x0861,0x1061,0x0841,0x0841,
0x0841,0x1082,0x0841,0x0000,0x18e3,0x3186,0x1903,0x0841,0x0020,0x0000,0x0840,0x1860,0x0020,0x3963,0xc4c8,0xac68,
0xa448,0xb4ca,0x7244,0x2060,0x1060,0x0800,0x1840,0x0820,0x0840,0x0820,0x0820,0x0820,0x20c1,0x3922,0x4122,0x0820,
0x0020,0x0000,0x0000,0x0020,0x0000,0x0820,0x0820,0x0000,0x0000,0x0000,0x0000,0x0000,0x0020,0x0820,0x0020,0x0000,
0x0000,0x0840,0x0020,0x0820,0x0820,0x0820,0x1040,0x1040,0x0820,0x0820,0x0000,0x18a1,0x4163,0x3922,0x3902,0x4143,
0x0840,0x1061,0x0841,0x1061,0x0861,0x0841,0x0841,0x0882,0x0841,0x0000,0x18c3,0x3186,0x2104,0x0020,0x0000,0x0000,
0x0020,0x0820,0x0000,0x8284,0x8ae5,0x8ba7,0x9409,0x9c2b,0x1000,0x0000,0x0800,0x0800,0x0800,0x0800,0x0000,0x0000,
0x0000,0x0020,0x0000,0x0000,0x0000,0x0000,0x0000,0x0000,0x0000,0x0000,0x0000,0x0000,0x0000,0x0000,0x0000,0x0000,
0x0000,0x0000,0x0000,0x0000,0x0000,0x0000,0x0000,0x0020,0x0020,0x0000,0x0000,0x0800,0x0820,0x0820,0x0820,0x0820,
0x0000,0x0000,0x4983,0x4142,0x30e2,0x3102,0x0841,0x0000,0x0020,0x0020,0x0021,0x0020,0x0020,0x0861,0x0841,0x0000,
0x18c3,0x3186,0x18e3,0x0020,0x0000,0x0000,0x0000,0x0820,0x0841,0x9ba6,0x82e5,0x8305,0xa4ca,0x6a46,0x0000,0x0820,
0x0820,0x0820,0x0820,0x0820,0x0000,0x0000,0x0000,0x0020,0x0020,0x0000,0x0000,0x0000,0x0000,0x0000,0x0000,0x0000,
0x0000,0x0000,0x0000,0x0000,0x0000,0x0000,0x0000,0x0000,0x0000,0x0020,0x0000,0x0000,0x0000,0x0020,0x0020,0x0000,
0x0000,0x0820,0x0820,0x0820,0x0820,0x0820,0x0820,0x0000,0x0820,0x4122,0x28e2,0x3102,0x0861,0x0000,0x0020,0x0020,
0x0040,0x0020,0x0020,0x0861,0x0841,0x0000,0x10c3,0x2965,0x18e3,0x0020,0x0000,0x0000,0x0000,0x0820,0x0000,0x8366,
0x9ba6,0x8ba7,0x7ae8,0x1040,0x0820,0x0820,0x0820,0x0820,0x0820,0x0820,0x0000,0x0000,0x0000,0x0020,0x0020,0x0000,
0x0000,0x0000,0x0000,0x0000,0x0000,0x0000,0x0000,0x0000,0x0020,0x0000,0x0000,0x0000,0x0000,0x0000,0x0000,0x0000,
0x0000,0x0000,0x0000,0x0020,0x0020,0x0020,0x0000,0x0820,0x0820,0x0820,0x0820,0x0820,0x0000,0x0000,0x0000,0x0020,
0x30c1,0x20c1,0x0000,0x0000,0x0020,0x0020,0x0020,0x0020,0x0020,0x0861,0x0841,0x0000,0x18c2,0x2965,0x18e3,0x0020,
0x0000,0x0000,0x0000,0x0820,0x0000,0x20a1,0x6203,0x4942,0x1020,0x0000,0x0820,0x0820,0x0820,0x0820,0x0820,0x0820,
0x0000,0x0000,0x0000,0x0020,0x0020,0x0000,0x0000,0x0000,0x0000,0x0000,0x0000,0x0000,0x0000,0x0000,0x0000,0x0020,
0x0000,0x0000,0x0000,0x0000,0x0000,0x0020,0x0000,0x0000,0x0000,0x0020,0x0020,0x0000,0x0000,0x0820,0x0820,0x0820,
0x0820,0x0000,0x0000,0x0000,0x0000,0x0000,0x0000,0x0020,0x0020,0x0000,0x0020,0x0020,0x0020,0x0020,0x0020,0x0861,
0x0040,0x0000,0x10c2,0x2945,0x18c3,0x0020,0x0000,0x0000,0x0000,0x0820,0x0840,0x0000,0x0000,0x0020,0x0820,0x0820,
0x0820,0x0820,0x0820,0x0820,0x0820,0x0820,0x0000,0x0000,0x0000,0x0020,0x0020,0x0000,0x0000,0x0000,0x0000,0x0000,
0x0000,0x0000,0x0000,0x0000,0x0000,0x0000,0x0000,0x0000,0x0000,0x0000,0x0000,0x0020,0x0000,0x0000,0x0000,0x0020,
0x0020,0x0020,0x0000,0x0820,0x0820,0x0820,0x0820,0x0000,0x0820,0x0000,0x0000,0x0000,0x0000,0x0020,0x0020,0x0000,
0x0020,0x0020,0x0020,0x0020,0x0020,0x0861,0x0020,0x0000,0x10a2,0x2945,0x18c3,0x0020,0x0000,0x0000,0x0000,0x0820,
0x0840,0x0020,0x0000,0x0820,0x0820,0x0820,0x0820,0x0820,0x0820,0x0820,0x0820,0x0000,0x0000,0x0000,0x0000,0x0000,
0x0020,0x0000,0x0000,0x0000,0x0000,0x0000,0x0000,0x0000,0x0000,0x0000,0x0000,0x0000,0x0000,0x0000,0x0000,0x0000,
0x0000,0x0020,0x0000,0x0000,0x0020,0x0020,0x0020,0x0020,0x0000,0x0820,0x0820,0x0820,0x0000,0x0000,0x0820,0x0000,
0x0000,0x0000,0x0000,0x0020,0x0020,0x0000,0x0020,0x0020,0x0020,0x0020,0x0020,0x0841,0x0020,0x0000,0x10a2,0x2144,
0x18c3,0x0020,0x0000,0x0000,0x0000,0x0820,0x0820,0x0020,0x0020,0x0820,0x0820,0x0820,0x0820,0x0820,0x0820,0x0820,
0x0820,0x0020,0x0000,0x0000,0x0000,0x0020,0x0020,0x0000,0x0000,0x0000,0x0000,0x0000,0x0000,0x0000,0x0000,0x0000,
0x0000,0x0000,0x0000,0x0000,0x0000,0x0000,0x0000,0x0000,0x0000,0x0000,0x0020,0x0020,0x0020,0x0020,0x0000,0x0820,
0x0820,0x0000,0x0000,0x0820,0x0820,0x0000,0x0000,0x0000,0x0000,0x0020,0x0000,0x0000,0x0020,0x0020,0x0020,0x0020,
0x0020,0x0841,0x0020,0x0000,0x10a2,0x2124,0x10a2,0x0020,0x0000,0x0000,0x0000,0x0820,0x0820,0x0020,0x0020,0x0820,
0x0820,0x0820,0x0820,0x0820,0x0820,0x0820,0x0820,0x0820,0x0000,0x0000,0x0000,0x0020,0x0020,0x0000,0x0000,0x0000,
0x0000,0x0000,0x0000,0x0000,0x0000,0x0000,0x0000,0x0020,0x0000,0x0000,0x0000,0x0000,0x0000,0x0020,0x0000,0x0000,
0x0020,0x0020,0x0020,0x0020,0x0000,0x0000,0x0000,0x0020,0x0820,0x0820,0x0820,0x0000,0x0000,0x0000,0x0000,0x0020,
0x0000,0x0000,0x0020,0x0020,0x0020,0x0020,0x0020,0x0841,0x0020,0x0000,0x1082,0x2104,0x10a2,0x0020,0x0000,0x0000,
0x0000,0x0820,0x0820,0x0020,0x0020,0x0820,0x0820,0x0820,0x0820,0x0820,0x0820,0x0820,0x0820,0x0820,0x0000,0x0000,
0x0000,0x0020,0x0020,0x0020,0x0000,0x0000,0x0000,0x0000,0x0000,0x0000,0x0000,0x0000,0x0000,0x0020,0x0000,0x0000,
0x0000,0x0000,0x0000,0x0020,0x0000,0x0000,0x0000,0x0020,0x0020,0x0000,0x0000,0x0000,0x0820,0x0820,0x0820,0x0820,
0x0820,0x0000,0x0000,0x0000,0x0000,0x0020,0x0000,0x0000,0x0020,0x0020,0x0020,0x0020,0x0020,0x0841,0x0020,0x0000,
0x1082,0x2104,0x10a2,0x0020,0x0000,0x0000,0x0000,0x0020,0x0820,0x0020,0x0020,0x0820,0x0820,0x0820,0x0820,0x0820,
0x0820,0x0820,0x0820,0x0020,0x0000,0x0000,0x0000,0x0020,0x0020,0x0020,0x0000,0x0000,0x0000,0x0000,0x0000,0x0000,
0x0000,0x0000,0x0000,0x0000,0x0000,0x0000,0x0000,0x0000,0x0000,0x0000,0x0000,0x0000,0x0000,0x0020,0x0020,0x0020,
0x0020,0x0820,0x0820,0x0820,0x0820,0x0820,0x0820,0x0000,0x0000,0x0000,0x0000,0x0000,0x0000,0x0000,0x0020,0x0020,
0x0020,0x0000,0x0000,0x0020,0x0020,0x0000,0x1082,0x18e3,0x1082,0x0020,0x0000,0x0000,0x0000,0x0020,0x0820,0x0020,
0x0000,0x0820,0x0820,0x0820,0x0820,0x0820,0x0820,0x0820,0x0820,0x0020,0x0000,0x0000,0x0000,0x0020,0x0020,0x0000,
0x0000,0x0000,0x0000,0x0000,0x0000,0x0000,0x0000,0x0000,0x0000,0x0020,0x0000,0x0000,0x0000,0x0000,0x0000,0x0000,
0x0000,0x0000,0x0000,0x0020,0x0020,0x0020,0x0020,0x0020,0x0820,0x0820,0x0820,0x0020,0x0020,0x0000,0x0000,0x0000,
0x0000,0x0000,0x0000,0x0000,0x0020,0x0020,0x0020,0x0000,0x0000,0x0020,0x0020,0x0000,0x0882,0x18e3,0x1082,0x0020,
0x0000,0x0000,0x0000,0x0020,0x0820,0x0020,0x0000,0x0820,0x0820,0x0820,0x0820,0x0820,0x0820,0x0820,0x0000,0x0000,
0x0000,0x0000,0x0000,0x0000,0x0000,0x0000,0x0000,0x0000,0x0000,0x0000,0x0000,0x0000,0x0000,0x0000,0x0000,0x0000,
0x0000,0x0000,0x0000,0x0000,0x0000,0x0000,0x0000,0x0000,0x0000,0x0000,0x0000,0x0000,0x0000,0x0000,0x0000,0x0020,
0x0020,0x0020,0x0020,0x0000,0x0000,0x0000,0x0000,0x0000,0x0000,0x0000,0x0020,0x0020,0x0020,0x0000,0x0000,0x0020,
0x0020,0x0000,0x0861,0x18e3,0x1082,0x0020,0x0000,0x0000,0x0000,0x0020,0x0820,0x0000,0x0000,0x0020,0x0820,0x0820,
0x0820,0x0820,0x0820,0x0020,0x0000,0x0000,0x0000,0x0000,0x0000,0x0000,0x0000,0x0000,0x0000,0x0000,0x0000,0x0000,
0x0000,0x0000,0x0000,0x0000,0x0000,0x0000,0x0000,0x0000,0x0000,0x0000,0x0000,0x0000,0x0000,0x0000,0x0000,0x0000,
0x0000,0x0000,0x0000,0x0000,0x0000,0x0000,0x0000,0x0000,0x0000,0x0000,0x0000,0x0000,0x0000,0x0000,0x0000,0x0000,
0x0000,0x0020,0x0020,0x0000,0x0000,0x0020,0x0020,0x0000,0x0861,0x18c3,0x0882,0x0000,0x0000,0x0000,0x0000,0x0000,
0x0000,0x0000,0x0000,0x0000,0x0820,0x0820,0x0820,0x0820,0x0820,0x0820,0x0000,0x0000,0x0000,0x0000,0x0000,0x0000,
0x0000,0x0000,0x0000,0x0000,0x0000,0x0000,0x0000,0x0000,0x0000,0x0000,0x0000,0x0000,0x0000,0x0000,0x0000,0x0000,
0x0000,0x0000,0x0000,0x0000,0x0000,0x0000,0x0000,0x0000,0x0000,0x0000,0x0000,0x0000,0x0000,0x0000,0x0000,0x0000,
0x0000,0x0000,0x0000,0x0000,0x0000,0x0000,0x0000,0x0000,0x0000,0x0000,0x0000,0x0020,0x0020,0x0000,0x0861,0x10a2,
0x0861,0x0000,0x0000,0x0000,0x0000,0x0000,0x0000,0x0000,0x0000,0x0000,0x0820,0x0820,0x0820,0x0820,0x0820,0x0820,
0x0000,0x0000,0x0000,0x0020,0x0020,0x0020,0x0020,0x0000,0x0000,0x0000,0x0000,0x0000,0x0000,0x0000,0x0000,0x0820,
0x0000,0x0000,0x0000,0x0000,0x0000,0x0000,0x0000,0x0000,0x0000,0x0000,0x0000,0x0000,0x0000,0x0000,0x0000,0x0000,
0x0000,0x0000,0x0000,0x0000,0x0000,0x0000,0x0000,0x0000,0x0000,0x0000,0x0000,0x0000,0x0000,0x0000,0x0000,0x0000,
0x0000,0x0000,0x0000,0x0000,};

const uint16_t N20[9380]={
0x0000,0x0000,0x0000,0x0000,0x0000,0x0000,0x0000,0x0000,0x0000,0x0000,0x0000,0x0000,0x0000,0x0000,0x0000,0x0000,
0x0000,0x0000,0x0000,0x0000,0x0000,0x0000,0x0000,0x0000,0x0000,0x0000,0x0000,0x0000,0x0000,0x0000,0x0000,0x0000,
0x0000,0x3102,0x8265,0x28a1,0x0000,0x0000,0x0000,0x0000,0x0000,0x0000,0x0000,0x0000,0x0000,0x0000,0x0000,0x0000,
0x0000,0x0000,0x0000,0x0000,0x0000,0x0000,0x0000,0x0000,0x0000,0x0000,0x0000,0x0000,0x0000,0x0000,0x0000,0x0000,
0x0000,0x0000,0x0000,0x0000,0x0000,0x0000,0x0000,0x0000,0x0000,0x0000,0x0000,0x0000,0x0000,0x0000,0x0000,0x0000,
0x0000,0x0000,0x0000,0x0000,0x0000,0x0000,0x0000,0x0000,0x0000,0x0000,0x0000,0x0000,0x0000,0x0000,0x0000,0x0000,
0x0000,0x0000,0x0000,0x0000,0x0000,0x0000,0x0861,0x5183,0x3902,0x6a26,0x0041,0x0000,0x0000,0x0000,0x0000,0x0000,
0x0000,0x0000,0x0000,0x0000,0x0000,0x0000,0x0000,0x0000,0x0000,0x0000,0x0000,0x0000,0x0000,0x0000,0x0000,0x0000,
0x0000,0x0000,0x0000,0x0000,0x0000,0x0000,0x0000,0x0000,0x0000,0x0000,0x0000,0x0000,0x0000,0x0000,0x0000,0x0000,
0x0000,0x0000,0x0000,0x0000,0x0000,0x0000,0x0000,0x0000,0x0000,0x0000,0x0000,0x0000,0x0000,0x0000,0x0000,0x0000,
0x0000,0x0000,0x0000,0x0000,0x0000,0x0000,0x0000,0x0000,0x0000,0x0000,0x0000,0x0000,0x18c2,0x3943,0x20a1,0x3165,
0x0841,0x0000,0x0000,0x0000,0x0000,0x0000,0x0000,0x0000,0x0000,0x0000,0x0000,0x0000,0x0000,0x0000,0x0000,0x0000,
0x0000,0x0000,0x0000,0x0000,0x0000,0x0000,0x0000,0x0000,0x0000,0x0000,0x0000,0x0000,0x0000,0x0000,0x0000,0x0000,
0x0000,0x0000,0x0000,0x0000,0x0000,0x0000,0x0000,0x0000,0x0000,0x0000,0x0000,0x0000,0x0000,0x0000,0x0000,0x0000,
0x0000,0x0000,0x0000,0x0000,0x0000,0x0000,0x0000,0x0000,0x0000,0x0000,0x0000,0x0000,0x0000,0x0000,0x0000,0x0000,
0x0000,0x0000,0x0041,0x4163,0x3102,0x6227,0x0000,0x0000,0x0000,0x0000,0x0000,0x0000,0x0000,0x0000,0x0000,0x0000,
0x0000,0x0000,0x0000,0x0000,0x0000,0x0000,0x0000,0x0000,0x0000,0x0000,0x0000,0x0000,0x0000,0x0000,0x0000,0x0000,
0x0000,0x0000,0x0000,0x0000,0x0000,0x0000,0x0000,0x0000,0x0000,0x0000,0x0000,0x0000,0x0000,0x0000,0x0000,0x0000,
0x0000,0x0000,0x0000,0x0000,0x0000,0x0000,0x0000,0x0000,0x0000,0x0000,0x0000,0x0000,0x0000,0x0000,0x0000,0x0000,
0x0000,0x0000,0x0000,0x0000,0x0000,0x0000,0x0000,0x0000,0x1061,0x5142,0x3102,0x7a06,0x0020,0x0000,0x0000,0x0000,
0x0000,0x0000,0x0000,0x0000,0x0000,0x0000,0x0000,0x0000,0x0000,0x0000,0x0000,0x0000,0x0000,0x0000,0x0000,0x0000,
0x0000,0x0000,0x0000,0x0000,0x0000,0x0000,0x0000,0x0000,0x0000,0x0000,0x0000,0x0000,0x0000,0x0000,0x0000,0x0000,
0x0000,0x0000,0x0000,0x0000,0x0000,0x0000,0x0000,0x0000,0x0000,0x0000,0x0000,0x0000,0x0000,0x0000,0x0000,0x0000,
0x0000,0x0000,0x0000,0x0000,0x0000,0x0000,0x0000,0x0000,0x0000,0x0000,0x0000,0x0000,0x0000,0x0000,0x1061,0x28c1,
0x28e1,0x3965,0x0841,0x0000,0x0000,0x0000,0x0000,0x0000,0x0000,0x0000,0x0000,0x0000,0x0000,0x0000,0x0000,0x0000,
0x0000,0x0000,0x0000,0x0000,0x0000,0x0000,0x0000,0x0000,0x0000,0x0000,0x0000,0x0000,0x0000,0x0000,0x0000,0x0000,
0x0000,0x0000,0x0000,0x0000,0x0000,0x0000,0x0000,0x0000,0x0000,0x0000,0x0000,0x0000,0x0000,0x0000,0x0000,0x0000,
0x0000,0x0000,0x0000,0x0000,0x0000,0x0000,0x0000,0x0000,0x0000,0x0000,0x0000,0x0000,0x0000,0x0000,0x0000,0x0000,
0x0000,0x0000,0x0000,0x0000,0x4183,0x51a4,0x4163,0x6246,0x2102,0x0000,0x0000,0x0000,0x0000,0x0000,0x0000,0x0000,
0x0000,0x0000,0x0000,0x0000,0x0000,0x0000,0x0000,0x0000,0x0000,0x0000,0x0000,0x0000,0x0000,0x0000,0x0000,0x0000,
0x0000,0x0000,0x0000,0x0000,0x0000,0x0000,0x0000,0x0000,0x0000,0x0000,0x0000,0x0000,0x0000,0x0000,0x0000,0x0000,
0x0000,0x0000,0x0000,0x0000,0x0000,0x0000,0x0000,0x0000,0x0000,0x0000,0x0000,0x0000,0x0000,0x0000,0x0000,0x0000,
0x0000,0x0000,0x0000,0x0000,0x0000,0x0000,0x0000,0x0000,0x0000,0x0000,0x3901,0x5162,0x4942,0x4942,0x4121,0x0000,
0x0000,0x0000,0x0000,0x0000,0x0000,0x0000,0x0000,0x0000,0x0000,0x0000,0x0000,0x0000,0x0000,0x0000,0x0000,0x0000,
0x0000,0x0000,0x0000,0x0000,0x0000,0x0000,0x0000,0x0000,0x0000,0x0000,0x0000,0x0000,0x0000,0x0000,0x0000,0x0000,
0x0000,0x0000,0x0000,0x0000,0x0000,0x0000,0x0000,0x0000,0x0000,0x0000,0x0000,0x0000,0x0000,0x0000,0x0000,0x0000,
0x0000,0x0000,0x0000,0x0000,0x0000,0x0000,0x0000,0x0000,0x0000,0x0000,0x0000,0x0000,0x0000,0x0000,0x0000,0x4a26,
0x6245,0x1000,0x3102,0x0820,0x1800,0xbc4a,0x18c2,0x0000,0x0000,0x0000,0x0000,0x0000,0x0000,0x0000,0x0000,0x0000,
0x0000,0x0000,0x0000,0x0000,0x0000,0x0000,0x0000,0x0000,0x0000,0x0000,0x0000,0x0000,0x0000,0x0000,0x0000,0x0000,
0x0000,0x0000,0x0000,0x0000,0x0000,0x0000,0x0000,0x0000,0x0000,0x0000,0x0000,0x0000,0x0000,0x0000,0x0000,0x0000,
0x0000,0x0000,0x0000,0x0000,0x0000,0x0000,0x0000,0x0000,0x0000,0x0000,0x0000,0x0000,0x0000,0x0000,0x0000,0x0000,
0x0000,0x0000,0x0000,0x0000,0x39a6,0xb44b,0xb3aa,0xa3a8,0x8308,0x7a86,0x8ae7,0x92e7,0x20e3,0x0000,0x0000,0x0000,
0x0000,0x0000,0x0000,0x0000,0x0000,0x0000,0x0000,0x0000,0x0000,0x0000,0x0000,0x0000,0x0000,0x0000,0x0000,0x0000,
0x0000,0x0000,0x0000,0x0000,0x0000,0x0000,0x0000,0x0000,0x0000,0x0000,0x0000,0x0000,0x0000,0x0000,0x0000,0x0000,
0x0000,0x0000,0x0000,0x0000,0x0000,0x0000,0x0000,0x0000,0x0000,0x0000,0x0000,0x0000,0x0000,0x0000,0x0000,0x0000,
0x0000,0x0000,0x0000,0x0000,0x0000,0x0000,0x0000,0x0000,0x0000,0x4185,0x8309,0x40c0,0x59a3,0xbc6d,0xdd2e,0xc46b,
0xa3a9,0x30c1,0x4143,0x28e2,0x0000,0x0000,0x0000,0x0000,0x0000,0x0000,0x0000,0x0000,0x0000,0x0000,0x0000,0x0000,
0x0000,0x0000,0x0000,0x0000,0x0000,0x0000,0x0000,0x0000,0x0000,0x0000,0x0000,0x0000,0x0000,0x0000,0x0000,0x0000,
0x0000,0x0000,0x0000,0x0000,0x0000,0x0000,0x0000,0x0000,0x0000,0x0000,0x0000,0x0000,0x0000,0x0000,0x0000,0x0000,
0x0000,0x0000,0x0000,0x0000,0x0000,0x0000,0x0000,0x0000,0x0000,0x0000,0x0000,0x0000,0x0000,0x0020,0x4185,0x3923,
0x0820,0x20a1,0x0820,0x0000,0x2020,0x1020,0x0000,0x1060,0x0820,0x30e2,0x1881,0x0000,0x0000,0x0000,0x0000,0x0000,
0x0000,0x0000,0x0000,0x0000,0x0000,0x0000,0x0000,0x0000,0x0000,0x0000,0x0000,0x0000,0x0000,0x0000,0x0000,0x0000,
0x0000,0x0000,0x0000,0x0000,0x0000,0x0000,0x0000,0x0000,0x0000,0x0000,0x0000,0x0000,0x0000,0x0000,0x0000,0x0000,
0x0000,0x0000,0x0000,0x0000,0x0000,0x0000,0x0000,0x0000,0x0000,0x0000,0x0000,0x0000,0x0000,0x0000,0x0000,0x0000,
0x0000,0x0000,0x0800,0x0820,0x1040,0x0820,0x1040,0x1860,0x20a1,0x3902,0x3942,0x3102,0x20a1,0x1060,0x1040,0x0820,
0x0800,0x0820,0x0820,0x1061,0x1081,0x0000,0x0000,0x0000,0x0000,0x0000,0x0000,0x0000,0x0000,0x0000,0x0000,0x0000,
0x0000,0x0000,0x0000,0x0000,0x0000,0x0000,0x0000,0x0000,0x0000,0x0000,0x0000,0x0000,0x0000,0x0000,0x0000,0x0000,
0x0000,0x0000,0x0000,0x0000,0x0000,0x0000,0x0000,0x0000,0x0000,0x0000,0x0000,0x0000,0x0000,0x0000,0x0000,0x0000,
0x0000,0x0000,0x0000,0x0020,0x0820,0x0820,0x0820,0x0820,0x0820,0x0820,0x0820,0x0820,0x0820,0x1881,0x3901,0x51a3,
0x4963,0x49a4,0x30e1,0x1880,0x1040,0x0820,0x0820,0x0820,0x0820,0x0820,0x0840,0x0820,0x0000,0x0000,0x0000,0x0000,
0x0000,0x0000,0x0000,0x0000,0x0000,0x0000,0x0000,0x0000,0x0000,0x0000,0x0000,0x0000,0x0000,0x0000,0x0000,0x0000,
0x0000,0x0000,0x0000,0x0000,0x0000,0x0000,0x0000,0x0000,0x0000,0x0000,0x0000,0x0000,0x0000,0x0000,0x0000,0x0000,
0x0000,0x0000,0x0000,0x0000,0x0000,0x0000,0x0820,0x0820,0x1040,0x1860,0x1040,0x0840,0x0820,0x0820,0x0820,0x0820,
0x0820,0x0820,0x0000,0x0000,0x0000,0x6a24,0x4983,0x7ac7,0x0000,0x0000,0x0800,0x0820,0x0820,0x0820,0x0820,0x0820,
0x0820,0x0820,0x0820,0x0820,0x0820,0x0820,0x0820,0x0820,0x0000,0x0000,0x0000,0x0000,0x0000,0x0000,0x0000,0x0000,
0x0000,0x0000,0x0000,0x0000,0x0000,0x0000,0x0000,0x0000,0x0000,0x0000,0x0000,0x0000,0x0000,0x0000,0x0000,0x0000,
0x0000,0x0000,0x0000,0x0000,0x0000,0x0000,0x0000,0x0000,0x0000,0x0000,0x0800,0x0820,0x0820,0x0820,0x0840,0x1860,
0x1040,0x0820,0x0820,0x0820,0x0820,0x0820,0x0820,0x0820,0x0820,0x0000,0x1061,0x4163,0x3122,0x6246,0x0000,0x0000,
0x0800,0x0800,0x0820,0x0820,0x0820,0x0820,0x0820,0x0820,0x0820,0x0820,0x0820,0x0820,0x0820,0x0820,0x0820,0x0820,
0x0800,0x0000,0x0000,0x0000,0x0000,0x0000,0x0000,0x0000,0x0000,0x0000,0x0000,0x0000,0x0000,0x0000,0x0000,0x0000,
0x0000,0x0000,0x0000,0x0000,0x0000,0x0000,0x0000,0x0000,0x0000,0x0000,0x0000,0x0000,0x0000,0x0000,0x0020,0x0820,
0x0820,0x0840,0x1060,0x1861,0x1060,0x1060,0x1060,0x1060,0x1881,0x1881,0x18a1,0x20a1,0x20a1,0x20a1,0x20a1,0x1881,
0x28e2,0x7a65,0x6a25,0x7286,0x0840,0x1881,0x1881,0x1880,0x1060,0x1040,0x1040,0x0840,0x0840,0x0820,0x0820,0x0820,
0x0820,0x0820,0x0820,0x0820,0x0000,0x0000,0x0000,0x0000,0x0800,0x0800,0x0800,0x0800,0x0000,0x0000,0x0000,0x0000,
0x0000,0x0000,0x0000,0x0000,0x0000,0x0000,0x0000,0x0000,0x0000,0x0000,0x0000,0x0000,0x0000,0x0000,0x0000,0x0000,
0x0020,0x0820,0x0840,0x1061,0x1061,0x1861,0x1861,0x1861,0x1861,0x1081,0x1060,0x0860,0x0860,0x1060,0x1040,0x1061,
0x1060,0x0840,0x0840,0x0840,0x0820,0x0000,0x0000,0x0040,0x1060,0x0840,0x0020,0x0840,0x0840,0x1060,0x1881,0x1881,
0x20a1,0x1881,0x1881,0x2081,0x1881,0x1881,0x1880,0x1860,0x1060,0x1060,0x1040,0x0840,0x0820,0x0820,0x0800,0x0800,
0x0800,0x0800,0x0800,0x0000,0x0000,0x0000,0x0000,0x0000,0x0000,0x0000,0x0000,0x0000,0x0000,0x0000,0x0000,0x0000,
0x0000,0x0000,0x1061,0x1081,0x0820,0x1040,0x1061,0x0840,0x0000,0x0000,0x1081,0x3123,0x2943,0x2923,0x3984,0x3963,
0x49c4,0x5a05,0x5a25,0x6a45,0x7a86,0x82a6,0x7a86,0x7a86,0x6a45,0x7265,0x7a65,0x92c6,0xbb68,0xb3c9,0x9328,0x8b07,
0x82a6,0x6225,0x5a05,0x3964,0x3143,0x2903,0x20e2,0x28e2,0x20a1,0x1081,0x0861,0x1060,0x1881,0x20a1,0x20a1,0x20a1,
0x1881,0x1881,0x1881,0x1860,0x1060,0x1040,0x0820,0x0820,0x0000,0x0820,0x2945,0x2104,0x0000,0x0000,0x0000,0x0000,
0x0000,0x0000,0x0000,0x0000,0x0000,0x0000,0x0000,0x20c1,0x2923,0x2903,0x0020,0x0000,0x0841,0x3185,0x62c9,0x8b8b,
0x936a,0x7ae8,0x82e8,0x9308,0x9328,0x9308,0x9307,0x8ae7,0x7a86,0x6a46,0x6a45,0x6a05,0x51c4,0x4963,0x4163,0x3943,
0x4163,0x51a4,0x61e4,0x4163,0x3102,0x3943,0x59a3,0x51c4,0x6205,0x6a25,0x6a45,0x6a25,0x6a45,0x82a7,0x82c7,0x7aa6,
0x6a66,0x51e5,0x3943,0x18c2,0x1881,0x1081,0x20c1,0x28e2,0x28c1,0x20a1,0x18a1,0x1881,0x1081,0x1040,0x0840,0x1061,
0x3145,0x41e7,0x49e6,0x0000,0x0000,0x0000,0x0000,0x0000,0x0000,0x0000,0x0000,0x0020,0x3102,0x2903,0x18a1,0x0020,
0x39a7,0x730a,0x7b0a,0x6268,0x5206,0x51e5,0x6225,0x6204,0x6225,0x59e4,0x51c4,0x59e4,0x6225,0x7286,0x8ae6,0x82c6,
0x82c6,0x6a24,0x59e4,0x51a3,0x51a4,0x51a4,0x51c4,0x7265,0x82c7,0x6225,0x51c4,0x51c4,0x59e5,0x5a05,0x6a26,0x6a46,
0x6246,0x6225,0x5a05,0x5a05,0x59e5,0x59e4,0x5a05,0x59e5,0x6205,0x6a25,0x7265,0x7aa6,0x3963,0x20c2,0x18a1,0x3102,
0x3122,0x3102,0x3102,0x2902,0x20a1,0x20c2,0x18a2,0x20c2,0x3964,0x49c5,0x0020,0x0000,0x0000,0x0000,0x0000,0x0000,
0x0020,0x3123,0x20e2,0x0000,0x39e8,0x838b,0x7b6c,0x5a26,0x20a0,0x3942,0x7245,0x7245,0x5a04,0x51c4,0x6a25,0x6a45,
0x7245,0x7aa6,0x82e6,0xa3e9,0x9b26,0x59c4,0x61e4,0x6204,0x6204,0x59c4,0x51a3,0x51a3,0x4983,0x7245,0x8ae7,0x6225,
0x51c4,0x59e5,0x6225,0x6a25,0x6a46,0x7266,0x7a86,0x8ac7,0x82a6,0x82a6,0x82a6,0x82c7,0x92e7,0x82c7,0x7aa6,0x6225,
0x49c4,0x7266,0xb3a7,0xab67,0x82c6,0x18c2,0x20c1,0x30e2,0x3102,0x3102,0x3102,0x3943,0x3123,0x18a2,0x1081,0x28e2,
0x3963,0x0000,0x0000,0x0000,0x0000,0x0000,0x28e2,0x18a2,0x0041,0x7b6c,0x7b4c,0x51e5,0x1860,0x1881,0x4163,0x51c4,
0x59e4,0x7a85,0x82a6,0x7a86,0x6204,0x6224,0x7aa6,0x9388,0x6a04,0x5182,0x51a3,0x59c4,0x59e4,0x61e4,0x6a04,0x7245,
0x6a04,0x59a3,0x3942,0x3102,0x3923,0x3943,0x4163,0x51c4,0x6205,0x6225,0x6a25,0x6a46,0x7246,0x7266,0x7a86,0x7a86,
0x7a86,0x7a86,0x7a86,0x82a6,0x8ac6,0x9307,0xab88,0xb3c8,0xa388,0x7aa6,0x6a45,0x82a6,0x59e4,0x1881,0x20c1,0x28e2,
0x28c1,0x28c2,0x3102,0x3944,0x20c2,0x0840,0x1861,0x1061,0x0000,0x0000,0x0000,0x1061,0x18a2,0x10e3,0x8b8c,0x7b2a,
0x2080,0x18a1,0x1881,0x3942,0x3943,0x6205,0x6a45,0x6a25,0x59c3,0x4142,0x7285,0x8ae6,0x8265,0x69c3,0x5183,0x49a3,
0x51a3,0x51a3,0x4983,0x4963,0x4963,0x3922,0x28c1,0x1881,0x1060,0x0840,0x0820,0x1060,0x1880,0x1881,0x3102,0x4983,
0x59e4,0x6205,0x5a05,0x6225,0x6225,0x6a25,0x6a25,0x6a45,0x7245,0x7245,0x6a25,0x6205,0x59e5,0x7245,0x8ae6,0xab67,
0x92e7,0x6a66,0x51c4,0x6205,0x20c2,0x20a1,0x28e1,0x20c1,0x20a1,0x28e2,0x3143,0x20e2,0x0820,0x1081,0x0020,0x0000,
0x0000,0x1081,0x10a3,0x7b4c,0x732b,0x1060,0x28e2,0x1881,0x28e2,0x3122,0x59e4,0x51c4,0x4983,0x3922,0x3102,0x8368,
0x8327,0x4942,0x4983,0x4142,0x4142,0x4142,0x4142,0x3922,0x3922,0x28e1,0x1060,0x0840,0x0820,0x0820,0x0820,0x0820,
0x0820,0x0820,0x0820,0x0820,0x0840,0x1040,0x1061,0x3943,0x49a4,0x49a4,0x51c4,0x51c4,0x51c4,0x51c4,0x51c4,0x59c4,
0x51c4,0x51c4,0x51c4,0x51a4,0x49a3,0x4183,0x51c4,0x6225,0x6246,0x49c4,0x49a4,0x20c2,0x28c1,0x28c1,0x20a1,0x1881,
0x20c2,0x3144,0x1081,0x1061,0x3922,0x0000,0x0020,0x0861,0x4a69,0x6b0b,0x1881,0x20c1,0x1061,0x0020,0x1040,0x3923,
0x20a2,0x1041,0x20a0,0x6286,0xa48b,0x8b68,0x3963,0x41c4,0x49c4,0x49e4,0x5204,0x5204,0x49c3,0x6225,0x59c3,0x2902,
0x18a1,0x20a1,0x20a1,0x28c1,0x20a1,0x28c1,0x28c1,0x20c1,0x20a1,0x20c1,0x30e2,0x20a1,0x28e2,0x3102,0x3922,0x7265,
0x7246,0x6a25,0x72a6,0x7aa6,0x7ac6,0x72a6,0x6a86,0x7ae7,0x7ac6,0x7286,0x7b07,0x72c6,0x51e4,0x3984,0x3123,0x3944,
0x20e3,0x3123,0x0800,0x20c2,0x28e2,0x3143,0x10a2,0x20e3,0x2923,0x0820,0x30e1,0x0020,0x0020,0x2125,0x730b,0x62a8,
0x6a46,0x4984,0x3943,0x72c6,0x8ba9,0x93ca,0x8347,0x72a5,0xc46a,0xbc8c,0xb42a,0x9347,0xa3a8,0x9b68,0x8ae7,0x9b27,
0xb429,0xbc6b,0xd50d,0xaba8,0x71e4,0x61c4,0x69e4,0x4942,0x3902,0x3102,0x30e2,0x3902,0x3922,0x4122,0x4142,0x4122,
0x4142,0x4122,0x4142,0x3902,0x3102,0x59a3,0x61e4,0x8ac6,0x8ae7,0x8ac7,0x9327,0x9b07,0x92c6,0x9b27,0x9307,0x9b27,
0xa388,0xa388,0x8286,0x92e6,0xff53,0xac0b,0xa368,0xbc0a,0xb429,0x7224,0x92c6,0x82a5,0x7a85,0x51a4,0x4184,0x0861,
0x1040,0x0840,0x0020,0x39c7,0x730b,0x59a4,0x2902,0x20c2,0x0841,0x20a1,0x28c0,0xee53,0xffd7,0xff98,0xfffc,0xffff,
0x6120,0x59c4,0x7266,0x6a46,0x6a46,0x6226,0x51c5,0x5144,0x5963,0x2082,0x18c2,0x2902,0x3102,0x3922,0x3922,0x3922,
0x3122,0x3102,0x28c2,0x1001,0x1001,0x1862,0x3923,0x3943,0x4143,0x4163,0x4163,0x3943,0x3123,0x51c4,0x82c7,0x7a87,
0x82a7,0x8ac7,0x9ae7,0x8ac7,0x82c7,0x82a7,0x82a6,0x82c7,0x8286,0x6942,0xf62f,0xed2c,0xecc9,0xf56b,0x3185,0x0000,
0x0820,0x0000,0x0000,0x2081,0x3943,0x18c2,0x0840,0x1040,0x0041,0x5269,0x62ca,0x1881,0x18a1,0x0841,0x0840,0x20c1,
0x1020,0xf718,0xff36,0xf73a,0xfffd,0xc3c7,0x30a0,0x7ac8,0x8b08,0x7ae8,0x82c7,0x7aa7,0x7287,0x7287,0x59e5,0x3943,
0x4163,0x4184,0x49a4,0x49a4,0x49a4,0x4984,0x4984,0x3923,0x3924,0xb4c9,0xee4b,0x93e8,0x28c4,0x4164,0x49a4,0x49c4,
0x51c4,0x51c5,0x49c4,0x4184,0x7aa7,0x9b29,0x9308,0xa348,0xa368,0xa369,0xa389,0xa389,0xaba9,0xbc0a,0xa368,0x9265,
0xab47,0xf5ed,0xdcca,0xfdcd,0x72c7,0x0000,0x1880,0x1860,0x1860,0x1881,0x2903,0x20e3,0x0820,0x1040,0x0882,0x5aa9,
0x5248,0x20a1,0x20c2,0x0840,0x0841,0x3102,0x2060,0xcdb2,0xfff9,0xff33,0xd427,0x5920,0x59c4,0x82e8,0x8b08,0x9348,
0x82c7,0x8b28,0x7266,0x7246,0x49c4,0x3943,0x4183,0x4163,0x4163,0x4983,0x4984,0x4983,0x3943,0x3964,0xffca,0xff09,
0xfd66,0xf6a9,0xee29,0x1883,0x51a4,0x51c4,0x51c4,0x51a4,0x51c4,0x49c4,0x4184,0x9b69,0x9308,0x9307,0x9b28,0xab89,
0xa389,0xb3ca,0xa389,0xb3ea,0xb3c9,0x7a24,0x8a44,0xa2c5,0xf58c,0xfef0,0x3123,0x0020,0x1061,0x1061,0x1061,0x18a1,
0x28e2,0x2923,0x0820,0x0820,0x10a3,0x5a89,0x4a07,0x20c2,0x18a2,0x0820,0x1061,0x3122,0x28e2,0x8b06,0xcc49,0x81c0,
0x0000,0x0020,0x4142,0x1060,0x28c1,0x2060,0x0000,0x28c1,0x1880,0x0840,0x1061,0x0000,0x0820,0x1061,0x0820,0x1881,
0x0000,0x0000,0x0000,0xb404,0xfce5,0x2800,0x0000,0x4880,0xfde5,0x49a2,0x0000,0x0000,0x0820,0x1061,0x0820,0x20a1,
0x0000,0x0800,0x4163,0x0040,0x28e2,0x2081,0x0000,0x4163,0x1040,0x1861,0x4983,0x0000,0x20a1,0x2061,0x69a3,0xb3a8,
0x0000,0x1040,0x1061,0x1060,0x1061,0x1881,0x28e2,0x2923,0x0020,0x0820,0x18c3,0x5a89,0x49e6,0x20c1,0x18a1,0x0820,
0x1061,0x3122,0x20e2,0x7a85,0x6121,0x1881,0x0840,0x1860,0x3922,0x30e1,0x3922,0x2080,0x1040,0x20a1,0x30e1,0x20a1,
0x1060,0x0000,0x0800,0x20a1,0x1060,0x2081,0x0000,0x0000,0x0001,0xf443,0x40a1,0x0000,0x1860,0x0000,0xcb03,0xa2e2,
0x0000,0x0000,0x0840,0x28c1,0x2081,0x20a1,0x0000,0x0020,0x5163,0x3902,0x4963,0x20a1,0x1060,0x3902,0x4963,0x4983,
0x3102,0x1880,0x20c1,0x8204,0x82a5,0x9347,0x0021,0x1040,0x1060,0x1060,0x1061,0x1881,0x20c2,0x2903,0x0840,0x0000,
0x18e3,0x5269,0x41a5,0x18a1,0x1081,0x0020,0x1061,0x3122,0x20e2,0x6a03,0x81c1,0x3902,0x28c1,0x30e2,0x28a1,0x1020,
0x1880,0x3922,0x20a1,0x30e2,0x0820,0x0000,0x1061,0x1060,0x1881,0x0800,0x0000,0x1040,0x1881,0x1861,0x0000,0x91e1,
0x71c1,0x0000,0x0000,0x38e1,0xcb43,0x2040,0x1881,0x1861,0x20a1,0x0800,0x0000,0x1060,0x1061,0x20a1,0x28c1,0x1040,
0x1880,0x3922,0x3102,0x4963,0x1860,0x1860,0x59c4,0x4142,0x61e4,0x20e2,0x8203,0xa366,0x0042,0x1040,0x1060,0x1060,
0x1041,0x18a1,0x20c2,0x3123,0x0820,0x0000,0x18e4,0x5269,0x41a5,0x20c2,0x1081,0x0020,0x1081,0x3122,0x20e2,0xd3c7,
0x81c2,0x4122,0x1060,0x2080,0x30e2,0x1880,0x28a1,0x20a1,0x1840,0x28a1,0x2080,0x1040,0x1040,0x0000,0x0820,0x1060,
0x0020,0x1861,0x0820,0x0820,0x1061,0x0020,0x8221,0x4121,0x61a1,0xfba3,0xaa21,0x0000,0x1861,0x0800,0x1040,0x1860,
0x0820,0x2081,0x0820,0x0820,0x3902,0x0860,0x30e2,0x28c1,0x2080,0x4142,0x20a1,0x3122,0x59c3,0x28e1,0x4962,0x4163,
0xaae5,0xa408,0x0001,0x1040,0x1060,0x1060,0x1040,0x20a1,0x2902,0x3123,0x0820,0x0000,0x1904,0x5269,0x41c6,0x28e2,
0x1061,0x0820,0x1061,0x3102,0x20c2,0x7265,0x9284,0x3922,0x0820,0x0840,0x3902,0x30e1,0x3902,0x1060,0x0840,0x1881,
0x30e2,0x20a1,0x20a1,0x2081,0x1881,0x30e2,0x28c2,0x20c2,0x1881,0x1881,0x28c2,0x3061,0x4840,0x7961,0x89c1,0x20a0,
0x3820,0x40a1,0x20a2,0x1881,0x1881,0x30e2,0x28e2,0x30e2,0x2081,0x1061,0x59a3,0x61c4,0x69e4,0x4983,0x4163,0x61e4,
0x9ac6,0x92a6,0x7265,0x7245,0x3963,0x8a65,0xa387,0x7b07,0x0021,0x0840,0x1060,0x1040,0x1040,0x20a1,0x28e2,0x3123,
0x0840,0x0800,0x1904,0x5249,0x41c6,0x28e2,0x1061,0x0820,0x1061,0x3122,0x2102,0x61e3,0x8181,0x4121,0x4163,0x5183,
0x4942,0x4122,0x4122,0x59a3,0x5183,0x5183,0x4142,0x28c1,0x3902,0x4123,0x2902,0x1862,0x48a1,0x5981,0x30e2,0x1022,
0x1001,0x2800,0x30a0,0x2060,0x0841,0x18a1,0x28c0,0x2020,0x2021,0x0002,0x2082,0x59a0,0x3000,0x1021,0x10c2,0x30e2,
0x3902,0x3902,0x4101,0x61c4,0x69e4,0x8265,0x59c3,0x59a3,0x9ac6,0x7a45,0x7a86,0x3922,0x8181,0xa386,0x0842,0x0840,
0x1061,0x1060,0x1040,0x20a1,0x28e2,0x3123,0x0840,0x0800,0x18e4,0x5249,0x41c6,0x28e2,0x1061,0x0820,0x1061,0x3102,
0x20e2,0xd3e7,0x91e2,0x5141,0x0840,0x1860,0x3901,0x2880,0x30c1,0x2881,0x1840,0x30e1,0x38e1,0x30e2,0x0081,0x0001,
0x5061,0xe220,0xf440,0x7a41,0x38e0,0xc400,0xf3a0,0xed20,0xff00,0x2821,0x69c0,0xfc60,0xe560,0xed00,0xfbc0,0xed20,
0x61e1,0x71c1,0xec40,0xea80,0x78a1,0x0001,0x10c2,0x28c1,0x4122,0x30e1,0x20a1,0x59a3,0x3922,0x4142,0x5183,0x3902,
0x7a66,0x4962,0xb2e4,0x9387,0x0000,0x1040,0x1060,0x1040,0x1040,0x18a1,0x28e2,0x3123,0x0820,0x0820,0x1904,0x5269,
0x41c6,0x28e2,0x1061,0x0820,0x1061,0x3102,0x20c2,0x72a5,0x9aa4,0x4942,0x0020,0x1040,0x30e1,0x28c1,0x38e1,0x2080,
0x1840,0x28a1,0x5183,0x10a3,0x3002,0xfb60,0xece0,0x3a01,0x7b01,0xcb80,0xff00,0xfc40,0x70c1,0x2801,0x1801,0x0061,
0xd900,0x6801,0x0001,0x2001,0x6861,0xeb00,0xfe60,0xc360,0x9321,0x39e2,0xc401,0xfb80,0x70e2,0x2883,0x59c4,0x28c1,
0x20a1,0x4943,0x51a3,0x51a3,0x3922,0x51a4,0x6a25,0x7a04,0xab87,0x6ac6,0x0841,0x1040,0x1061,0x1060,0x1040,0x18a1,
0x28e2,0x3123,0x0820,0x0820,0x18e4,0x5269,0x41c6,0x28e2,0x1061,0x0820,0x1061,0x3122,0x20e2,0x6203,0xa201,0x6141,
0x20c1,0x30c1,0x28a1,0x1820,0x2080,0x4122,0x30c1,0x3943,0x1063,0xd2a1,0xdc21,0x7a62,0x5a02,0xf5e0,0xfb00,0xc140,
0x1801,0x0001,0x0041,0x28a1,0x1840,0x50c1,0x4080,0x30a1,0x0820,0x0820,0x10a1,0x0001,0x0002,0xa0e0,0xfc40,0xe420,
0x4182,0x59e2,0xd4c1,0xfbc1,0x1803,0x3983,0x4143,0x59c4,0x20c1,0x20a1,0x7204,0x7a66,0x6a25,0x20c0,0x91c1,0x9346,
0x0042,0x0840,0x1061,0x1060,0x1040,0x18a1,0x28e2,0x3123,0x0841,0x0820,0x1904,0x5248,0x41a5,0x28e2,0x1061,0x0820,
0x1061,0x3102,0x20e2,0xd427,0x9201,0x6981,0x1080,0x2880,0x30e1,0x2060,0x28c1,0x38e1,0x1082,0x4083,0xaac3,0xd3c1,
0x2902,0xbc41,0xca20,0xd000,0x3800,0x0021,0x0020,0x1840,0x30c1,0x1840,0x2860,0x3880,0x3060,0x3080,0x2060,0x2040,
0x2081,0x1840,0x2081,0x0041,0x0001,0xc0c0,0xd260,0xb3a1,0x1824,0xd4a2,0xfe61,0x5003,0x08c3,0x59a4,0x3102,0x3942,
0x6a04,0x6a04,0x4142,0x4122,0xbae3,0x8ba7,0x0000,0x0840,0x1060,0x1060,0x1040,0x20a1,0x28e2,0x3123,0x0820,0x0820,
0x1904,0x5249,0x41c6,0x28e2,0x1061,0x0820,0x1081,0x3102,0x20c2,0x7aa5,0xa2a3,0x5162,0x0840,0x1860,0x3901,0x30c1,
0x4122,0x0862,0x5822,0xfd41,0x49c3,0x30a2,0xcb41,0x8021,0x7841,0x10a1,0x0040,0x2080,0x1840,0x28a1,0x2060,0x2040,
0x30c1,0x2860,0x3060,0x2860,0x2880,0x2880,0x2060,0x1000,0x1840,0x30c1,0x1081,0x08c1,0x8860,0xa0c1,0x8a22,0x5964,
0xaba3,0xfec1,0x70e2,0x20e4,0x59a3,0x6a05,0x51a3,0x7a45,0x30c1,0x8a63,0xab26,0x6285,0x0841,0x0840,0x1060,0x1060,
0x1040,0x20a1,0x28e2,0x2923,0x0840,0x0820,0x1904,0x5248,0x41c6,0x28e2,0x1061,0x0020,0x1061,0x3122,0x2102,0x6a04,
0xb261,0x7981,0x20c1,0x38e1,0x30c1,0x2060,0x1081,0x5063,0xfe80,0x9382,0x30a2,0xaa01,0x1042,0x68e2,0x1081,0x0820,
0x1000,0x1040,0x30e1,0x2081,0x1820,0x2860,0x30a1,0x2880,0x3080,0x28a0,0x2040,0x2020,0x28a1,0x1860,0x28a1,0x1020,
0x1000,0x1860,0x0081,0x7102,0x48e2,0x8102,0xb384,0xb404,0xfee1,0x8164,0x49a4,0x3902,0x7204,0x69e4,0x4163,0x38c1,
0xa221,0x82e5,0x0842,0x0840,0x1060,0x1060,0x1040,0x1061,0x20c2,0x2903,0x0840,0x0820,0x1904,0x4a28,0x41c5,0x20c2,
0x1061,0x0020,0x1081,0x3102,0x20c2,0xdd08,0xaa61,0x79a1,0x1080,0x30c1,0x4101,0x1881,0x2003,0xfea1,0xa382,0x7a23,
0x7942,0x0841,0x40a1,0x0840,0x1840,0x1840,0x1020,0x20a1,0x1040,0x1020,0x2060,0x30c1,0x2060,0x2860,0x2860,0x2880,
0x2060,0x2040,0x2060,0x1820,0x1860,0x1860,0x1840,0x2081,0x1840,0x0020,0xa182,0x5123,0x48e5,0xe504,0xc403,0xf483,
0x48a4,0x10c3,0x6a25,0x30e1,0x3922,0x5141,0xbb03,0x8387,0x0001,0x0840,0x1061,0x1060,0x1040,0x1040,0x18a2,0x2923,
0x0820,0x0820,0x1904,0x4a48,0x3985,0x1881,0x1061,0x0020,0x1081,0x3122,0x1881,0x8306,0xb324,0x5962,0x1040,0x2080,
0x4122,0x2822,0xf422,0xbbe2,0xd462,0x4963,0x3102,0x5102,0x2061,0x0800,0x1020,0x2080,0x28a1,0x2081,0x0800,0x0800,
0x2080,0x28a1,0x2060,0x2860,0x2860,0x2880,0x2880,0x2880,0x2060,0x1000,0x1840,0x28c1,0x2081,0x28a1,0x0800,0x0000,
0x2902,0xa204,0x69e5,0x61a5,0xfdc2,0x92c4,0xfd61,0x7144,0x7245,0x2081,0x18a1,0x9284,0xb346,0x6245,0x0821,0x0840,
0x1061,0x1061,0x1040,0x1040,0x18a1,0x2923,0x0820,0x0820,0x1904,0x5248,0x3985,0x18a1,0x1061,0x0020,0x1081,0x3122,
0x18c2,0x61e3,0xbaa1,0x91c1,0x20c1,0x3901,0x0802,0xd201,0xdd21,0xb382,0x9323,0x20a3,0x5101,0x2881,0x1860,0x1840,
0x1840,0x1861,0x2081,0x1020,0x1040,0x1040,0x30c1,0x1820,0x2020,0x28a1,0x2880,0x2880,0x2020,0x1820,0x2081,0x1860,
0x2081,0x1020,0x0800,0x1860,0x1860,0x2081,0x1060,0x2881,0x99e4,0x4964,0x9265,0xec62,0xdcc2,0xfcc1,0x4125,0x3902,
0x4943,0x48c1,0xaa40,0x7aa5,0x0862,0x0840,0x1061,0x1061,0x1040,0x1061,0x18a1,0x2923,0x0820,0x0820,0x1904,0x5249,
0x3985,0x18a1,0x1061,0x0020,0x1081,0x3122,0x18a2,0xcc86,0xb281,0x89e1,0x18a1,0x18c1,0x60c2,0xff00,0x8242,0xfc41,
0x1802,0x4942,0x6122,0x0840,0x1860,0x1020,0x1840,0x30c2,0x1020,0x1040,0x0820,0x1860,0x28a1,0x1820,0x2040,0x2880,
0x2880,0x2880,0x2060,0x2040,0x2060,0x1020,0x1860,0x1860,0x1040,0x2081,0x1040,0x1040,0x28a1,0x1081,0x6183,0x8204,
0x4905,0xeca4,0xecc1,0x92a3,0x6964,0x20a2,0x3922,0x5921,0xc302,0x7b66,0x0001,0x0840,0x1040,0x1060,0x1040,0x1060,
0x18a1,0x2923,0x0820,0x0820,0x18e4,0x5248,0x3985,0x18a1,0x1061,0x0020,0x1081,0x3922,0x18a2,0x7264,0xa2a3,0x6182,
0x1880,0x1001,0xea81,0xab42,0xf4a1,0x50a2,0x28a1,0x4942,0x38e1,0x2880,0x1840,0x0800,0x28a1,0x2081,0x1060,0x1860,
0x0800,0x28a1,0x2060,0x1840,0x2060,0x2060,0x2860,0x2880,0x2880,0x2080,0x1860,0x1000,0x1020,0x20a1,0x2081,0x2081,
0x0800,0x0800,0x3901,0x4922,0x9245,0x79a3,0x3903,0x71e6,0xfc62,0x8aa5,0xfe61,0x2002,0x28c2,0x8223,0xbb45,0x51e4,
0x0000,0x0820,0x1040,0x1060,0x1040,0x1040,0x18a1,0x2903,0x0820,0x0820,0x18e3,0x5248,0x3985,0x18a1,0x1061,0x0020,
0x1081,0x3922,0x18c2,0x61a1,0xba81,0xa1e1,0x18e2,0x5862,0xfd61,0xc441,0xfb61,0x18a2,0x4102,0x4942,0x2040,0x1020,
0x1860,0x2081,0x28c2,0x0000,0x0800,0x0820,0x2081,0x28c1,0x1020,0x1000,0x1840,0x28a1,0x2880,0x2881,0x1840,0x1820,
0x2080,0x1840,0x2080,0x1020,0x0800,0x1040,0x1840,0x1860,0x0840,0x38e2,0x71c3,0x61a3,0x69c4,0x6a04,0x6944,0x8b04,
0xe3a2,0xba01,0x2123,0x50e1,0xba61,0x6a44,0x0021,0x0840,0x0840,0x1040,0x1040,0x0840,0x18a1,0x2923,0x0840,0x0820,
0x18e3,0x4a28,0x3985,0x1881,0x1061,0x0000,0x1881,0x3922,0x18a2,0xdc65,0xaa41,0x89c1,0x0822,0xfb41,0xb362,0xfea0,
0x4002,0x30e1,0x5962,0x4102,0x2880,0x1020,0x2081,0x28a1,0x0820,0x1040,0x0820,0x1040,0x28c1,0x1040,0x1840,0x1820,
0x1840,0x2080,0x2880,0x2080,0x2060,0x1840,0x2060,0x1020,0x1840,0x1040,0x1020,0x1860,0x1020,0x0840,0x20a1,0x69a3,
0x4922,0x4122,0x6983,0x71c3,0x69a5,0xfd42,0xa383,0xfea0,0x2003,0x5101,0xc302,0x5aa5,0x0000,0x0840,0x1040,0x1061,
0x1040,0x1040,0x1881,0x2903,0x0840,0x0020,0x18e4,0x4a28,0x3985,0x18a1,0x1061,0x0020,0x1081,0x3922,0x10a2,0x7aa3,
0x9a83,0x4142,0x5021,0xfee0,0x8a22,0xca01,0x2123,0x4901,0x5963,0x28c1,0x38c1,0x2060,0x30c2,0x1040,0x0800,0x1881,
0x1040,0x20a1,0x20a1,0x0800,0x1840,0x1860,0x2060,0x2060,0x2080,0x2080,0x2080,0x2080,0x1860,0x1000,0x1020,0x20a1,
0x2080,0x1881,0x0000,0x0020,0x5162,0x4942,0x61a3,0x38e1,0x38e1,0x71c4,0x6a25,0x8983,0xd482,0xfe80,0x90c1,0x5183,
0xb324,0x5a45,0x0862,0x0840,0x1061,0x1061,0x1040,0x1041,0x18a1,0x2903,0x0841,0x0000,0x18e4,0x4a48,0x3985,0x18a1,
0x1061,0x0020,0x1081,0x3922,0x10c2,0x6981,0xc260,0x79a2,0xaa21,0xdd01,0xfde1,0x5842,0x3943,0x5962,0x5183,0x38e1,
0x2040,0x1861,0x28a1,0x0820,0x1860,0x0820,0x0800,0x20a1,0x1860,0x1040,0x1040,0x1020,0x1840,0x28a1,0x2881,0x2081,
0x1840,0x1820,0x2080,0x1840,0x1860,0x0820,0x0800,0x1040,0x1040,0x38e2,0x2081,0x1040,0x30e1,0x5162,0x4101,0x7a45,
0x59c4,0x3062,0xd242,0xbbe1,0xe401,0x50a1,0xba60,0x7284,0x0062,0x0840,0x1061,0x1061,0x1040,0x1061,0x18a1,0x2923,
0x0840,0x0820,0x1904,0x4a28,0x3985,0x18a1,0x1061,0x0020,0x1081,0x3922,0x10c2,0xcbe4,0xb240,0x80e2,0xfc80,0xb3a2,
0xeba1,0x1802,0x5183,0x4121,0x4122,0x30c1,0x28a1,0x3102,0x1040,0x0820,0x1040,0x1040,0x1060,0x28c2,0x0820,0x1020,
0x1840,0x1820,0x1840,0x2081,0x2081,0x2080,0x2060,0x1840,0x1860,0x1020,0x1840,0x1040,0x0820,0x1040,0x28c1,0x28c1,
0x1860,0x2080,0x4122,0x4942,0x30c1,0x7225,0x6a04,0x08e2,0xc2e2,0xb362,0xf641,0x6001,0xd2e2,0x5265,0x0021,0x0840,
0x1061,0x1061,0x1040,0x1060,0x1881,0x2903,0x0841,0x0820,0x18e4,0x4a28,0x3985,0x18a1,0x1061,0x0020,0x1081,0x3922,
0x18c2,0x6a43,0x8a22,0x68e1,0xf660,0xb403,0xd342,0x28c3,0x5183,0x38e1,0x3902,0x2880,0x4142,0x28a1,0x1040,0x0800,
0x0820,0x1881,0x28c2,0x1881,0x0800,0x0820,0x1840,0x1860,0x2060,0x2060,0x2080,0x2060,0x2080,0x2081,0x1840,0x1000,
0x1020,0x2081,0x1860,0x28c1,0x30c1,0x0800,0x28c1,0x4922,0x59a3,0x38e1,0x30c1,0x7224,0x7a04,0x4163,0x91e2,0xed01,
0xfea1,0x8102,0xc2c4,0x5224,0x0842,0x0840,0x1061,0x1061,0x1040,0x1061,0x18a1,0x2903,0x0841,0x0820,0x18e4,0x4a28,
0x3985,0x18a1,0x1061,0x0020,0x1081,0x3922,0x20e2,0x4141,0xc220,0xb201,0xdda1,0xd3e2,0x6102,0x28e2,0x5183,0x5162,
0x38e1,0x3902,0x4142,0x0000,0x1860,0x1040,0x1040,0x1060,0x20a2,0x0820,0x1040,0x1040,0x1040,0x1020,0x1840,0x28a1,
0x2881,0x2081,0x1840,0x1020,0x1861,0x1840,0x1860,0x0820,0x0840,0x30e2,0x1040,0x1060,0x1860,0x1040,0x30c1,0x4942,
0x4962,0x69e4,0x79e4,0x3902,0x6143,0xf4e1,0xbba1,0xc180,0xca00,0x6a64,0x0862,0x0840,0x1061,0x1061,0x1040,0x1040,
0x1881,0x2903,0x0840,0x0820,0x18e4,0x4a28,0x3965,0x18a1,0x1061,0x0020,0x1081,0x3922,0x18e2,0xcb64,0xb1e0,0xcac1,
0xdd41,0xf521,0x40a3,0x4922,0x59a3,0x4962,0x30a1,0x4122,0x28c1,0x0820,0x1840,0x0820,0x1040,0x28c2,0x1861,0x1020,
0x1020,0x1020,0x1840,0x1040,0x1840,0x2081,0x2081,0x2080,0x1840,0x1840,0x1860,0x1020,0x1040,0x1040,0x30e2,0x1881,
0x0820,0x1040,0x1881,0x1880,0x3902,0x4122,0x59a3,0x61e4,0x7204,0x59a3,0x4082,0xf441,0xb342,0xd220,0xda82,0x4a44,
0x0001,0x0840,0x1040,0x1040,0x1040,0x1040,0x1881,0x2923,0x0840,0x0820,0x18e4,0x4a28,0x3985,0x1881,0x0861,0x0020,
0x1061,0x3922,0x18e2,0x7202,0x8982,0xd401,0xdd41,0xf461,0x4083,0x59a3,0x4962,0x5163,0x30e1,0x4143,0x30c1,0x2081,
0x1040,0x0000,0x0840,0x28c2,0x1040,0x1860,0x0820,0x0800,0x1860,0x1860,0x2060,0x2060,0x2080,0x2060,0x2081,0x2061,
0x1840,0x1000,0x1020,0x28e2,0x28a1,0x1860,0x0800,0x0800,0x28a1,0x4102,0x5983,0x30e1,0x7205,0x5163,0x61a3,0x6a04,
0x2822,0xfc20,0xabc2,0xb261,0xba83,0x41c3,0x0841,0x0820,0x0840,0x1040,0x1040,0x0840,0x18a1,0x2923,0x0840,0x0820,
0x18e3,0x4a28,0x3985,0x1881,0x0861,0x0020,0x1061,0x3922,0x1902,0x4121,0xe1e0,0xf420,0xc4c2,0xec01,0x2863,0x5983,
0x38c1,0x5163,0x4963,0x3922,0x1040,0x0800,0x1860,0x1020,0x20a1,0x1040,0x0800,0x1040,0x1040,0x1040,0x1040,0x1020,
0x1840,0x28a1,0x2081,0x2081,0x1840,0x1020,0x1860,0x1020,0x2081,0x20a1,0x0000,0x1040,0x1040,0x1040,0x1040,0x1860,
0x20a1,0x61c4,0x6a25,0x69e4,0x38e1,0x6183,0x50e3,0xf400,0x9b03,0xeaa0,0xc201,0x51e3,0x0021,0x0820,0x1040,0x1060,
0x1040,0x0840,0x18a1,0x2923,0x0840,0x0820,0x18e3,0x4a28,0x3985,0x1881,0x0841,0x0020,0x1061,0x3122,0x10e2,0xd3e5,
0xba00,0xfb41,0xcbe2,0x9921,0x4163,0x4922,0x38c1,0x5183,0x4122,0x28a1,0x2080,0x0820,0x1040,0x1040,0x28e2,0x1020,
0x0820,0x1040,0x1020,0x1020,0x1860,0x1040,0x1840,0x2081,0x2081,0x2081,0x1860,0x1840,0x1840,0x2081,0x28e2,0x1040,
0x0820,0x1040,0x1020,0x1040,0x1860,0x2080,0x28a1,0x6a04,0x5983,0x7204,0x30c1,0x4943,0x70e3,0xecc0,0x9b03,0xda20,
0xda82,0x5aa5,0x0021,0x0840,0x1061,0x1061,0x1040,0x1041,0x18a2,0x2903,0x0841,0x0820,0x18e3,0x4a28,0x3985,0x1881,
0x0841,0x0020,0x1061,0x3122,0x18c2,0x6203,0x9242,0x4922,0x6142,0x00a1,0x5183,0x4122,0x4942,0x61e4,0x28c1,0x2080,
0x30c1,0x1861,0x0820,0x1881,0x1861,0x1860,0x1860,0x1860,0x0820,0x1000,0x1860,0x1860,0x2080,0x2060,0x2060,0x2060,
0x2081,0x2060,0x1860,0x28c2,0x1040,0x1880,0x1860,0x1860,0x0800,0x0800,0x28a1,0x3901,0x5983,0x6a05,0x5183,0x61c4,
0x4942,0x4163,0xa923,0xed40,0xa383,0xaa21,0xba83,0x4a04,0x0041,0x0820,0x1061,0x1061,0x1040,0x1061,0x18a2,0x2903,
0x0841,0x0840,0x18e3,0x4a28,0x3985,0x1081,0x0841,0x0020,0x1061,0x3122,0x2902,0x3901,0x91e1,0x5982,0x5183,0x4122,
0x59a3,0x28a0,0x4943,0x61e4,0x3922,0x28c1,0x1840,0x0800,0x1861,0x30e2,0x1040,0x0820,0x0800,0x1020,0x1040,0x1040,
0x1040,0x1020,0x1840,0x28a1,0x2081,0x2080,0x1840,0x1020,0x28c2,0x1881,0x1840,0x1020,0x0800,0x1040,0x1040,0x1040,
0x1840,0x1040,0x30c1,0x6a04,0x7204,0x4963,0x28a1,0x10a2,0x9943,0xece0,0x79c2,0xc9a0,0xba20,0x49c4,0x0042,0x0820,
0x1061,0x1061,0x1040,0x1061,0x20c2,0x2923,0x0841,0x0840,0x18e3,0x4a28,0x3985,0x1081,0x0841,0x0020,0x1081,0x3102,
0x18a2,0xcc46,0x9202,0x5982,0x4962,0x4142,0x5183,0x30c1,0x61c4,0x30e2,0x3902,0x3922,0x1860,0x0820,0x28a1,0x1881,
0x0820,0x1040,0x0820,0x1040,0x1020,0x1020,0x1860,0x1040,0x1840,0x2081,0x28a1,0x2060,0x1840,0x28c1,0x20a1,0x1020,
0x1840,0x1040,0x1020,0x1840,0x1020,0x1040,0x1860,0x1840,0x4963,0x69e4,0x5983,0x4122,0x38e2,0x1042,0xb282,0xee20,
0x71a2,0xa980,0xe2a2,0x6ae5,0x0001,0x0820,0x1040,0x1061,0x1040,0x1061,0x20c2,0x2923,0x0841,0x0840,0x18e3,0x4a28,
0x39a5,0x1881,0x0841,0x0020,0x1061,0x3102,0x18c2,0x6a24,0x9a83,0x4142,0x3901,0x4942,0x59a3,0x4942,0x59c4,0x1881,
0x2080,0x4143,0x38e2,0x1861,0x30e2,0x0000,0x0820,0x1861,0x1860,0x1860,0x0820,0x0800,0x1860,0x2060,0x2060,0x2081,
0x20a1,0x1860,0x28c1,0x28c1,0x1840,0x1020,0x1020,0x2081,0x1860,0x1860,0x0820,0x0820,0x20a1,0x38e1,0x6a04,0x6a04,
0x28a1,0x4102,0x5163,0x3083,0xd3a1,0xf6c0,0xa202,0x81c1,0xc283,0x41a4,0x0021,0x0820,0x1041,0x1060,0x1040,0x1061,
0x20c2,0x2923,0x0820,0x0840,0x18e3,0x4a28,0x39a5,0x1881,0x0841,0x0020,0x1061,0x3102,0x20e2,0x30e1,0x89e1,0x5182,
0x4142,0x61e4,0x30e1,0x3902,0x51a3,0x4142,0x20a1,0x3902,0x30e2,0x1861,0x20a1,0x0820,0x1040,0x0820,0x0800,0x1040,
0x1840,0x1040,0x1840,0x1020,0x1040,0x28c1,0x20a1,0x2081,0x28c1,0x1820,0x2060,0x1840,0x1860,0x1020,0x0800,0x1840,
0x1840,0x1860,0x1040,0x1860,0x61e4,0x4962,0x4101,0x4942,0x38e1,0x1802,0xd321,0xe5e1,0x68e2,0x7920,0xd241,0x2923,
0x0041,0x0820,0x1061,0x1060,0x1040,0x1881,0x20e2,0x2903,0x0840,0x1040,0x18e3,0x4a08,0x39a5,0x20c2,0x0841,0x0020,
0x1061,0x3102,0x18c2,0xd446,0x9222,0x59a3,0x30e1,0x61c4,0x4122,0x59a4,0x4963,0x3902,0x2081,0x28c1,0x28c1,0x30e2,
0x1061,0x0820,0x1040,0x1040,0x0820,0x1040,0x1040,0x1040,0x1860,0x1020,0x1840,0x28a1,0x20a1,0x28c1,0x2060,0x1840,
0x1860,0x1040,0x1860,0x1840,0x1020,0x1840,0x1020,0x1040,0x1040,0x5163,0x5183,0x3901,0x4101,0x4942,0x3902,0x3023,
0xfc80,0x9b42,0x6082,0x7120,0xdaa2,0x7365,0x0000,0x0820,0x1061,0x1061,0x1040,0x18a1,0x20e2,0x2923,0x0840,0x1040,
0x18e3,0x4a28,0x39a5,0x20a2,0x0841,0x0020,0x1061,0x3102,0x18c2,0x6224,0x9a84,0x4962,0x2080,0x4962,0x5183,0x61e4,
0x5183,0x20a1,0x1860,0x20a1,0x3902,0x28c2,0x2081,0x0820,0x0820,0x1881,0x1860,0x1860,0x0820,0x1040,0x1860,0x2081,
0x2081,0x20a1,0x28c2,0x28a1,0x28a1,0x2881,0x1840,0x1020,0x1040,0x2080,0x2060,0x1860,0x1000,0x1040,0x38e2,0x5163,
0x4962,0x38e1,0x38e1,0x4922,0x4984,0x6883,0xee00,0x5123,0x40e2,0x71a2,0xcac3,0x3163,0x0000,0x0020,0x1061,0x1060,
0x1040,0x18a1,0x20e2,0x2923,0x0840,0x0840,0x18e4,0x4a08,0x39a5,0x20c1,0x0841,0x0020,0x1061,0x3102,0x28e2,0x28c1,
0x81e1,0x5182,0x3901,0x61a3,0x59c4,0x4143,0x28c1,0x4122,0x28a1,0x30e2,0x4122,0x0000,0x2081,0x28c2,0x1861,0x1040,
0x1040,0x2081,0x28a2,0x28c2,0x2081,0x20a1,0x20a1,0x28e2,0x28c1,0x20a1,0x28c1,0x28c1,0x28a1,0x2060,0x1860,0x1020,
0x0800,0x1840,0x2081,0x30e2,0x2081,0x4143,0x38c1,0x4922,0x4922,0x5163,0x1803,0xfc20,0xdc81,0x9ac2,0x3903,0x7100,
0xb9e1,0x0882,0x0020,0x0020,0x1061,0x1061,0x1060,0x18a1,0x20e2,0x2903,0x0841,0x1040,0x18e3,0x4a08,0x3985,0x18a1,
0x0840,0x0020,0x1061,0x2902,0x18c2,0xcc47,0x8a02,0x5182,0x3901,0x5183,0x61e4,0x4142,0x30e1,0x3902,0x2081,0x3902,
0x3902,0x0000,0x1061,0x1861,0x28c2,0x28c2,0x28e2,0x20a1,0x1840,0x1040,0x1860,0x1840,0x1840,0x2080,0x1860,0x2060,
0x2060,0x2060,0x2060,0x2060,0x2081,0x28c1,0x2081,0x28c1,0x28a1,0x1820,0x30e2,0x4122,0x38c1,0x4122,0x4122,0x3944,
0x8863,0xff60,0xab81,0xdb61,0x0862,0x68e0,0xb201,0x6ae3,0x0000,0x0020,0x1061,0x1060,0x1040,0x18a1,0x20e2,0x2903,
0x0841,0x0840,0x18e3,0x4a08,0x3985,0x18a2,0x0840,0x0020,0x1061,0x3102,0x18a1,0x7264,0x9aa4,0x4162,0x28c1,0x4963,
0x61e4,0x59a3,0x4943,0x20a1,0x1880,0x4143,0x30e1,0x1881,0x28a1,0x28c2,0x20a2,0x20a1,0x2081,0x2081,0x1040,0x1020,
0x1860,0x2060,0x2060,0x2081,0x2060,0x2060,0x2880,0x2080,0x1840,0x1840,0x1860,0x28a1,0x28c1,0x30e1,0x2081,0x1020,
0x30e2,0x38e1,0x4122,0x4102,0x3923,0x3844,0xfc00,0xd4a0,0xa9c2,0x7142,0x1061,0x5921,0xa222,0x20e2,0x0000,0x0020,
0x1061,0x1060,0x1040,0x18a1,0x20e2,0x2903,0x0841,0x0840,0x18e3,0x4a08,0x3985,0x18a1,0x0840,0x0020,0x1061,0x3102,
0x28e2,0x3101,0x89e2,0x4162,0x4142,0x59c4,0x4963,0x3922,0x28c1,0x4122,0x28e1,0x4963,0x28c1,0x20a1,0x20a1,0x2081,
0x1060,0x0820,0x0800,0x1040,0x2081,0x20a1,0x2081,0x1861,0x2060,0x28c1,0x2081,0x28a1,0x2881,0x2081,0x30e2,0x28c1,
0x2081,0x1820,0x1020,0x2060,0x30e1,0x30e2,0x30e2,0x3080,0x38e1,0x4963,0x2804,0xcac2,0xff60,0xb322,0x78e2,0x4183,
0x28c1,0x5080,0x8960,0x0061,0x0000,0x0020,0x1061,0x1060,0x1040,0x18a1,0x20e2,0x2903,0x0841,0x0840,0x18e4,0x4a08,
0x3985,0x18a2,0x0840,0x0000,0x1061,0x28e2,0x18a2,0xd427,0x8a02,0x4962,0x3922,0x59e4,0x4983,0x4142,0x4122,0x30e1,
0x4143,0x4963,0x4963,0x18a1,0x1040,0x0820,0x1040,0x1040,0x0820,0x1860,0x2081,0x2081,0x20a1,0x2081,0x2081,0x2881,
0x2080,0x28a1,0x28c1,0x28a1,0x28c1,0x28c1,0x28a1,0x2060,0x1840,0x1840,0x1820,0x2860,0x3902,0x4123,0x3102,0x3804,
0xf221,0xf620,0xfee1,0x8802,0x3942,0x61a3,0x2080,0x5080,0x81a1,0x5a42,0x0000,0x0020,0x1061,0x1060,0x1040,0x18a1,
0x20e2,0x2903,0x0841,0x0840,0x18e4,0x4a07,0x3985,0x18a1,0x0840,0x0020,0x1061,0x28e2,0x18a1,0x7264,0x9a84,0x4142,
0x30e1,0x59c4,0x51a3,0x4963,0x5183,0x3902,0x4963,0x4963,0x3902,0x1040,0x0840,0x0800,0x1040,0x20a1,0x20a1,0x2081,
0x1020,0x1020,0x2060,0x2060,0x2860,0x2880,0x2060,0x2860,0x2880,0x2880,0x2060,0x2040,0x2060,0x28c1,0x28c1,0x28a1,
0x2060,0x30c1,0x20c1,0x30e3,0x2004,0xfc41,0xffe0,0xff20,0x5863,0x5122,0x4942,0x69a3,0x1020,0x48c0,0x7181,0x2901,
0x0000,0x0020,0x1061,0x1061,0x1040,0x18a1,0x20e2,0x2903,0x0841,0x0840,0x18e3,0x4a08,0x3965,0x18a1,0x0840,0x0020,
0x1061,0x28e2,0x20c1,0x3102,0x8a02,0x3942,0x4163,0x59e4,0x51a3,0x2080,0x3922,0x59e4,0x5184,0x4122,0x0820,0x0800,
0x1861,0x20a1,0x20a1,0x1040,0x0800,0x1840,0x1840,0x1840,0x2060,0x1820,0x2040,0x30c1,0x2880,0x2880,0x3060,0x2860,
0x30a1,0x2860,0x2880,0x2060,0x2060,0x28a1,0x4102,0x20e3,0x2802,0xfb01,0x9a82,0x8323,0xffe0,0x9223,0x2863,0x30c1,
0x5162,0x4901,0x1060,0x5060,0x8140,0x10a1,0x0000,0x0020,0x1061,0x1061,0x1040,0x18a1,0x20e2,0x2903,0x0841,0x0840,
0x18e3,0x4a08,0x3965,0x1881,0x0840,0x0020,0x0861,0x28e2,0x18a1,0xbc06,0x9202,0x5182,0x4163,0x4142,0x5183,0x4143,
0x59c4,0x5163,0x30e2,0x30e1,0x1880,0x1861,0x1881,0x1040,0x1040,0x1040,0x1020,0x1840,0x1840,0x1840,0x2060,0x2040,
0x2860,0x30c1,0x3080,0x38a0,0x38a0,0x3880,0x30a1,0x2081,0x2082,0x2062,0x2002,0x3802,0x50a2,0x71a2,0x7102,0xff21,
0xffc0,0x8942,0x58c4,0x4144,0x38e2,0x38e1,0x4942,0x28a1,0x0840,0x5060,0x79a1,0x5a43,0x0000,0x0020,0x1061,0x1061,
0x1040,0x18a1,0x20c2,0x2903,0x0841,0x0840,0x18e3,0x4a08,0x3965,0x1881,0x0840,0x0000,0x0861,0x28e2,0x18a1,0x7285,
0x92a4,0x3962,0x4983,0x30e1,0x4142,0x5183,0x61e4,0x2081,0x20a1,0x3902,0x4122,0x2081,0x1040,0x0800,0x1020,0x2081,
0x2080,0x2081,0x1020,0x1820,0x2880,0x30a0,0x30a1,0x38c1,0x40a1,0x40c1,0x30e2,0x20a2,0x3022,0x5002,0x78c2,0x7922,
0xb941,0xf480,0xab22,0xff40,0xedc0,0x8962,0x7942,0xa9a2,0x4963,0x61c4,0x4942,0x4942,0x4963,0x1840,0x0000,0x4080,
0x71a1,0x3122,0x0000,0x0020,0x1061,0x1060,0x1040,0x18a1,0x20c2,0x2903,0x0841,0x0840,0x18e3,0x4a07,0x3965,0x1881,
0x0840,0x0000,0x1061,0x28e1,0x20c1,0x28e1,0x8a22,0x4162,0x6205,0x4142,0x3102,0x4983,0x4963,0x3902,0x30e1,0x4983,
0x1861,0x0800,0x1061,0x1040,0x1860,0x1020,0x1000,0x2040,0x2060,0x2860,0x2880,0x3060,0x3880,0x3902,0x5882,0x3022,
0x6802,0xc8c1,0xc220,0xfe60,0xed60,0xffe0,0xff60,0xfe00,0x4102,0xfe40,0xc960,0x80e1,0x38e2,0x69a3,0x4122,0x61c4,
0x4963,0x30c1,0x3922,0x1860,0x0840,0x4860,0x7140,0x18c1,0x0000,0x0020,0x1061,0x1060,0x1040,0x18a1,0x20e2,0x2903,
0x0841,0x0840,0x18e3,0x4a08,0x3965,0x1081,0x0840,0x0000,0x0841,0x28e1,0x18a2,0xb3a6,0x81c2,0x4983,0x61e4,0x3922,
0x4983,0x5183,0x3902,0x4963,0x4143,0x3902,0x2081,0x1861,0x1881,0x1040,0x1860,0x1840,0x1020,0x2060,0x2880,0x3080,
0x38a1,0x2881,0x3002,0x6062,0xca20,0xca60,0xff40,0xff40,0xdd00,0xffe0,0xec80,0xfd60,0xfac0,0xa9a1,0x2062,0x2801,
0x0802,0x2902,0x4901,0x4922,0x5983,0x59a3,0x6a05,0x5162,0x20a1,0x2060,0x0840,0x3840,0x79c1,0x5222,0x0000,0x0020,
0x1061,0x1060,0x1040,0x18a1,0x20e2,0x2903,0x0841,0x0840,0x18e3,0x4a08,0x3985,0x1081,0x0840,0x0000,0x1041,0x28e1,
0x1081,0x7aa4,0x8223,0x51a3,0x4983,0x30e1,0x61e4,0x4983,0x5183,0x3922,0x2060,0x28a1,0x30e1,0x20a1,0x20a1,0x1040,
0x1020,0x28a1,0x28a1,0x30c1,0x2060,0x2061,0x2802,0x6801,0xb261,0xf480,0xff20,0xf700,0xdb60,0xcaa0,0xeb20,0xc8a1,
0x6801,0x2001,0x1801,0x20c2,0x2081,0x2061,0x30e2,0x3902,0x4122,0x30c1,0x38e1,0x5983,0x59a3,0x59a3,0x0820,0x1860,
0x0000,0x38c0,0x69c1,0x3942,0x0000,0x0020,0x1061,0x1060,0x1040,0x1881,0x20c2,0x2903,0x0841,0x0820,0x18e3,0x4207,
0x3165,0x1061,0x0840,0x0000,0x0840,0x28c1,0x18c1,0x4142,0x8201,0x59c3,0x4963,0x51a4,0x5183,0x30e1,0x4963,0x4122,
0x28a1,0x3902,0x1860,0x0800,0x2081,0x20a1,0x30e2,0x2081,0x2040,0x28a1,0x2862,0x5002,0xe2a1,0xff60,0xffe0,0x9a40,
0xed80,0xba60,0xb061,0x4001,0x2001,0x0841,0x18a1,0x2060,0x2060,0x30e1,0x30a1,0x28a1,0x1840,0x2060,0x30a1,0x4122,
0x4101,0x5183,0x4102,0x30e1,0x2081,0x2080,0x0840,0x3040,0x6140,0x2901,0x0000,0x0000,0x1040,0x1061,0x1040,0x1881,
0x20c2,0x2903,0x0861,0x0000,0x18e3,0x4a07,0x3965,0x1061,0x0840,0x0000,0x0840,0x20c1,0x18a1,0xb3a5,0x81c1,0x61c3,
0x3922,0x4983,0x4963,0x4143,0x3902,0x3902,0x28a1,0x3902,0x1860,0x1020,0x20a1,0x1840,0x28a1,0x38c1,0x10a2,0x1802,
0xc981,0xfec0,0xfea0,0xffe0,0xfc80,0x78e0,0x9000,0x2001,0x2081,0x3080,0x30a0,0x2880,0x30a0,0x2880,0x30a1,0x30c1,
0x1820,0x1840,0x2060,0x2060,0x30c1,0x3902,0x3902,0x4963,0x30e1,0x2080,0x20a1,0x2080,0x0820,0x2840,0x71c1,0x5a02,
0x0000,0x0000,0x1040,0x1061,0x1040,0x1881,0x20c2,0x2903,0x0861,0x0000,0x18e3,0x4a08,0x3165,0x1061,0x0840,0x0000,
0x0840,0x28c1,0x1881,0x82a4,0x8223,0x51a3,0x4143,0x4963,0x59a3,0x5183,0x4142,0x28a0,0x2080,0x30e1,0x4122,0x28c1,
0x2081,0x1841,0x1861,0x20a3,0x7802,0xc301,0xb460,0x69a1,0x7181,0x80a1,0x2801,0x58a0,0x4080,0x38a0,0x38c1,0x30c1,
0x30a1,0x2880,0x2880,0x28a1,0x30c1,0x2081,0x1000,0x1000,0x20a1,0x30e1,0x4142,0x30c1,0x30c1,0x3902,0x4942,0x1880,
0x28c1,0x2081,0x0000,0x30a0,0x69a1,0x3942,0x0000,0x0020,0x1041,0x1061,0x1040,0x1881,0x20c2,0x2903,0x0861,0x0000,
0x18e3,0x4207,0x3164,0x1061,0x0840,0x0000,0x0840,0x20c1,0x18c1,0x5162,0x81e1,0x61e4,0x59e4,0x4983,0x51a3,0x1860,
0x30c1,0x4122,0x30c1,0x4122,0x2060,0x1820,0x30c2,0x10a2,0x1003,0xe140,0xff40,0xf620,0xff00,0xea00,0x1801,0x1040,
0x3080,0x38c0,0x2880,0x30a0,0x3080,0x2860,0x30a1,0x2060,0x2060,0x1840,0x28c1,0x2060,0x1840,0x1840,0x1840,0x1860,
0x28a1,0x4122,0x3902,0x4943,0x30c1,0x0000,0x28a1,0x20a1,0x0820,0x2060,0x5900,0x3921,0x0000,0x0000,0x0840,0x1061,
0x1040,0x1881,0x20c2,0x2903,0x0861,0x0000,0x18e3,0x4207,0x3164,0x1061,0x0840,0x0000,0x0840,0x20a1,0x10a1,0xbb44,
0x81c1,0x59e4,0x4983,0x5183,0x4142,0x2080,0x30e1,0x3902,0x30a0,0x4122,0x2881,0x1840,0x18e3,0x4803,0xfa60,0xffc0,
0xffe0,0xfae0,0x4001,0x0001,0x38a0,0x3040,0x3860,0x38a0,0x2860,0x3080,0x3060,0x2860,0x2880,0x2040,0x2060,0x2081,
0x28c1,0x1840,0x1040,0x1840,0x1861,0x1860,0x28a1,0x3902,0x30e1,0x4963,0x2081,0x0000,0x1860,0x20a1,0x0840,0x2040,
0x79a1,0x61e2,0x0000,0x0000,0x0840,0x1060,0x1040,0x1881,0x20c2,0x2903,0x0861,0x0000,0x18e3,0x4207,0x3144,0x1061,
0x0840,0x0000,0x0840,0x20c1,0x1081,0x92c4,0x8a23,0x51c4,0x4122,0x4142,0x4942,0x4142,0x4962,0x30a0,0x2880,0x4101,
0x5163,0x18e3,0x5802,0xfcc0,0xfee0,0xba60,0xb081,0x1001,0x1041,0x2840,0x30a0,0x3080,0x30a0,0x3080,0x2040,0x2860,
0x30c0,0x30a0,0x2060,0x1820,0x1820,0x30e1,0x28c1,0x2080,0x0800,0x0800,0x20a1,0x30e2,0x4143,0x28c1,0x28a1,0x4942,
0x20a1,0x1040,0x1040,0x20a1,0x0840,0x28a0,0x69a1,0x3962,0x0000,0x0000,0x0840,0x1060,0x1040,0x1881,0x20c2,0x2903,
0x0861,0x0000,0x18e3,0x4207,0x3144,0x1061,0x0840,0x0000,0x0840,0x20a1,0x20c1,0x61a2,0x81e1,0x49a3,0x4142,0x51a3,
0x4122,0x30c1,0x3901,0x4942,0x38e1,0x5983,0x18c2,0x2802,0xeb41,0xffe0,0xfd80,0x9801,0x0001,0x28a1,0x2880,0x2880,
0x2880,0x2840,0x2860,0x30c1,0x2060,0x28a0,0x2860,0x2060,0x28a1,0x1840,0x2080,0x30e1,0x1040,0x1860,0x1860,0x1860,
0x1860,0x1860,0x28c1,0x4142,0x4122,0x4943,0x0000,0x0000,0x1860,0x20a1,0x18a1,0x1840,0x5100,0x3901,0x0000,0x0000,
0x0840,0x1060,0x1040,0x1881,0x20c2,0x2903,0x0861,0x0000,0x18e3,0x4207,0x3144,0x1061,0x0840,0x0000,0x0840,0x20a1,
0x1081,0xb304,0x81c1,0x51a3,0x4122,0x4122,0x4942,0x38e1,0x4122,0x4962,0x4922,0x4983,0x50a2,0xa301,0x82a1,0x9121,
0x1801,0x0861,0x1860,0x28a1,0x2881,0x2880,0x28a1,0x2060,0x2080,0x28a1,0x1860,0x28a1,0x2081,0x2081,0x28c1,0x2080,
0x28a1,0x30e2,0x2080,0x28a1,0x20a1,0x28c2,0x28e2,0x3102,0x4143,0x51a4,0x59a4,0x30e2,0x0000,0x0000,0x1060,0x1860,
0x20a1,0x1860,0x71a1,0x69e2,0x0000,0x0000,0x0840,0x1060,0x1040,0x1881,0x20c2,0x2903,0x0861,0x0000,0x18e3,0x4207,
0x3164,0x1061,0x0040,0x0000,0x0840,0x20a1,0x1061,0x8ac4,0x8a23,0x3942,0x30e1,0x28a0,0x4962,0x4122,0x4942,0x30c1,
0x28c2,0x3843,0xfb00,0xfd00,0xfe20,0xa881,0x0041,0x38e1,0x30a1,0x30a1,0x1820,0x1820,0x2880,0x3080,0x30a0,0x2060,
0x1840,0x2060,0x30c1,0x28a1,0x2060,0x1020,0x2080,0x30c1,0x2081,0x2081,0x0800,0x0800,0x20a1,0x3902,0x4163,0x28e1,
0x4943,0x0840,0x1861,0x1860,0x1040,0x1040,0x28e2,0x20a1,0x71a2,0x4162,0x0000,0x0000,0x1040,0x1060,0x1040,0x1881,
0x20c2,0x2903,0x0841,0x0820,0x18e3,0x4207,0x3164,0x1061,0x0020,0x0000,0x0840,0x20a1,0x20e1,0x5982,0x81c1,0x4983,
0x4942,0x3901,0x4942,0x2880,0x38e1,0x5142,0x1803,0xd201,0xffe0,0xff20,0x6801,0x0022,0x30a1,0x2060,0x1820,0x2060,
0x2060,0x2060,0x2860,0x2020,0x2040,0x28a1,0x1860,0x28a1,0x2060,0x1840,0x28a1,0x1860,0x28c1,0x1040,0x0800,0x1860,
0x1040,0x1860,0x1060,0x1040,0x2081,0x4983,0x4143,0x1061,0x0000,0x0820,0x1860,0x1860,0x28e2,0x1060,0x5100,0x3901,
0x0000,0x0000,0x1040,0x1060,0x1040,0x1881,0x20c2,0x2903,0x0861,0x0820,0x18e3,0x4207,0x3144,0x1061,0x0020,0x0000,
0x0840,0x20a1,0x1081,0xb304,0x81c1,0x4983,0x4121,0x30c1,0x4942,0x30a0,0x4101,0x2923,0xb901,0xfd60,0xffe0,0xb800,
0x0862,0x2061,0x2881,0x2040,0x1820,0x2060,0x2060,0x2060,0x2880,0x1820,0x2060,0x28a1,0x1860,0x28a1,0x2060,0x1840,
0x2081,0x1860,0x28c1,0x1040,0x0800,0x1860,0x1040,0x1860,0x1861,0x1040,0x1881,0x59c5,0x1081,0x1881,0x0000,0x0820,
0x1040,0x1860,0x20a1,0x1860,0x71a1,0x61e2,0x0000,0x0000,0x0840,0x1060,0x1040,0x1881,0x20c2,0x2903,0x1061,0x0000,
0x18e3,0x4207,0x3144,0x1061,0x0020,0x0000,0x0840,0x20a1,0x1041,0x92e4,0x8a22,0x3942,0x38c0,0x2860,0x5162,0x4942,
0x4983,0x6802,0xff60,0xffe0,0xa881,0x1862,0x2081,0x1820,0x1820,0x30c1,0x28a1,0x28a1,0x1020,0x1020,0x28a1,0x28a1,
0x30c1,0x2060,0x1040,0x2060,0x30c1,0x28c1,0x1860,0x1860,0x20a1,0x28c1,0x20a1,0x20a1,0x0800,0x0800,0x20c1,0x30e2,
0x51a4,0x51a4,0x0000,0x0840,0x1881,0x2081,0x0820,0x1040,0x28e2,0x20c1,0x69c2,0x3942,0x0000,0x0000,0x1040,0x1040,
0x1040,0x1881,0x20c2,0x2903,0x1061,0x0000,0x18e3,0x4207,0x3144,0x1061,0x0020,0x0000,0x0840,0x20a1,0x28e1,0x5181,
0x81a1,0x4982,0x4101,0x30c1,0x4942,0x3902,0x1802,0xfb40,0xf660,0xeb80,0x3802,0x0041,0x28a1,0x2060,0x2081,0x1840,
0x1020,0x2060,0x2060,0x2060,0x2080,0x1820,0x2060,0x28a1,0x1860,0x28a1,0x2060,0x1840,0x28a1,0x28c2,0x20a1,0x1020,
0x0820,0x1861,0x1040,0x1861,0x1061,0x0020,0x51a4,0x3943,0x1040,0x1061,0x0820,0x1040,0x1040,0x1881,0x28e2,0x1060,
0x5100,0x3901,0x0000,0x0000,0x1040,0x1060,0x1040,0x1881,0x20c2,0x2923,0x0861,0x0000,0x18e3,0x41e7,0x3144,0x1061,
0x0020,0x0000,0x0840,0x20a1,0x1061,0xb304,0x91e1,0x4162,0x4101,0x30c1,0x4122,0x5124,0xb101,0xee00,0xff60,0x8082,
0x1061,0x1820,0x28a1,0x1840,0x2080,0x1840,0x1000,0x2060,0x1860,0x1860,0x2080,0x1820,0x2060,0x28a1,0x1860,0x28a1,
0x2060,0x1840,0x28c1,0x20a1,0x1881,0x1040,0x0800,0x1860,0x1040,0x1060,0x1060,0x1061,0x49a4,0x28c2,0x0820,0x1061,
0x1040,0x0820,0x1040,0x1881,0x20c2,0x1860,0x79c1,0x6203,0x0000,0x0000,0x1040,0x1060,0x1040,0x1881,0x20c2,0x2923,
0x1061,0x0000,0x18e3,0x41e7,0x3144,0x1061,0x0020,0x0000,0x0840,0x20a1,0x1061,0x8ac4,0x81e2,0x3942,0x38e0,0x2880,
0x3142,0x8963,0xe300,0xff40,0xfac0,0x2802,0x4922,0x30a1,0x2061,0x1000,0x1820,0x28c1,0x2081,0x28a1,0x1000,0x1000,
0x28a1,0x28a1,0x28c1,0x1860,0x1020,0x2060,0x30c1,0x28c1,0x20a1,0x1881,0x1020,0x28c1,0x2081,0x20a1,0x0800,0x0800,
0x20a1,0x4984,0x51a4,0x0820,0x0000,0x0840,0x20c2,0x1061,0x0820,0x2081,0x28e2,0x28a1,0x69c2,0x4182,0x0000,0x0000,
0x1040,0x1060,0x1040,0x1881,0x18c2,0x2903,0x1081,0x0000,0x18e3,0x41e7,0x3144,0x0860,0x0020,0x0000,0x0840,0x18a1,
0x28e1,0x4162,0x91a0,0x5961,0x3901,0x30e1,0x2002,0xeae0,0xff20,0xfc80,0x5822,0x3942,0x2880,0x1820,0x2081,0x1840,
0x2081,0x1840,0x1020,0x1860,0x1860,0x2060,0x2081,0x1820,0x2060,0x28a1,0x1860,0x28a1,0x1860,0x1840,0x28e2,0x1881,
0x1881,0x1040,0x0800,0x1860,0x1060,0x1060,0x20a2,0x28e2,0x20a1,0x28c1,0x0820,0x1881,0x1061,0x0000,0x1060,0x28e2,
0x20c2,0x1860,0x5120,0x3902,0x0000,0x0000,0x0840,0x1060,0x1040,0x1881,0x18a2,0x2903,0x1081,0x0000,0x18e3,0x4207,
0x3144,0x1061,0x0020,0x0000,0x0840,0x20a1,0x0861,0xab04,0x9a00,0x7181,0x3921,0x18e1,0x6062,0xff80,0xffe0,0x9801,
0x20a2,0x4922,0x2060,0x1020,0x2081,0x1840,0x2061,0x1840,0x1020,0x1860,0x1860,0x1860,0x2081,0x1020,0x2060,0x28a1,
0x1860,0x28a1,0x1860,0x1840,0x28c2,0x1040,0x1881,0x1040,0x0800,0x1860,0x1040,0x1060,0x3103,0x1861,0x20a1,0x20a1,
0x0820,0x20c1,0x0020,0x0000,0x1861,0x28e2,0x1881,0x1860,0x79c2,0x6203,0x0000,0x0000,0x0840,0x1060,0x1040,0x1881,
0x20c2,0x2903,0x1061,0x0000,0x18e3,0x41e7,0x3144,0x1041,0x0020,0x0000,0x0840,0x20a1,0x0841,0x8ae4,0x81e1,0x3101,
0x4122,0x1821,0xa961,0xf580,0xebc0,0x3802,0x28c1,0x40e1,0x40e1,0x2081,0x1860,0x1000,0x1020,0x28c1,0x20a1,0x28c1,
0x1020,0x1020,0x28a1,0x28a1,0x30c1,0x1860,0x1020,0x2060,0x30c1,0x28c1,0x20a1,0x0800,0x1020,0x28c2,0x20a1,0x20a1,
0x0000,0x1861,0x3923,0x28e2,0x4163,0x0020,0x0000,0x20a1,0x1061,0x1060,0x20a1,0x28e2,0x0000,0x30c1,0x71e3,0x4982,
0x0000,0x0000,0x0840,0x1040,0x1040,0x1881,0x20c2,0x2903,0x1061,0x0000,0x18e3,0x41e7,0x3144,0x0841,0x0020,0x0000,
0x0840,0x18a1,0x20c1,0x4162,0x9180,0x6921,0x3942,0x5022,0xfd80,0xffe0,0xe161,0x3902,0x38e1,0x4101,0x2060,0x1020,
0x2081,0x1840,0x1881,0x1840,0x1020,0x1860,0x1860,0x1860,0x2081,0x1820,0x2060,0x28c1,0x1860,0x28c1,0x2060,0x2081,
0x28c2,0x1840,0x2081,0x1040,0x0800,0x1861,0x1861,0x3902,0x1881,0x1020,0x20a1,0x1061,0x1061,0x20a1,0x0000,0x0020,
0x28e2,0x20c2,0x0840,0x2080,0x5921,0x3922,0x0000,0x0000,0x0840,0x1040,0x1040,0x1881,0x20c2,0x2903,0x1061,0x0000,
0x18e3,0x41e7,0x3144,0x1041,0x0020,0x0000,0x0840,0x18a1,0x0881,0xa2a3,0x99c0,0x6121,0x3102,0x68c1,0xffe0,0xfee0,
0x3802,0x5983,0x38e1,0x4101,0x2060,0x1000,0x2081,0x1840,0x1861,0x1840,0x1000,0x1860,0x1860,0x1860,0x2081,0x1820,
0x2060,0x28a1,0x1860,0x28c1,0x2060,0x20a1,0x28c1,0x1040,0x2081,0x1040,0x0000,0x1861,0x28e2,0x20a1,0x1861,0x0820,
0x1881,0x1881,0x20a1,0x1061,0x0000,0x1060,0x28c2,0x1061,0x0840,0x2040,0x71c1,0x6203,0x0000,0x0000,0x0840,0x1061,
0x1040,0x1881,0x20c2,0x2903,0x0861,0x0820,0x18c3,0x41e7,0x3144,0x1041,0x0020,0x0000,0x0840,0x20a1,0x1061,0x92c4,
0x79c1,0x40e0,0x30e1,0x3922,0xf4e1,0xda81,0x28c2,0x4101,0x38e1,0x30c0,0x38c1,0x2081,0x1860,0x1000,0x1020,0x28c1,
0x2081,0x28a1,0x1020,0x1020,0x20a1,0x28a1,0x30c1,0x1860,0x1020,0x2080,0x30e2,0x3102,0x1881,0x0800,0x1020,0x28e2,
0x20a1,0x3102,0x2081,0x0800,0x28c2,0x28e2,0x3102,0x1861,0x0820,0x0820,0x1881,0x28a1,0x28c2,0x0000,0x0000,0x38e1,
0x71e2,0x4182,0x0000,0x0000,0x0840,0x1061,0x1040,0x18a1,0x20c2,0x2903,0x1061,0x0820,0x18e3,0x41e7,0x2944,0x1041,
0x0020,0x0000,0x0840,0x18a1,0x20c1,0x4962,0x9180,0x7941,0x28c1,0x18a2,0xa281,0xa121,0x18c2,0x4101,0x4122,0x4101,
0x2040,0x1000,0x2081,0x1840,0x2060,0x1840,0x1020,0x1860,0x1860,0x1860,0x2081,0x1820,0x2060,0x28a1,0x1860,0x30c1,
0x20a1,0x1860,0x28a1,0x1860,0x2081,0x1040,0x0820,0x3102,0x1861,0x1881,0x1881,0x0820,0x1860,0x28c2,0x0820,0x1881,
0x1881,0x28e2,0x20a1,0x0020,0x0840,0x2060,0x5141,0x3902,0x0000,0x0000,0x0840,0x1061,0x1040,0x1881,0x20c2,0x2903,
0x1061,0x0820,0x18c3,0x41e7,0x2944,0x0841,0x0020,0x0000,0x0840,0x20a1,0x10a1,0x8a43,0x99e0,0x6101,0xba41,0x8a81,
0x3082,0x48e1,0x30c1,0x3901,0x38e1,0x4122,0x1820,0x1000,0x2081,0x1840,0x2081,0x1840,0x1020,0x1860,0x1860,0x1860,
0x2081,0x1820,0x2060,0x28a1,0x1860,0x30c1,0x20a1,0x1840,0x28c1,0x1840,0x2081,0x1040,0x1881,0x20c1,0x1860,0x1881,
0x1881,0x0820,0x28a1,0x1881,0x0820,0x20a1,0x28e2,0x20c2,0x1061,0x0820,0x0840,0x2060,0x79c2,0x6203,0x0000,0x0000,
0x0840,0x1061,0x1040,0x1881,0x20c2,0x2903,0x1061,0x0820,0x18e3,0x41e7,0x2944,0x0861,0x0020,0x0000,0x0840,0x20a1,
0x0881,0x9284,0x69a1,0x3001,0xfc00,0xffe0,0x3062,0x4942,0x4101,0x30a0,0x2880,0x4101,0x30e1,0x2080,0x1840,0x1000,
0x1020,0x28c1,0x2081,0x28c1,0x1000,0x1000,0x28a1,0x28a1,0x30c1,0x1840,0x1020,0x2880,0x3102,0x30c1,0x2081,0x0800,
0x1020,0x3922,0x30e2,0x28c2,0x0800,0x0800,0x30c2,0x3902,0x4123,0x0000,0x0000,0x28a1,0x3102,0x20a1,0x0820,0x0000,
0x0000,0x30e1,0x7203,0x49c3,0x0000,0x0000,0x0840,0x1061,0x1040,0x1881,0x20c2,0x2923,0x1061,0x0000,0x18e3,0x41e7,
0x2924,0x0841,0x0020,0x0000,0x0840,0x18a1,0x18c1,0x6182,0x8980,0x7020,0xfc60,0xff00,0x78c1,0x20e1,0x4122,0x38e1,
0x30a0,0x3901,0x30c1,0x1020,0x2061,0x1840,0x1860,0x1840,0x1020,0x2060,0x1860,0x2060,0x2881,0x2040,0x2860,0x28a1,
0x1860,0x28c1,0x2080,0x2040,0x28a1,0x1840,0x20a1,0x28c2,0x0820,0x1881,0x1860,0x2061,0x20a1,0x30c1,0x1040,0x1061,
0x2081,0x3102,0x1061,0x0000,0x1061,0x0820,0x0840,0x2880,0x5141,0x3922,0x0000,0x0000,0x0840,0x1060,0x1040,0x1881,
0x20c2,0x2903,0x1081,0x0000,0x18e3,0x41e7,0x2924,0x0841,0x0020,0x0000,0x0840,0x20a1,0x08c1,0xa202,0x8960,0x7080,
0xed60,0xf4c0,0x4802,0x28c1,0x3901,0x4122,0x30c0,0x38e1,0x2060,0x1840,0x1860,0x1840,0x2080,0x1840,0x1000,0x1860,
0x1860,0x2060,0x2881,0x2020,0x2860,0x28a1,0x2060,0x28c1,0x2060,0x2040,0x28a1,0x1860,0x30e2,0x1860,0x0800,0x1881,
0x1861,0x2081,0x30e2,0x1040,0x0820,0x28c1,0x28c2,0x28e2,0x0000,0x0000,0x1861,0x0840,0x0861,0x3060,0x79e2,0x59e3,
0x0000,0x0000,0x0840,0x1040,0x1040,0x1881,0x20c2,0x2903,0x1081,0x0000,0x18e3,0x39c7,0x2924,0x0841,0x0020,0x0000,
0x0840,0x20a1,0x0881,0x8203,0x5941,0x78a1,0xffe0,0xfde0,0x3002,0x38e1,0x3901,0x3101,0x38e1,0x30c0,0x28a1,0x2081,
0x2060,0x1000,0x1820,0x28a1,0x2081,0x28a1,0x1000,0x1820,0x2881,0x28a1,0x30c1,0x2040,0x1840,0x2080,0x30e1,0x30c1,
0x2081,0x2060,0x1860,0x28e2,0x20a1,0x28c1,0x0800,0x2881,0x3902,0x20a1,0x30e1,0x28c2,0x1881,0x1040,0x1881,0x1881,
0x1040,0x0000,0x0000,0x4101,0x7203,0x41a3,0x0000,0x0000,0x0820,0x1060,0x1040,0x1881,0x20a2,0x2903,0x1081,0x0000,
0x18e3,0x39c7,0x2924,0x0840,0x0020,0x0000,0x0840,0x20a1,0x08a1,0x71a1,0x7940,0x9940,0xff20,0xe360,0x1802,0x30a0,
0x30c0,0x38e1,0x3102,0x4101,0x2040,0x1000,0x28a1,0x2060,0x1840,0x1840,0x1020,0x2060,0x1860,0x2060,0x2880,0x2040,
0x2880,0x28a1,0x2060,0x28a1,0x3080,0x2040,0x30c1,0x2081,0x2081,0x1860,0x1020,0x1860,0x30c1,0x30c2,0x20a1,0x30a1,
0x28c1,0x28c1,0x1040,0x1881,0x0820,0x0800,0x1881,0x0820,0x0040,0x48a0,0x6141,0x3122,0x0000,0x0000,0x0840,0x1040,
0x1040,0x1881,0x20a2,0x2903,0x1081,0x0000,0x18c3,0x39c6,0x2924,0x1041,0x0020,0x0000,0x0840,0x20a1,0x08a2,0xba22,
0x8940,0xb900,0xe500,0xc200,0x1042,0x30a1,0x30a0,0x38e1,0x30c0,0x3901,0x30a0,0x1820,0x1840,0x2880,0x30a1,0x1020,
0x1000,0x1840,0x2060,0x2060,0x2880,0x2840,0x3060,0x30a1,0x1860,0x30a1,0x3060,0x2860,0x28c1,0x1860,0x2081,0x1040,
0x0800,0x30c1,0x28a1,0x28a1,0x3902,0x30c1,0x1880,0x2081,0x1060,0x20a1,0x0000,0x0000,0x1881,0x1040,0x0861,0x5880,
0x81e1,0x51e2,0x0000,0x0000,0x0840,0x1061,0x1040,0x1881,0x20c2,0x2903,0x1081,0x0020,0x18c3,0x39c7,0x2924,0x1041,
0x0020,0x0000,0x0840,0x20a1,0x08a1,0x81e3,0x40c0,0xb320,0xff00,0xc161,0x18a2,0x38e1,0x38e1,0x30a0,0x2880,0x30a0,
0x28c1,0x2081,0x2060,0x1820,0x3060,0x40c1,0x1080,0x1881,0x1820,0x1800,0x2880,0x2880,0x30a0,0x4080,0x1040,0x3080,
0x30c1,0x30c1,0x2080,0x1020,0x0020,0x38e2,0x4902,0x38e2,0x2880,0x28c1,0x3902,0x28a1,0x28a1,0x1020,0x0800,0x1861,
0x20a1,0x2081,0x1861,0x0000,0x0000,0x4901,0x8202,0x4183,0x0000,0x0000,0x0840,0x1061,0x1040,0x1881,0x20c2,0x2903,
0x1061,0x0820,0x18c3,0x39c7,0x2924,0x0841,0x0020,0x0000,0x0840,0x20a1,0x0881,0x6981,0x7900,0xc280,0xf640,0x8001,
0x00a3,0x10a2,0x18a2,0x20a2,0x1061,0x20a1,0x0041,0x0020,0x1081,0x0861,0x1060,0x3880,0x80c1,0x40a1,0x0021,0x0001,
0x0841,0x0021,0x0041,0x58e1,0x2880,0x2081,0x0041,0x0841,0x1881,0x1021,0x58e1,0x7122,0x2081,0x08a1,0x08a2,0x0882,
0x10a2,0x0001,0x0021,0x0041,0x0001,0x1082,0x0001,0x0001,0x1061,0x0000,0x0020,0x8100,0x6940,0x2902,0x0000,0x0000,
0x0840,0x1061,0x1040,0x1881,0x20c2,0x2903,0x1081,0x0820,0x18e3,0x39c6,0x2924,0x0841,0x0020,0x0000,0x0840,0x18a1,
0x0081,0xc262,0x9960,0xcac0,0xe520,0xa1c0,0x6842,0xa181,0x8121,0x68a1,0x9081,0x6881,0x88c0,0x8080,0x5000,0x7000,
0x3041,0x0001,0x1820,0x9940,0xc1c0,0xa9c1,0x8961,0xb9a1,0xc201,0x3901,0x50e0,0x69e1,0xc9c1,0xb161,0x7981,0xc2a1,
0x2802,0x0841,0x4981,0x80e0,0xa081,0x90c1,0x8081,0xb961,0xa901,0x8081,0xb0c0,0x6861,0xb120,0xb100,0x7000,0xc0e0,
0x5841,0x68c0,0x99c1,0x49e2,0x0000,0x0000,0x0840,0x1061,0x1040,0x1881,0x20c2,0x2903,0x1081,0x0020,0x18e3,0x39c6,
0x2904,0x0841,0x0020,0x0000,0x0820,0x18a1,0x0081,0x9a42,0x48e0,0xa180,0xffe0,0xffe0,0xe420,0xfe60,0xdca0,0xffe0,
0xffe0,0xfea0,0xec80,0xec60,0xfde0,0xffe0,0xffe0,0xba60,0x7200,0x08c1,0x3941,0x71e1,0x8220,0xb3a0,0xc3e0,0x0000,
0x2800,0xcbe0,0x9ae1,0x7a61,0x3941,0x5201,0xbc20,0xcbe0,0xfde0,0xd400,0xffe0,0xffe0,0xcc20,0xf580,0xcc00,0xffe0,
0xffc0,0xff00,0xed00,0xeca0,0xf620,0xffe0,0xfaa0,0x58c0,0x81e1,0x4182,0x0000,0x0000,0x0840,0x1061,0x1040,0x1881,
0x20c2,0x2903,0x1081,0x0020,0x18c3,0x39c6,0x2124,0x0841,0x0020,0x0000,0x0820,0x18a1,0x0881,0x3900,0x7160,0x5860,
0xd9a0,0xf4a0,0xbb00,0xfd80,0xe400,0xe4a0,0xfdc0,0xc380,0xfc80,0xfca0,0xba80,0xfd60,0xdc20,0xebe0,0xfe20,0xf380,
0xf480,0xf3c0,0xa220,0xc2c0,0x89a0,0x93a6,0xdd67,0x7285,0xcc00,0xfd20,0xeb80,0xfe40,0xfd20,0xeba0,0xfca0,0xc2c0,
0xfc20,0xf3e0,0xb200,0xfbe0,0xd2c0,0xd300,0xfbc0,0xb260,0xea60,0xe220,0x99c0,0xfaa0,0xa840,0x60c0,0x8180,0x10a1,
0x0000,0x0000,0x0840,0x1061,0x1040,0x1881,0x20c2,0x2903,0x1061,0x0000,0x18e3,0x39a6,0x2903,0x0840,0x0020,0x0000,
0x0820,0x18a1,0x1081,0x9aa4,0x7160,0x5101,0x0022,0x1802,0x2862,0x1802,0x2002,0x2002,0x1802,0x2862,0x1001,0x0801,
0x1001,0x0802,0x1002,0x1001,0x0001,0x1001,0x0001,0x0801,0x1022,0x0800,0xedc6,0xfdc6,0xaba4,0xfdc6,0xecc7,0x0001,
0x1002,0x0002,0x0802,0x0802,0x0001,0x1802,0x0802,0x0802,0x1022,0x0001,0x0001,0x1002,0x0001,0x1022,0x0001,0x0001,
0x1821,0x0001,0x0020,0x70a0,0x89e1,0x6263,0x0000,0x0000,0x0840,0x1061,0x1040,0x1881,0x20c2,0x2903,0x1081,0x0000,
0x18c3,0x39a6,0x2903,0x0841,0x0020,0x0000,0x0820,0x1881,0x0841,0x9ae5,0x6161,0x30c0,0x1860,0x1880,0x30e2,0x28c1,
0x30c2,0x20a1,0x2081,0x28a1,0x2081,0x1040,0x1841,0x0800,0x1020,0x2081,0x1040,0x1861,0x0800,0x0000,0x0000,0x9b63,
0xfcc6,0x0800,0x0000,0x0000,0xf4c6,0x93a5,0x0000,0x0800,0x1020,0x20a1,0x2081,0x20a1,0x0800,0x1020,0x20c1,0x2081,
0x20a1,0x1020,0x0800,0x1040,0x1861,0x1861,0x1060,0x0000,0x0000,0x58c0,0x8222,0x4204,0x0000,0x0000,0x0840,0x1061,
0x1040,0x1881,0x20c2,0x2903,0x1081,0x0000,0x18c3,0x39a6,0x2904,0x0840,0x0020,0x0000,0x0820,0x1881,0x0841,0x8284,
0x8223,0x4101,0x20a1,0x28a1,0x3102,0x28a1,0x30e2,0x30e1,0x28a1,0x30e2,0x1861,0x1040,0x20a1,0x1040,0x1861,0x1881,
0x1040,0x1881,0x1040,0x1040,0x0000,0xdca5,0xb385,0x0000,0x1840,0x0000,0xab65,0xd4e7,0x0000,0x1040,0x2081,0x20a1,
0x1860,0x28c1,0x1860,0x1861,0x30e2,0x1041,0x1881,0x1861,0x0820,0x20c1,0x1061,0x1061,0x20a1,0x0020,0x0020,0x50a1,
0xb263,0x2902,0x0000,0x0000,0x0840,0x1061,0x1040,0x1881,0x20c2,0x2903,0x1081,0x0000,0x18c3,0x39a6,0x2903,0x0840,
0x0020,0x0000,0x0820,0x1881,0x1881,0x4143,0x2902,0x3963,0x41a4,0x4184,0x4184,0x4184,0x49a4,0x49a4,0x49a5,0x4184,
0x3123,0x28e2,0x2903,0x2943,0x2923,0x3123,0x3123,0x2902,0x28e2,0x28e2,0x0001,0xb406,0xe4c7,0x0000,0x0000,0x0000,
0xdca8,0x72e6,0x18c3,0x3963,0x3963,0x3964,0x4184,0x4184,0x41a4,0x41a4,0x4184,0x4184,0x4164,0x3984,0x4184,0x3984,
0x3964,0x3963,0x3943,0x3943,0x3123,0x2923,0x2943,0x3963,0x0000,0x0000,0x0840,0x1061,0x1040,0x1881,0x20c2,0x2903,
0x1082,0x0000,0x18c3,0x31a6,0x2104,0x0841,0x0020,0x0000,0x0820,0x1881,0x1881,0x3102,0x3102,0x4164,0x4184,0x4184,
0x4184,0x41a4,0x49a4,0x49a5,0x49c5,0x4184,0x3123,0x2903,0x2923,0x2924,0x2923,0x3123,0x3123,0x2903,0x2902,0x28e2,
0x20c2,0x0801,0xecc7,0xc3c6,0x5983,0xb365,0xbc07,0x0823,0x3143,0x3943,0x3964,0x3984,0x4184,0x4184,0x4184,0x41a4,
0x41a4,0x4184,0x4184,0x3984,0x3964,0x3984,0x3964,0x3963,0x3943,0x3143,0x3143,0x3143,0x3984,0x4164,0x0000,0x0000,
0x0840,0x1061,0x1040,0x1881,0x20c2,0x2903,0x1082,0x0000,0x18c3,0x31a6,0x2103,0x0020,0x0000,0x0000,0x0000,0x1060,
0x1060,0x28e2,0x20c2,0x3123,0x3964,0x3964,0x4184,0x41a5,0x41c5,0x49c5,0x49c5,0x41a4,0x3143,0x2903,0x2923,0x3144,
0x2923,0x2923,0x2923,0x3123,0x3123,0x3103,0x3123,0x20e2,0x0001,0x5a23,0x92e4,0x51c3,0x0882,0x3943,0x4184,0x3984,
0x4184,0x41a5,0x41a5,0x41a5,0x49a5,0x49a5,0x49c5,0x49a5,0x49a5,0x49a5,0x4184,0x4184,0x4184,0x3984,0x4184,0x3964,
0x3964,0x3964,0x41a4,0x2903,0x0000,0x0000,0x0020,0x0840,0x0820,0x1081,0x18a2,0x2903,0x1081,0x0000,0x18c3,0x3186,
0x3124,0x20c2,0x1061,0x1040,0x20a1,0x3102,0x3102,0x3102,0x4163,0x51e5,0x51c4,0x4982,0x51c4,0x51c5,0x6226,0x6205,
0x6226,0x51e5,0x4163,0x3943,0x4164,0x3943,0x4984,0x51c4,0x49a4,0x3943,0x3923,0x3122,0x3102,0x3922,0x3902,0x1081,
0x1041,0x20c2,0x4963,0x4984,0x4983,0x49a4,0x49a4,0x51c5,0x59e5,0x51a4,0x51c4,0x6206,0x51e5,0x59e5,0x6246,0x6205,
0x6225,0x5a05,0x51c4,0x51c4,0x49a4,0x59e5,0x49a4,0x51e5,0x5a05,0x49c5,0x1061,0x3102,0x3102,0x4163,0x3943,0x3923,
0x28e2,0x2903,0x1082,0x0000,0x18c3,0x3185,0x2903,0x1861,0x0840,0x0820,0x1881,0x3902,0x1861,0x5205,0xfef2,0xe651,
0xde31,0xfed4,0xb3ea,0x4922,0x28e1,0x1060,0x28e1,0x1040,0x1881,0x0840,0x0840,0x0020,0x3102,0x59e3,0x6a64,0x1040,
0x0020,0x0020,0x0020,0x0820,0x1040,0x1040,0x0820,0x0020,0x0820,0x0820,0x0000,0x0820,0x0820,0x0840,0x0820,0x0000,
0x0020,0x0841,0x0000,0x0840,0x1881,0x1881,0x28e2,0x3922,0x20c1,0x1060,0x0000,0x3943,0xd50d,0xa347,0xab47,0xac0a,
0x1061,0x3102,0x28e2,0x3943,0x3123,0x28e2,0x20c2,0x2903,0x1082,0x0000,0x18c3,0x3186,0x2103,0x0840,0x0000,0x0000,
0x0820,0x18a1,0x0000,0xabc8,0xbc69,0xbd0d,0xc5b1,0xde35,0x2840,0x0020,0x1060,0x1060,0x1060,0x1040,0x0000,0x0000,
0x0000,0x0000,0x0000,0x0000,0x0000,0x0000,0x0000,0x0000,0x0000,0x0000,0x0000,0x0020,0x0000,0x0000,0x0000,0x0000,
0x0000,0x0000,0x0000,0x0000,0x0000,0x0000,0x0000,0x0020,0x0000,0x0000,0x0840,0x1081,0x1881,0x1881,0x1881,0x1880,
0x1040,0x0000,0x9389,0xcc2a,0x8ae7,0x8ac6,0x2943,0x0000,0x1061,0x1081,0x18a1,0x1081,0x1081,0x20e3,0x10a2,0x0000,
0x18c3,0x3186,0x2103,0x0840,0x0000,0x0000,0x0020,0x1881,0x1061,0xcd6d,0xb48a,0xb4ca,0xe6f7,0x9b8a,0x0000,0x1880,
0x1880,0x1881,0x1881,0x1060,0x0020,0x0000,0x0000,0x0020,0x0020,0x0000,0x0000,0x0020,0x0020,0x0000,0x0000,0x0000,
0x0000,0x0820,0x0820,0x0000,0x0000,0x0800,0x0000,0x0000,0x0820,0x0820,0x0020,0x0000,0x0020,0x0020,0x0020,0x0020,
0x1060,0x1881,0x18a1,0x20a1,0x20a1,0x20a1,0x1880,0x0000,0x0800,0xc409,0x82c7,0x9b47,0x3183,0x0000,0x1061,0x18a1,
0x18a2,0x1881,0x1061,0x20e3,0x18a2,0x0000,0x10c3,0x3186,0x2103,0x0820,0x0000,0x0000,0x0820,0x18a1,0x0000,0xb4cc,
0xd5ae,0xc571,0xb4cf,0x2860,0x1061,0x1881,0x1881,0x1881,0x1881,0x1060,0x0020,0x0000,0x0020,0x0020,0x0020,0x0020,
0x0000,0x0000,0x0000,0x0000,0x0000,0x0000,0x0820,0x1020,0x0820,0x0840,0x0000,0x0800,0x0000,0x0000,0x0000,0x0020,
0x0020,0x0000,0x0020,0x0020,0x0020,0x0020,0x1061,0x1881,0x18a1,0x20c1,0x20c1,0x20a1,0x1040,0x0840,0x0000,0x0000,
0x92e6,0x7ae6,0x0000,0x0000,0x1061,0x20c2,0x18a2,0x18a2,0x18a1,0x20e3,0x1082,0x0000,0x18c3,0x3186,0x2103,0x0840,
0x0000,0x0000,0x0020,0x18a1,0x1061,0x3101,0x9348,0x7286,0x30c0,0x0020,0x18a1,0x1881,0x1881,0x1881,0x1881,0x1060,
0x0020,0x0000,0x0000,0x0020,0x0020,0x0020,0x0000,0x0000,0x0000,0x0000,0x0000,0x0000,0x0000,0x0820,0x0820,0x0840,
0x0800,0x0800,0x0000,0x0020,0x0020,0x0020,0x0020,0x0020,0x0020,0x0020,0x0020,0x0020,0x1061,0x18a1,0x20a1,0x20c1,
0x20c1,0x1060,0x1040,0x1060,0x0800,0x0820,0x0020,0x0000,0x0020,0x0000,0x1061,0x20c2,0x18a2,0x18a2,0x18a1,0x20e3,
0x1082,0x0000,0x18c3,0x3185,0x2103,0x0841,0x0000,0x0000,0x0020,0x18a1,0x20a1,0x0020,0x0000,0x1060,0x1881,0x18a1,
0x18a1,0x1881,0x1881,0x1881,0x1881,0x1060,0x0020,0x0000,0x0000,0x0000,0x0000,0x0000,0x0000,0x0000,0x0000,0x0000,
0x0000,0x0000,0x0000,0x0000,0x0000,0x0000,0x0000,0x0000,0x0000,0x0020,0x0020,0x0020,0x0020,0x0020,0x0020,0x0020,
0x0020,0x0020,0x1060,0x18a1,0x20c1,0x20c2,0x1881,0x0820,0x20a1,0x1860,0x0800,0x0840,0x1060,0x0861,0x0020,0x0000,
0x1061,0x20c2,0x18c2,0x18a2,0x18a1,0x20e3,0x1882,0x0000,0x18c3,0x3165,0x20e3,0x0841,0x0000,0x0000,0x0020,0x18a1,
0x20a1,0x1040,0x1040,0x1881,0x20a1,0x20a1,0x18a1,0x18a1,0x18a1,0x18a1,0x1881,0x1060,0x0820,0x0000,0x0000,0x0000,
0x0000,0x0000,0x0000,0x0000,0x0000,0x0000,0x0000,0x0000,0x0800,0x0000,0x0820,0x0000,0x0000,0x0000,0x0000,0x0020,
0x0020,0x0020,0x0020,0x0020,0x0020,0x0020,0x0020,0x0020,0x1060,0x18a1,0x20c1,0x18a1,0x0840,0x1860,0x20c1,0x1880,
0x0820,0x1040,0x1880,0x0861,0x0020,0x0000,0x1061,0x20c2,0x20c2,0x18a2,0x18a2,0x20e3,0x1082,0x0000,0x18c3,0x3165,
0x20e3,0x0841,0x0000,0x0000,0x0020,0x18a1,0x20a1,0x1060,0x1040,0x1881,0x20a1,0x20a1,0x20a1,0x18a1,0x18a1,0x18a1,
0x1881,0x1060,0x0020,0x0000,0x0000,0x0020,0x0000,0x0000,0x0000,0x0000,0x0000,0x0000,0x0000,0x0000,0x0000,0x0000,
0x0840,0x0820,0x0000,0x0000,0x0000,0x0820,0x0820,0x0820,0x0020,0x0020,0x0020,0x0020,0x0020,0x0020,0x1061,0x18a1,
0x18a1,0x0840,0x1060,0x20c1,0x20c1,0x1880,0x0820,0x1040,0x1880,0x0841,0x0000,0x0000,0x1061,0x20c2,0x20c2,0x18a2,
0x18a2,0x20e3,0x18a2,0x0000,0x18c3,0x3165,0x20e3,0x0840,0x0000,0x0000,0x0020,0x18a1,0x20c1,0x1060,0x1060,0x1881,
0x20a1,0x20a1,0x18a1,0x18a1,0x18a1,0x18a1,0x1881,0x1061,0x0820,0x0000,0x0000,0x0000,0x0000,0x0000,0x0000,0x0000,
0x0020,0x0020,0x0000,0x0000,0x0000,0x0000,0x0840,0x1061,0x0000,0x0000,0x0000,0x0820,0x0820,0x0020,0x0020,0x0020,
0x0020,0x0020,0x0020,0x0020,0x1060,0x1060,0x0840,0x1060,0x20c1,0x20c1,0x20c1,0x1880,0x0820,0x1040,0x1880,0x0841,
0x0020,0x0000,0x1061,0x20c2,0x18c2,0x18a2,0x18a2,0x20e3,0x10a2,0x0000,0x18c3,0x2965,0x20e3,0x0840,0x0000,0x0000,
0x0020,0x18a1,0x20c1,0x1060,0x1060,0x1881,0x20a1,0x20a1,0x20a1,0x1881,0x1881,0x1881,0x1881,0x1061,0x0820,0x0000,
0x0000,0x0020,0x0020,0x0020,0x0020,0x0020,0x0020,0x0020,0x0000,0x0000,0x0000,0x0000,0x0820,0x1040,0x0800,0x0000,
0x0000,0x0820,0x0020,0x0820,0x0020,0x0020,0x0020,0x0020,0x0000,0x0000,0x0840,0x1061,0x20a1,0x20c2,0x20c1,0x20c1,
0x20c1,0x1880,0x0820,0x1040,0x1881,0x0840,0x0020,0x0000,0x1061,0x20c2,0x20c2,0x18a2,0x18a2,0x20e3,0x18a2,0x0000,
0x10a3,0x2945,0x20e3,0x0841,0x0000,0x0000,0x0020,0x1881,0x20c1,0x1060,0x1060,0x18a1,0x20a1,0x20a1,0x20a1,0x1881,
0x1881,0x18a1,0x1881,0x1061,0x0820,0x0000,0x0000,0x0820,0x0820,0x0020,0x0020,0x0020,0x0020,0x0820,0x0000,0x0000,
0x0000,0x0000,0x0820,0x1040,0x0020,0x0000,0x0020,0x0020,0x0020,0x0000,0x0000,0x0000,0x0020,0x0020,0x0020,0x0820,
0x1881,0x20a1,0x20c1,0x20c1,0x20c1,0x20c1,0x20c1,0x1880,0x0800,0x1040,0x1880,0x0840,0x0000,0x0000,0x1061,0x20c2,
0x18a2,0x18a1,0x1881,0x20e3,0x10a2,0x0000,0x10a2,0x2945,0x20c3,0x0841,0x0000,0x0000,0x0020,0x1881,0x20c1,0x1060,
0x1040,0x18a1,0x20a1,0x20a1,0x20a1,0x18a1,0x1881,0x18a1,0x1881,0x1061,0x0820,0x0000,0x0020,0x0840,0x0820,0x0820,
0x0020,0x0020,0x0020,0x0020,0x0000,0x0000,0x0000,0x0000,0x0840,0x1061,0x0820,0x0820,0x0820,0x0000,0x0000,0x0000,
0x0000,0x0000,0x0820,0x0840,0x0820,0x0820,0x1061,0x18a1,0x20c1,0x20c1,0x20c1,0x20c1,0x28c1,0x1860,0x0000,0x1040,
0x1880,0x0840,0x0000,0x0000,0x1061,0x20c2,0x18a1,0x1881,0x1881,0x20e3,0x1882,0x0000,0x10a2,0x2945,0x20c3,0x0841,
0x0000,0x0000,0x0020,0x1881,0x20c1,0x1060,0x1040,0x1881,0x20c1,0x20a1,0x20a1,0x18a1,0x18a1,0x18a1,0x1881,0x1040,
0x0000,0x0000,0x0000,0x0000,0x0000,0x0000,0x0000,0x0000,0x0000,0x0000,0x0000,0x0000,0x0000,0x0820,0x1040,0x0840,
0x0820,0x0820,0x0020,0x0000,0x0000,0x0000,0x0000,0x0000,0x0000,0x0000,0x0020,0x0000,0x0000,0x0820,0x1040,0x18a1,
0x20a1,0x20c1,0x28c1,0x1060,0x0000,0x1040,0x1881,0x0840,0x0000,0x0000,0x1061,0x20c2,0x18a1,0x1881,0x1881,0x20e3,
0x10a2,0x0000,0x10a2,0x2925,0x20e3,0x0841,0x0000,0x0000,0x0020,0x1881,0x20a1,0x1040,0x0840,0x1881,0x20c1,0x20a1,
0x20a1,0x18a1,0x1881,0x1881,0x1060,0x1040,0x0000,0x0000,0x0000,0x0000,0x0020,0x0000,0x0000,0x0000,0x0000,0x0000,
0x0000,0x0000,0x0000,0x0020,0x1060,0x1860,0x0820,0x0820,0x0000,0x0000,0x0000,0x0000,0x0000,0x0000,0x0000,0x0000,
0x0000,0x0000,0x0000,0x0000,0x0000,0x0000,0x0020,0x1860,0x28a1,0x1040,0x0000,0x1040,0x1880,0x0820,0x0000,0x0000,
0x1061,0x20c2,0x18a2,0x1881,0x1881,0x20c2,0x18a2,0x0000,0x10a2,0x2924,0x20e3,0x0841,0x0000,0x0000,0x0020,0x1881,
0x1881,0x0820,0x0820,0x1881,0x20c1,0x20c1,0x20a1,0x18a1,0x18a1,0x18a1,0x1880,0x1060,0x0820,0x0020,0x0820,0x0020,
0x0020,0x0020,0x0020,0x0020,0x0000,0x0000,0x0000,0x0000,0x0000,0x1840,0x1040,0x1860,0x1040,0x0820,0x0000,0x0000,
0x0000,0x0000,0x0000,0x0000,0x0000,0x0000,0x0000,0x0000,0x0000,0x0000,0x0000,0x0000,0x0000,0x0000,0x0000,0x0000,
0x0000,0x0000,0x0000,0x0000,0x0000,0x0000,0x0820,0x1060,0x1061,0x1061,0x1061,0x18c2,0x1082,0x0000,0x10a2,0x2104,
0x18a2,0x0841,0x0000,0x0000,0x0000,0x1060,0x1060,0x0000,0x0000,0x1060,0x20a1,0x20a1,0x18a1,0x1881,0x1881,0x1881,
0x1881,0x1061,0x1061,0x0841,0x1061,0x0840,0x0020,0x0000,0x0000,0x0000,0x0000,0x0000,0x0000,0x0000,0x1040,0x30a0,
0x0820,0x0800,0x1040,0x1060,0x0000,0x0000,0x0000,0x0000,0x0000,0x0000,0x0020,0x0820,0x0820,0x0820,0x0820,0x0820,
0x0820,0x0820,0x0020,0x0020,0x0020,0x0020,0x0020,0x0020,0x0000,0x0000,0x0000,0x0000,0x0000,0x0000,0x0000,0x0000,
0x0000,0x0000,0x0000,0x0000,};

const uint16_t N30[9380]={
0x0000,0x0000,0x0000,0x0000,0x0000,0x0000,0x0000,0x0000,0x0000,0x0000,0x0000,0x0000,0x0000,0x0000,0x0000,0x0000,
0x0000,0x0000,0x0000,0x0000,0x0000,0x0000,0x0000,0x0000,0x0000,0x0000,0x0000,0x0000,0x0000,0x0000,0x0000,0x0000,
0x0000,0x3123,0x5a05,0x0041,0x0000,0x0000,0x0000,0x0000,0x0000,0x0000,0x0000,0x0000,0x0000,0x0000,0x0000,0x0000,
0x0000,0x0000,0x0000,0x0000,0x0000,0x0000,0x0000,0x0000,0x0000,0x0000,0x0000,0x0000,0x0000,0x0000,0x0000,0x0000,
0x0000,0x0000,0x0000,0x0000,0x0000,0x0000,0x0000,0x0000,0x0000,0x0000,0x0000,0x0000,0x0000,0x0000,0x0000,0x0000,
0x0000,0x0000,0x0000,0x0000,0x0000,0x0000,0x0000,0x0000,0x0000,0x0000,0x0000,0x0000,0x0000,0x0000,0x0000,0x0000,
0x0000,0x0000,0x0000,0x0000,0x0000,0x0000,0x1082,0x4143,0x3922,0x5a68,0x0000,0x0000,0x0000,0x0000,0x0000,0x0000,
0x0000,0x0000,0x0000,0x0000,0x0000,0x0000,0x0000,0x0000,0x0000,0x0000,0x0000,0x0000,0x0000,0x0000,0x0000,0x0000,
0x0000,0x0000,0x0000,0x0000,0x0000,0x0000,0x0000,0x0000,0x0000,0x0000,0x0000,0x0000,0x0000,0x0000,0x0000,0x0000,
0x0000,0x0000,0x0000,0x0000,0x0000,0x0000,0x0000,0x0000,0x0000,0x0000,0x0000,0x0000,0x0000,0x0000,0x0000,0x0000,
0x0000,0x0000,0x0000,0x0000,0x0000,0x0000,0x0000,0x0000,0x0000,0x0000,0x0000,0x0000,0x18c2,0x2923,0x20a1,0x3186,
0x0000,0x0000,0x0000,0x0000,0x0000,0x0000,0x0000,0x0000,0x0000,0x0000,0x0000,0x0000,0x0000,0x0000,0x0000,0x0000,
0x0000,0x0000,0x0000,0x0000,0x0000,0x0000,0x0000,0x0000,0x0000,0x0000,0x0000,0x0000,0x0000,0x0000,0x0000,0x0000,
0x0000,0x0000,0x0000,0x0000,0x0000,0x0000,0x0000,0x0000,0x0000,0x0000,0x0000,0x0000,0x0000,0x0000,0x0000,0x0000,
0x0000,0x0000,0x0000,0x0000,0x0000,0x0000,0x0000,0x0000,0x0000,0x0000,0x0000,0x0000,0x0000,0x0000,0x0000,0x0000,
0x0000,0x0000,0x0861,0x3943,0x30e2,0x4a48,0x0000,0x0000,0x0000,0x0000,0x0000,0x0000,0x0000,0x0000,0x0000,0x0000,
0x0000,0x0000,0x0000,0x0000,0x0000,0x0000,0x0000,0x0000,0x0000,0x0000,0x0000,0x0000,0x0000,0x0000,0x0000,0x0000,
0x0000,0x0000,0x0000,0x0000,0x0000,0x0000,0x0000,0x0000,0x0000,0x0000,0x0000,0x0000,0x0000,0x0000,0x0000,0x0000,
0x0000,0x0000,0x0000,0x0000,0x0000,0x0000,0x0000,0x0000,0x0000,0x0000,0x0000,0x0000,0x0000,0x0000,0x0000,0x0000,
0x0000,0x0000,0x0000,0x0000,0x0000,0x0000,0x0000,0x0000,0x1881,0x3922,0x28e2,0x69e7,0x0800,0x0000,0x0000,0x0000,
0x0000,0x0000,0x0000,0x0000,0x0000,0x0000,0x0000,0x0000,0x0000,0x0000,0x0000,0x0000,0x0000,0x0000,0x0000,0x0000,
0x0000,0x0000,0x0000,0x0000,0x0000,0x0000,0x0000,0x0000,0x0000,0x0000,0x0000,0x0000,0x0000,0x0000,0x0000,0x0000,
0x0000,0x0000,0x0000,0x0000,0x0000,0x0000,0x0000,0x0000,0x0000,0x0000,0x0000,0x0000,0x0000,0x0000,0x0000,0x0000,
0x0000,0x0000,0x0000,0x0000,0x0000,0x0000,0x0000,0x0000,0x0000,0x0000,0x0000,0x0000,0x0000,0x0000,0x1882,0x28c2,
0x20a1,0x41a6,0x0021,0x0000,0x0000,0x0000,0x0000,0x0000,0x0000,0x0000,0x0000,0x0000,0x0000,0x0000,0x0000,0x0000,
0x0000,0x0000,0x0000,0x0000,0x0000,0x0000,0x0000,0x0000,0x0000,0x0000,0x0000,0x0000,0x0000,0x0000,0x0000,0x0000,
0x0000,0x0000,0x0000,0x0000,0x0000,0x0000,0x0000,0x0000,0x0000,0x0000,0x0000,0x0000,0x0000,0x0000,0x0000,0x0000,
0x0000,0x0000,0x0000,0x0000,0x0000,0x0000,0x0000,0x0000,0x0000,0x0000,0x0000,0x0000,0x0000,0x0000,0x0000,0x0000,
0x0000,0x0000,0x0000,0x0000,0x49c4,0x4983,0x4122,0x5a27,0x1082,0x0000,0x0000,0x0000,0x0000,0x0000,0x0000,0x0000,
0x0000,0x0000,0x0000,0x0000,0x0000,0x0000,0x0000,0x0000,0x0000,0x0000,0x0000,0x0000,0x0000,0x0000,0x0000,0x0000,
0x0000,0x0000,0x0000,0x0000,0x0000,0x0000,0x0000,0x0000,0x0000,0x0000,0x0000,0x0000,0x0000,0x0000,0x0000,0x0000,
0x0000,0x0000,0x0000,0x0000,0x0000,0x0000,0x0000,0x0000,0x0000,0x0000,0x0000,0x0000,0x0000,0x0000,0x0000,0x0000,
0x0000,0x0000,0x0000,0x0000,0x0000,0x0000,0x0000,0x0000,0x0000,0x0000,0x3901,0x5162,0x4121,0x3921,0x30e1,0x0000,
0x0000,0x0000,0x0000,0x0000,0x0000,0x0000,0x0000,0x0000,0x0000,0x0000,0x0000,0x0000,0x0000,0x0000,0x0000,0x0000,
0x0000,0x0000,0x0000,0x0000,0x0000,0x0000,0x0000,0x0000,0x0000,0x0000,0x0000,0x0000,0x0000,0x0000,0x0000,0x0000,
0x0000,0x0000,0x0000,0x0000,0x0000,0x0000,0x0000,0x0000,0x0000,0x0000,0x0000,0x0000,0x0000,0x0000,0x0000,0x0000,
0x0000,0x0000,0x0000,0x0000,0x0000,0x0000,0x0000,0x0000,0x0000,0x0000,0x0000,0x0000,0x0000,0x0000,0x0000,0x4a47,
0x3922,0x2040,0x20a1,0x0820,0x2880,0x93ca,0x0861,0x0000,0x0000,0x0000,0x0000,0x0000,0x0000,0x0000,0x0000,0x0000,
0x0000,0x0000,0x0000,0x0000,0x0000,0x0000,0x0000,0x0000,0x0000,0x0000,0x0000,0x0000,0x0000,0x0000,0x0000,0x0000,
0x0000,0x0000,0x0000,0x0000,0x0000,0x0000,0x0000,0x0000,0x0000,0x0000,0x0000,0x0000,0x0000,0x0000,0x0000,0x0000,
0x0000,0x0000,0x0000,0x0000,0x0000,0x0000,0x0000,0x0000,0x0000,0x0000,0x0000,0x0000,0x0000,0x0000,0x0000,0x0000,
0x0000,0x0000,0x0000,0x0000,0x4269,0xab8b,0x9328,0x8b07,0x6245,0x59e4,0x6a67,0x7ac8,0x10a2,0x0800,0x0000,0x0000,
0x0000,0x0000,0x0000,0x0000,0x0000,0x0000,0x0000,0x0000,0x0000,0x0000,0x0000,0x0000,0x0000,0x0000,0x0000,0x0000,
0x0000,0x0000,0x0000,0x0000,0x0000,0x0000,0x0000,0x0000,0x0000,0x0000,0x0000,0x0000,0x0000,0x0000,0x0000,0x0000,
0x0000,0x0000,0x0000,0x0000,0x0000,0x0000,0x0000,0x0000,0x0000,0x0000,0x0000,0x0000,0x0000,0x0000,0x0000,0x0000,
0x0000,0x0000,0x0000,0x0000,0x0000,0x0000,0x0000,0x0000,0x0000,0x41e7,0x7b0b,0x3060,0x6a03,0xbc8c,0xd4ac,0xb3c9,
0x8b08,0x1840,0x3964,0x20e2,0x0000,0x0000,0x0000,0x0000,0x0000,0x0000,0x0000,0x0000,0x0000,0x0000,0x0000,0x0000,
0x0000,0x0000,0x0000,0x0000,0x0000,0x0000,0x0000,0x0000,0x0000,0x0000,0x0000,0x0000,0x0000,0x0000,0x0000,0x0000,
0x0000,0x0000,0x0000,0x0000,0x0000,0x0000,0x0000,0x0000,0x0000,0x0000,0x0000,0x0000,0x0000,0x0000,0x0000,0x0000,
0x0000,0x0000,0x0000,0x0000,0x0000,0x0000,0x0000,0x0000,0x0000,0x0000,0x0000,0x0000,0x0000,0x0841,0x41c7,0x3124,
0x0020,0x20a1,0x0000,0x0000,0x1820,0x0820,0x0000,0x1040,0x0840,0x3123,0x1061,0x0000,0x0000,0x0000,0x0000,0x0000,
0x0000,0x0000,0x0000,0x0000,0x0000,0x0000,0x0000,0x0000,0x0000,0x0000,0x0000,0x0000,0x0000,0x0000,0x0000,0x0000,
0x0000,0x0000,0x0000,0x0000,0x0000,0x0000,0x0000,0x0000,0x0000,0x0000,0x0000,0x0000,0x0000,0x0000,0x0000,0x0000,
0x0000,0x0000,0x0000,0x0000,0x0000,0x0000,0x0000,0x0000,0x0000,0x0000,0x0000,0x0000,0x0000,0x0000,0x0000,0x0000,
0x0000,0x0000,0x0000,0x0820,0x1020,0x0020,0x1041,0x1060,0x1881,0x30e2,0x3102,0x28e2,0x1881,0x1040,0x1040,0x0020,
0x0000,0x0000,0x0800,0x1082,0x1082,0x0000,0x0000,0x0000,0x0000,0x0000,0x0000,0x0000,0x0000,0x0000,0x0000,0x0000,
0x0000,0x0000,0x0000,0x0000,0x0000,0x0000,0x0000,0x0000,0x0000,0x0000,0x0000,0x0000,0x0000,0x0000,0x0000,0x0000,
0x0000,0x0000,0x0000,0x0000,0x0000,0x0000,0x0000,0x0000,0x0000,0x0000,0x0000,0x0000,0x0000,0x0000,0x0000,0x0000,
0x0000,0x0000,0x0000,0x0020,0x0820,0x0020,0x0820,0x0820,0x0820,0x0000,0x0800,0x0820,0x1061,0x1881,0x30e2,0x4963,
0x3923,0x3964,0x28c1,0x1861,0x0840,0x0000,0x0000,0x0000,0x0000,0x0820,0x0820,0x0800,0x0000,0x0000,0x0000,0x0000,
0x0000,0x0000,0x0000,0x0000,0x0000,0x0000,0x0000,0x0000,0x0000,0x0000,0x0000,0x0000,0x0000,0x0000,0x0000,0x0000,
0x0000,0x0000,0x0000,0x0000,0x0000,0x0000,0x0000,0x0000,0x0000,0x0000,0x0000,0x0000,0x0000,0x0000,0x0000,0x0000,
0x0000,0x0000,0x0000,0x0000,0x0000,0x0000,0x0000,0x0820,0x1040,0x1040,0x1040,0x0820,0x0820,0x0820,0x0820,0x0820,
0x0820,0x0000,0x0000,0x0000,0x0041,0x51a3,0x3963,0x6267,0x0000,0x0000,0x0000,0x0800,0x0820,0x0820,0x0820,0x0820,
0x0820,0x0820,0x0820,0x0820,0x0820,0x0820,0x0800,0x0800,0x0000,0x0000,0x0000,0x0000,0x0000,0x0000,0x0000,0x0000,
0x0000,0x0000,0x0000,0x0000,0x0000,0x0000,0x0000,0x0000,0x0000,0x0000,0x0000,0x0000,0x0000,0x0000,0x0000,0x0000,
0x0000,0x0000,0x0000,0x0000,0x0000,0x0000,0x0000,0x0000,0x0000,0x0000,0x0000,0x0000,0x0820,0x0820,0x0820,0x1060,
0x1040,0x0820,0x0820,0x0820,0x0820,0x0820,0x0020,0x0820,0x0020,0x0000,0x18a1,0x3102,0x2902,0x4a27,0x0000,0x0000,
0x0000,0x0000,0x0000,0x0000,0x0000,0x0020,0x0820,0x0820,0x0820,0x0820,0x0820,0x0820,0x0820,0x0820,0x0800,0x0800,
0x0000,0x0800,0x0000,0x0000,0x0000,0x0000,0x0000,0x0000,0x0000,0x0000,0x0000,0x0000,0x0000,0x0000,0x0000,0x0000,
0x0000,0x0000,0x0000,0x0000,0x0000,0x0000,0x0000,0x0000,0x0000,0x0000,0x0000,0x0800,0x0800,0x0800,0x0820,0x0820,
0x0820,0x0840,0x1040,0x1060,0x1040,0x1060,0x1040,0x1060,0x1061,0x1881,0x1881,0x1881,0x1881,0x1881,0x1881,0x1881,
0x28e2,0x61e4,0x5a05,0x5a06,0x0820,0x1061,0x1061,0x1060,0x1040,0x0840,0x0820,0x0820,0x0820,0x0820,0x0820,0x0820,
0x0820,0x0800,0x0820,0x0820,0x0800,0x0000,0x0000,0x0000,0x0000,0x0800,0x0800,0x0800,0x0000,0x0000,0x0000,0x0000,
0x0000,0x0000,0x0000,0x0000,0x0000,0x0000,0x0000,0x0000,0x0000,0x0000,0x0000,0x0000,0x0000,0x0000,0x0000,0x0000,
0x0820,0x0820,0x0861,0x1061,0x1081,0x1061,0x1061,0x1081,0x1081,0x1081,0x1061,0x1061,0x1061,0x1061,0x1061,0x1060,
0x0860,0x0840,0x0860,0x0840,0x0820,0x0020,0x0020,0x0840,0x1060,0x0840,0x0020,0x0840,0x1040,0x1060,0x1861,0x1881,
0x1881,0x1881,0x1881,0x1881,0x1881,0x1061,0x1061,0x1060,0x1060,0x1040,0x0840,0x0820,0x0820,0x0800,0x0000,0x0000,
0x0000,0x0000,0x0800,0x0000,0x0000,0x0000,0x0000,0x0000,0x0000,0x0000,0x0000,0x0000,0x0000,0x0000,0x0000,0x0000,
0x0000,0x0000,0x1061,0x1082,0x0840,0x0861,0x1061,0x0840,0x0000,0x0000,0x1081,0x2103,0x2104,0x2103,0x2924,0x2923,
0x3943,0x4183,0x4184,0x51c4,0x59e5,0x6225,0x6205,0x6205,0x59e5,0x6205,0x6204,0x7225,0x92a6,0x92e6,0x7266,0x7245,
0x6204,0x49c4,0x4184,0x2923,0x2902,0x20e2,0x20c2,0x20c2,0x1881,0x1061,0x1041,0x1061,0x1861,0x1881,0x1881,0x1881,
0x1881,0x1061,0x1061,0x1061,0x1060,0x0840,0x0820,0x0000,0x0000,0x0841,0x31c7,0x2104,0x0000,0x0000,0x0000,0x0000,
0x0000,0x0000,0x0000,0x0000,0x0000,0x0000,0x0000,0x18e2,0x2944,0x2124,0x0020,0x0000,0x0840,0x3186,0x52aa,0x734c,
0x730a,0x6288,0x6247,0x6a67,0x7287,0x7266,0x7246,0x7245,0x6205,0x59e4,0x59e4,0x51c4,0x4963,0x3942,0x3922,0x3922,
0x3922,0x4963,0x5183,0x3922,0x28e2,0x3922,0x4163,0x4163,0x51a4,0x59c4,0x59c4,0x59c4,0x51c4,0x6a25,0x6225,0x6205,
0x51e4,0x3963,0x2902,0x18a1,0x1881,0x1881,0x20c1,0x20c2,0x20a1,0x18a1,0x1881,0x1061,0x1061,0x0840,0x0820,0x1082,
0x39c7,0x4228,0x39e7,0x0000,0x0000,0x0000,0x0000,0x0000,0x0000,0x0000,0x0000,0x0020,0x2923,0x2124,0x10a2,0x0841,
0x3a08,0x630c,0x6b0b,0x5269,0x49e7,0x49a4,0x51c3,0x51a3,0x51a3,0x4983,0x4962,0x4963,0x51a3,0x59e4,0x7224,0x7224,
0x7224,0x51a3,0x4982,0x4142,0x4162,0x4162,0x4163,0x61e4,0x6225,0x49a4,0x4163,0x4163,0x4983,0x49a3,0x51c4,0x51c4,
0x51c4,0x49a4,0x4983,0x4983,0x4983,0x4983,0x49a4,0x49a4,0x51a4,0x51c4,0x59e4,0x59e4,0x2903,0x18c2,0x18c2,0x28e2,
0x2902,0x2902,0x2903,0x28e2,0x18a2,0x18c2,0x18c2,0x20e3,0x39a6,0x39c6,0x0000,0x0000,0x0000,0x0000,0x0000,0x0000,
0x0000,0x2924,0x20e3,0x0820,0x4a49,0x6b2c,0x6b4d,0x49e6,0x2060,0x3101,0x59c3,0x59e3,0x4983,0x4162,0x51a3,0x59c3,
0x59c3,0x6204,0x7264,0x9305,0x8243,0x4962,0x51a3,0x51a3,0x5183,0x4962,0x4162,0x4142,0x4142,0x59e4,0x6a25,0x4983,
0x4163,0x4983,0x51a3,0x51c4,0x59c4,0x59e4,0x6204,0x6a25,0x6204,0x6204,0x6205,0x6225,0x6a25,0x6205,0x59c4,0x49a3,
0x4183,0x61e4,0x92a5,0x8265,0x59c4,0x18a2,0x20a1,0x28e2,0x28e2,0x2902,0x2903,0x3144,0x2923,0x18a2,0x1061,0x2924,
0x3165,0x0000,0x0000,0x0000,0x0000,0x0000,0x2103,0x10a3,0x0861,0x6b4d,0x634d,0x4185,0x1840,0x1060,0x3922,0x4162,
0x4982,0x61e3,0x6a03,0x61e3,0x4982,0x51a3,0x6a23,0x8ac4,0x6182,0x4921,0x4962,0x4962,0x4982,0x51a3,0x59a3,0x61c3,
0x5183,0x4142,0x3102,0x28e2,0x3102,0x3102,0x3922,0x4163,0x51a3,0x51a4,0x51c4,0x59c4,0x59c4,0x59e4,0x59e4,0x59e4,
0x59e4,0x59e4,0x59e4,0x6204,0x6a24,0x6a25,0x8285,0x8aa6,0x7a85,0x59e4,0x59c4,0x59e4,0x3943,0x1881,0x20a1,0x20c1,
0x20a1,0x20c2,0x2903,0x3165,0x18c2,0x0841,0x18a2,0x0861,0x0000,0x0000,0x0000,0x1081,0x18c3,0x2124,0x6b6d,0x5aeb,
0x1881,0x1881,0x1881,0x30e2,0x3102,0x5183,0x59a3,0x59a2,0x4962,0x3101,0x6a23,0x7a23,0x71e2,0x5962,0x4121,0x4142,
0x4142,0x4142,0x4142,0x4122,0x3922,0x3101,0x20a1,0x1861,0x1040,0x0820,0x0820,0x1040,0x1061,0x1881,0x28e2,0x4142,
0x4963,0x4983,0x4983,0x4983,0x51a3,0x51a3,0x51a3,0x51a3,0x51a3,0x51a3,0x51a3,0x4983,0x4183,0x59c3,0x7204,0x7a45,
0x6205,0x51a4,0x4163,0x4163,0x18a1,0x20a1,0x20c1,0x18a1,0x18a2,0x20e2,0x3144,0x18c3,0x0020,0x1082,0x0020,0x0000,
0x0020,0x10a2,0x2145,0x6b4d,0x5b0c,0x1040,0x20c2,0x1061,0x20c1,0x28e2,0x4982,0x4142,0x3922,0x30c1,0x28e2,0x82e4,
0x7a43,0x4101,0x4121,0x3901,0x3901,0x3101,0x3101,0x3101,0x30e1,0x20a1,0x1040,0x0820,0x0820,0x0820,0x0820,0x0020,
0x0820,0x0820,0x0820,0x0820,0x0820,0x0840,0x1061,0x3102,0x3943,0x3943,0x4143,0x4143,0x4143,0x4143,0x4142,0x4143,
0x4142,0x4142,0x4142,0x3942,0x3922,0x3922,0x4163,0x49a4,0x49a4,0x3943,0x3943,0x20a1,0x20a1,0x20c1,0x1881,0x1881,
0x20e3,0x2965,0x0861,0x1061,0x28c2,0x0000,0x0820,0x10a2,0x52cb,0x5b0d,0x1861,0x18a2,0x1061,0x0041,0x0841,0x28e2,
0x18a1,0x1061,0x1881,0x6243,0xa3a6,0x82a4,0x3122,0x3942,0x4162,0x4162,0x4982,0x4182,0x4142,0x51a3,0x4162,0x18c1,
0x1081,0x1881,0x2081,0x2081,0x18a1,0x20a1,0x20a1,0x2081,0x20a1,0x20a1,0x28c1,0x1881,0x20c1,0x28c1,0x3102,0x61c4,
0x59c4,0x51a3,0x6a04,0x6204,0x6a04,0x59c4,0x59e4,0x6a24,0x6204,0x59e4,0x6a24,0x61e4,0x3943,0x2923,0x20a2,0x28e3,
0x18a2,0x20e2,0x0841,0x20c2,0x28e2,0x2923,0x10a2,0x2124,0x2945,0x0820,0x30e1,0x0000,0x0820,0x3186,0x630c,0x5a89,
0x59e5,0x3943,0x3103,0x6204,0x7ae5,0x7ac6,0x6a04,0x61c4,0xab66,0xa3c8,0x9b05,0x8284,0x92e5,0x8aa4,0x7a64,0x8a85,
0xab46,0xaba7,0xcc28,0x92a5,0x69a3,0x5983,0x61a3,0x4122,0x3102,0x30e2,0x30e2,0x3102,0x3902,0x3902,0x3922,0x3922,
0x4122,0x3922,0x4122,0x3102,0x3102,0x5163,0x51a3,0x6a25,0x7a65,0x7245,0x8265,0x7245,0x6a24,0x7a65,0x7a65,0x7a65,
0x8aa5,0x8285,0x61c3,0x8a44,0xfe2c,0x82c7,0x82a6,0xb3a8,0x8ae6,0x59c4,0x7a45,0x6a05,0x6a05,0x4184,0x3185,0x0841,
0x1860,0x0820,0x0861,0x4249,0x630c,0x4963,0x2903,0x20c2,0x0861,0x20a1,0x2081,0xe58d,0xfe6b,0xfe6c,0xff8f,0xfff8,
0x4860,0x51a3,0x6204,0x59e4,0x59e4,0x51e4,0x41a4,0x4164,0x4123,0x20c2,0x20e2,0x3102,0x3122,0x3123,0x3123,0x3123,
0x3102,0x3102,0x20c2,0x0822,0x0822,0x18a3,0x3123,0x3943,0x3943,0x3943,0x3943,0x3143,0x3123,0x49c4,0x6246,0x6225,
0x6225,0x6a45,0x6a45,0x6a25,0x6a25,0x6a25,0x6a25,0x6a25,0x61e4,0x5102,0xfd6a,0xc3e8,0xc367,0xcc08,0x18c2,0x0000,
0x0021,0x0000,0x0020,0x20a2,0x3965,0x10c3,0x0840,0x1040,0x10a2,0x52aa,0x5aeb,0x1861,0x18a2,0x0841,0x0840,0x1881,
0x1020,0xf66e,0xf62b,0xf6ad,0xffb0,0x9a42,0x28c1,0x7286,0x7aa6,0x7266,0x7266,0x6a66,0x6a46,0x6225,0x49c4,0x3964,
0x4164,0x4984,0x4984,0x4984,0x4184,0x4184,0x4184,0x3103,0x3964,0xb465,0xdd66,0x7b25,0x20c4,0x4164,0x49a4,0x49a4,
0x49c4,0x49c5,0x49a5,0x4184,0x6a66,0x72a7,0x7287,0x7aa7,0x7ac7,0x7ac7,0x82e7,0x82e7,0x8b08,0x9349,0x7a86,0x61c3,
0xa306,0xdc48,0xbba8,0xd4a9,0x39a4,0x0000,0x1061,0x1061,0x1061,0x20a1,0x2924,0x2104,0x0820,0x1040,0x18e4,0x5acb,
0x4229,0x18a2,0x18c2,0x0841,0x0841,0x28c1,0x1020,0xd56c,0xff2d,0xfe0a,0xc2e3,0x48c0,0x51a3,0x7a86,0x7aa6,0x82a6,
0x7a86,0x7aa6,0x6205,0x6205,0x49a4,0x3943,0x4984,0x4163,0x4163,0x4984,0x4983,0x4983,0x3123,0x41a4,0xfdc6,0xfd64,
0xfc63,0xed65,0xcca5,0x18a3,0x49a4,0x49a4,0x51c4,0x49a4,0x49a4,0x49a4,0x41a4,0x82e7,0x7266,0x7286,0x7ac7,0x82e8,
0x8307,0x8b28,0x8308,0x9348,0x8ae7,0x61a3,0x69c4,0x9244,0xf4a9,0xfd8b,0x1082,0x0020,0x1061,0x1061,0x1061,0x18a2,
0x2903,0x2124,0x0820,0x1040,0x2124,0x52cb,0x4208,0x20c2,0x18a2,0x0841,0x0861,0x28e2,0x20a2,0x7a84,0xc386,0x7100,
0x0000,0x1060,0x3901,0x1860,0x28c1,0x2060,0x0000,0x28c1,0x1060,0x1040,0x1041,0x0000,0x0820,0x1041,0x0820,0x1881,
0x0000,0x0000,0x0001,0xd3e3,0xdb42,0x1000,0x0000,0x50c0,0xfc83,0x28c1,0x0020,0x0000,0x0840,0x1061,0x0840,0x18a1,
0x0000,0x1020,0x3102,0x1040,0x30e2,0x1860,0x0800,0x4122,0x1040,0x2081,0x3902,0x0020,0x20a1,0x1841,0x6983,0x7a45,
0x0000,0x0840,0x1041,0x1041,0x1061,0x1881,0x2103,0x2944,0x0020,0x0820,0x2945,0x52cb,0x39e7,0x18a2,0x10a2,0x0040,
0x1061,0x28e2,0x20e2,0x7a43,0x6920,0x1080,0x1040,0x1860,0x3922,0x30e1,0x3922,0x2080,0x1840,0x20a1,0x30c1,0x20a1,
0x0841,0x0000,0x0820,0x20a1,0x1861,0x18a1,0x0000,0x0000,0x1081,0xf362,0x1020,0x0000,0x1040,0x0000,0xb2a2,0x7a02,
0x0020,0x0000,0x1040,0x20a1,0x2081,0x20a1,0x0000,0x0820,0x4143,0x30e1,0x4143,0x2080,0x1860,0x3902,0x3922,0x4143,
0x28c1,0x1860,0x28c1,0x6182,0x8a64,0x7a85,0x0001,0x0840,0x1041,0x1041,0x1061,0x18a2,0x20e3,0x2945,0x0020,0x0020,
0x2945,0x5acb,0x31a6,0x18a2,0x1082,0x0020,0x1061,0x28e2,0x20e2,0x61c2,0x9980,0x4101,0x28c1,0x30e2,0x20a1,0x1040,
0x20a1,0x3922,0x28c1,0x30e2,0x0840,0x0800,0x18a2,0x1061,0x1881,0x0800,0x0000,0x1061,0x1881,0x1881,0x0000,0xa201,
0x4941,0x0000,0x0000,0x4941,0xd302,0x1800,0x18a1,0x1861,0x20a2,0x0800,0x0000,0x1881,0x1061,0x20c2,0x20a1,0x1040,
0x20a1,0x3102,0x3102,0x3923,0x1861,0x2081,0x51a4,0x3902,0x59a4,0x20c1,0xa222,0x82a5,0x0022,0x0841,0x1061,0x1041,
0x1061,0x18a2,0x20e3,0x2945,0x0020,0x0000,0x2965,0x52cb,0x31a6,0x18a2,0x1082,0x0020,0x1061,0x28e2,0x20e2,0xbb25,
0x9181,0x5121,0x1061,0x0081,0x20e2,0x0022,0x10a2,0x0882,0x0062,0x18c2,0x0062,0x0041,0x1882,0x0821,0x1061,0x1061,
0x0041,0x1881,0x0021,0x0041,0x0061,0x0061,0x89c2,0x2901,0x61a1,0xfb23,0xb9e1,0x0020,0x0081,0x0020,0x0861,0x0861,
0x0041,0x20a2,0x0041,0x1061,0x3903,0x1882,0x3923,0x28e2,0x20c2,0x4963,0x20c3,0x3944,0x4984,0x30e2,0x4143,0x4142,
0xaaa3,0x6285,0x0021,0x0840,0x1041,0x0841,0x1041,0x18a2,0x2903,0x2945,0x0020,0x0000,0x2965,0x52cb,0x39c7,0x20e2,
0x1082,0x0820,0x1061,0x28e2,0x18c2,0x7244,0x9a42,0x2902,0x1820,0x9901,0x89a2,0xa9e2,0x91c2,0x9161,0x9941,0x8142,
0xa9c2,0x9162,0x0043,0x2863,0x2842,0x2882,0x4842,0x4042,0x80a1,0x90c1,0x8121,0x90e1,0x6080,0x6121,0x7981,0x18a0,
0x5060,0x78e1,0x78c1,0x88a1,0x7081,0x58e2,0x68c2,0x58c2,0x6062,0x5042,0x61a4,0x59a4,0x69c4,0x7144,0x6924,0x71e4,
0x72a6,0x7a65,0x6a05,0x59e5,0x2904,0x8204,0xa305,0x6245,0x0042,0x0840,0x1041,0x0840,0x0841,0x18c2,0x2903,0x2945,
0x0020,0x0800,0x2965,0x52cb,0x39a6,0x20c2,0x1082,0x0040,0x1061,0x28e2,0x18e2,0x81c1,0xa9a0,0x6141,0xa2a3,0x9b83,
0xa322,0xabe2,0xa321,0x9302,0x8b63,0x92c2,0xab61,0x5942,0x82a2,0x5aa3,0x6202,0xa322,0xab81,0xab62,0x6142,0x38e1,
0x1061,0x30e0,0x4140,0x2081,0x0081,0x3101,0x3980,0x28a0,0x1902,0x0062,0x5182,0x8a40,0x6200,0x59e1,0x5a62,0x5242,
0x6a22,0x7241,0x7201,0x8ac3,0xa2e3,0xa303,0xb3e2,0xbba1,0xb303,0xe3e3,0x72a5,0x3921,0xa201,0x82a4,0x0042,0x0841,
0x1041,0x0840,0x0841,0x18a2,0x2103,0x2945,0x0020,0x0820,0x2965,0x52cb,0x39a6,0x20c2,0x1082,0x0041,0x1081,0x28e2,
0x18c2,0xdb64,0x99a1,0x4921,0xd9c0,0xfd60,0xfce0,0xfec0,0xfd60,0xfcc0,0xfe00,0xfc20,0xfce1,0x9201,0xfb60,0xfce0,
0xfb80,0xfc60,0xfce0,0xfb80,0xfc60,0xfd20,0xc2e0,0xe480,0xfce0,0xfb80,0xfc60,0xfd20,0xe480,0xdc40,0xd340,0xfce0,
0xfb80,0xfc60,0xfd20,0xe2c0,0xfbc0,0xfb80,0xfc01,0xfcc1,0xfc61,0xfca1,0xfd61,0xe382,0xfd81,0xe421,0xe3c1,0xffe0,
0x69a4,0x6962,0xb282,0x5224,0x0022,0x0841,0x1061,0x0840,0x1041,0x18a2,0x2103,0x2945,0x0020,0x0820,0x2965,0x52cb,
0x39a6,0x20c2,0x1082,0x0020,0x1061,0x28e2,0x18a2,0x7a84,0x9a63,0x4121,0x0020,0x0801,0x38a3,0x2002,0x3063,0x1002,
0x0802,0x1002,0x3062,0x28c2,0x0002,0x0001,0x1001,0x1802,0x0001,0x2821,0xf900,0xe920,0x2821,0x0802,0x0802,0x0881,
0xe0c0,0x3801,0x0001,0x1002,0x1801,0xc8a0,0xd8e0,0x1842,0x0002,0x28c2,0x0002,0x0001,0x2083,0x2823,0x38e3,0x0802,
0x0803,0x30e4,0x7904,0x2004,0xfc21,0xffe1,0x80c3,0x81c3,0xaac4,0x5204,0x0062,0x0841,0x1061,0x1041,0x1041,0x18a2,
0x2103,0x2945,0x0020,0x0820,0x2965,0x52cb,0x39a6,0x20c2,0x0881,0x0040,0x1061,0x28e2,0x20c2,0x51a2,0xa1c0,0x6961,
0x20c1,0x28e2,0x20a1,0x1060,0x20a1,0x3902,0x28a1,0x30e2,0x30e2,0x1041,0x20a2,0x30e2,0x28e2,0x1020,0x5860,0x98a0,
0x0860,0x0041,0x0881,0x20a2,0x1840,0x58c1,0x4080,0x30a1,0x1020,0x1820,0x20a1,0x0041,0x10a1,0x6860,0x4060,0x28a1,
0x3102,0x3923,0x28a1,0x2061,0x28a1,0x3923,0x4123,0x4984,0x2023,0xd1e1,0xf520,0xbba3,0x6904,0x30e1,0xaa00,0x7244,
0x0062,0x0841,0x1041,0x0841,0x0841,0x18a2,0x2103,0x2945,0x0020,0x0820,0x2965,0x52ab,0x39a6,0x20c2,0x0861,0x0040,
0x1061,0x28e2,0x20e2,0xbb85,0x91c1,0x6161,0x1080,0x28a1,0x30e1,0x2060,0x28c1,0x28a1,0x2060,0x30c1,0x4143,0x2881,
0x30e2,0x1841,0x1040,0x40a0,0x3040,0x0061,0x0820,0x1840,0x28c2,0x1820,0x2080,0x3880,0x3860,0x3080,0x2040,0x2040,
0x2061,0x1020,0x1860,0x0840,0x2040,0x38c1,0x1840,0x20a1,0x5183,0x3902,0x38e2,0x38e2,0x3902,0x2964,0x9022,0xff40,
0xfd61,0x6984,0x10e3,0x5101,0xb262,0x5224,0x0022,0x0841,0x1041,0x0841,0x1041,0x18a2,0x2103,0x2945,0x0040,0x0820,
0x2965,0x52aa,0x39c6,0x20c2,0x0881,0x0040,0x1081,0x28e2,0x18a2,0x82a4,0x9a63,0x4122,0x0840,0x1860,0x3902,0x28a1,
0x30e2,0x2060,0x1840,0x2081,0x5183,0x4922,0x1840,0x1000,0x2880,0x2081,0x1040,0x1861,0x1040,0x28c2,0x2061,0x2060,
0x30c1,0x2840,0x3040,0x2880,0x2880,0x2880,0x1840,0x1000,0x1840,0x20a1,0x2061,0x20a1,0x2860,0x1840,0x3102,0x61c4,
0x61c4,0x28a1,0x1082,0x4064,0xfcc0,0xf540,0xf461,0x3904,0x28c2,0x8203,0xaaa4,0x49e4,0x0042,0x0841,0x1061,0x0841,
0x1041,0x18a2,0x2103,0x2945,0x0020,0x0820,0x2965,0x52aa,0x39c7,0x20c2,0x0881,0x0040,0x1081,0x30e2,0x20c2,0x59e3,
0x99e0,0x5961,0x20c1,0x30e1,0x2080,0x1020,0x2080,0x30e1,0x2081,0x4963,0x4122,0x0820,0x2081,0x28a1,0x2081,0x0800,
0x0800,0x1060,0x30e2,0x1881,0x1020,0x2061,0x28a1,0x3080,0x3080,0x2881,0x2040,0x2020,0x28a1,0x1860,0x20a1,0x1020,
0x1000,0x1861,0x1861,0x38e2,0x2081,0x28a1,0x61c4,0x59c4,0x2003,0xfbe2,0xffa0,0xfe20,0x5844,0x3963,0x3923,0x48c0,
0xaa00,0x6224,0x0062,0x0841,0x1041,0x0841,0x0841,0x1061,0x20e3,0x2945,0x0820,0x0820,0x2965,0x52aa,0x39a6,0x18c2,
0x0861,0x0040,0x1081,0x28e2,0x20c2,0xdc46,0x9a02,0x5142,0x1860,0x28a1,0x30e1,0x1860,0x28a1,0x28a1,0x4122,0x4983,
0x30c1,0x1040,0x28a1,0x0820,0x1040,0x1840,0x1020,0x20a1,0x1040,0x1020,0x2060,0x28c2,0x2060,0x2860,0x2880,0x2880,
0x2060,0x2060,0x2060,0x1820,0x2060,0x1860,0x1840,0x2081,0x1020,0x1041,0x5122,0x28a1,0x4983,0x4984,0x8143,0xfda1,
0xffe0,0x9802,0x41c4,0x28c1,0x3102,0x5901,0xb2a2,0x5244,0x0022,0x0840,0x1041,0x1041,0x1041,0x1041,0x18c2,0x2945,
0x0820,0x0820,0x2965,0x52aa,0x3186,0x1081,0x0861,0x0040,0x1081,0x28e2,0x1061,0x9325,0xb2e4,0x3922,0x1040,0x1860,
0x3902,0x30c1,0x3902,0x3902,0x3902,0x4163,0x30e1,0x30c2,0x1040,0x0000,0x0820,0x2081,0x28c1,0x2081,0x0800,0x0800,
0x20a1,0x28a1,0x2080,0x2860,0x2860,0x2880,0x2880,0x28a1,0x2060,0x1000,0x1840,0x28a1,0x20a1,0x2081,0x1000,0x0820,
0x3922,0x89a3,0x2944,0x6923,0xfe01,0x82c4,0xb942,0x3124,0x61c4,0x2060,0x10a1,0x9263,0xb2e4,0x41c4,0x0042,0x0840,
0x1061,0x0840,0x0841,0x1061,0x18c2,0x2945,0x0020,0x0820,0x2965,0x52aa,0x31a6,0x1881,0x0861,0x0040,0x1081,0x30e2,
0x18a1,0x69e3,0xa201,0x5162,0x28c1,0x30e1,0x28a0,0x1020,0x3902,0x4142,0x4163,0x4142,0x2881,0x1840,0x1861,0x1040,
0x1861,0x2081,0x20a1,0x1040,0x1040,0x1040,0x28e2,0x1820,0x2040,0x28a1,0x2880,0x2881,0x2040,0x2040,0x28a1,0x2060,
0x2081,0x1020,0x1000,0x2081,0x2061,0x20a1,0x0881,0x40c2,0xd9c2,0xd3a2,0xab83,0xe342,0x18a2,0x4143,0x59c4,0x30c1,
0x4143,0x48c0,0xb220,0x5a24,0x0062,0x0841,0x1041,0x0841,0x0841,0x1061,0x18c2,0x2945,0x0820,0x0820,0x2985,0x52aa,
0x3186,0x1881,0x0861,0x0020,0x1081,0x30e2,0x18a2,0xcbe5,0x8a02,0x5982,0x1880,0x28a1,0x30c1,0x20a1,0x4963,0x3922,
0x30e2,0x4122,0x30c1,0x0840,0x1861,0x0820,0x1860,0x30e2,0x1020,0x1040,0x0820,0x1881,0x28a1,0x1820,0x2060,0x2880,
0x2880,0x2881,0x2860,0x2060,0x2060,0x1820,0x2060,0x1860,0x1840,0x2081,0x1840,0x2081,0x2103,0x1802,0xfba0,0xff60,
0xcba3,0x3844,0x5942,0x61c4,0x4122,0x28a1,0x3102,0x5901,0xbac3,0x5264,0x0021,0x0840,0x1041,0x0840,0x0841,0x1061,
0x18c2,0x2945,0x0020,0x0820,0x2985,0x52aa,0x3186,0x10a1,0x0861,0x0020,0x1081,0x3102,0x1081,0x82c4,0x9aa4,0x4142,
0x1040,0x1860,0x4142,0x4983,0x3922,0x3922,0x2081,0x4143,0x30c1,0x1881,0x1040,0x0820,0x30e2,0x2081,0x1860,0x1861,
0x0820,0x28c2,0x2081,0x1860,0x2080,0x2860,0x2880,0x2880,0x2880,0x2881,0x2060,0x1820,0x1840,0x28a1,0x28a1,0x28a1,
0x1820,0x0861,0x28a4,0xd201,0xcbc1,0xffe0,0x9062,0x39a5,0x4963,0x61e4,0x1881,0x2080,0x1081,0x8a63,0xc305,0x3983,
0x0021,0x0820,0x0840,0x0840,0x0841,0x0841,0x18a2,0x2945,0x0821,0x0820,0x2965,0x52aa,0x3186,0x1881,0x0881,0x0040,
0x1081,0x3102,0x18a1,0x5162,0x89e2,0x59a2,0x30e1,0x30e1,0x3922,0x30e1,0x20a1,0x4122,0x30e2,0x4122,0x0820,0x0800,
0x1861,0x28a2,0x30c2,0x0000,0x0800,0x1020,0x20a1,0x28c2,0x1820,0x1020,0x1840,0x30a1,0x30a1,0x2880,0x2840,0x2040,
0x28a1,0x2060,0x2881,0x1820,0x1820,0x28a1,0x28a2,0x0083,0xb821,0xffe0,0xffe0,0xe921,0x5923,0x4983,0x4122,0x61c4,
0x61c4,0x28c1,0x4963,0x48c0,0xb262,0x5a03,0x0001,0x0820,0x0820,0x0841,0x0841,0x0841,0x18a2,0x2945,0x0040,0x0820,
0x2965,0x52aa,0x3186,0x1881,0x0861,0x0020,0x1081,0x3102,0x18a2,0xd3c5,0x79e2,0x5182,0x28a1,0x28c1,0x51a3,0x1880,
0x3102,0x28c1,0x4143,0x3902,0x1860,0x0820,0x20a2,0x20a2,0x1040,0x1040,0x1020,0x1860,0x28e2,0x1840,0x1860,0x1840,
0x2060,0x2881,0x3081,0x2880,0x2860,0x2860,0x2880,0x2040,0x2880,0x2061,0x2061,0x30c2,0x0062,0x5802,0xfd80,0xffe0,
0xfb21,0x0003,0x9183,0x5163,0x59e5,0x4122,0x61e4,0x28a1,0x3102,0x5901,0xbae4,0x39e4,0x0001,0x0840,0x0841,0x1041,
0x0841,0x1041,0x18a2,0x2944,0x0821,0x0820,0x2965,0x52aa,0x3186,0x1081,0x0861,0x0020,0x1081,0x3102,0x1081,0x82a4,
0x9a64,0x4142,0x1860,0x28c1,0x51a3,0x30e1,0x4963,0x28c1,0x4163,0x20a1,0x28c1,0x1881,0x28e2,0x0840,0x0820,0x2081,
0x1860,0x28c2,0x20a1,0x1000,0x2061,0x2060,0x2080,0x2880,0x3080,0x3080,0x2880,0x28a1,0x2860,0x2020,0x2060,0x30c2,
0x30c2,0x18c3,0x3002,0xfda0,0xd420,0xf220,0x38a4,0x10c2,0x38c2,0x61a3,0x61e4,0x4142,0x5983,0x3902,0x10a1,0x7a63,
0xb305,0x4a05,0x0062,0x0840,0x1061,0x1041,0x1061,0x1041,0x18a2,0x2945,0x0820,0x0800,0x2965,0x52aa,0x3185,0x1082,
0x0861,0x0020,0x1081,0x3102,0x18c1,0x4962,0x89e2,0x61a3,0x28e1,0x51a3,0x28c1,0x1860,0x4983,0x4163,0x4983,0x30e1,
0x1040,0x1881,0x20a2,0x0840,0x1861,0x0820,0x0820,0x28e2,0x1860,0x1860,0x1840,0x1020,0x2040,0x30a1,0x30a1,0x30a0,
0x2860,0x2860,0x28a1,0x2860,0x30a1,0x2860,0x1861,0x1003,0xfa40,0xede0,0xfda0,0x7062,0x10e3,0x4122,0x30e2,0x7245,
0x4163,0x2080,0x59a4,0x61c4,0x3942,0x48e0,0xb261,0x6265,0x0042,0x0841,0x1041,0x1041,0x1061,0x1061,0x18a2,0x2945,
0x0820,0x0820,0x2965,0x52aa,0x3186,0x1881,0x0861,0x0020,0x1081,0x3102,0x18a2,0xc365,0x79c2,0x5182,0x30e1,0x59e4,
0x30e1,0x2081,0x51a4,0x3102,0x3922,0x28a1,0x20a1,0x3103,0x1041,0x0820,0x1040,0x1040,0x1881,0x30e2,0x1020,0x1840,
0x2060,0x1840,0x2060,0x28a1,0x30a1,0x30a0,0x3080,0x3080,0x2881,0x2860,0x30a1,0x30a2,0x0802,0xa901,0xffe0,0xfe80,
0x8002,0x0083,0x4122,0x3902,0x28a1,0x6a25,0x51a4,0x30c1,0x4142,0x59a4,0x3922,0x5921,0xbae3,0x4205,0x0042,0x0840,
0x1041,0x1041,0x1061,0x1041,0x18a2,0x2945,0x0841,0x0820,0x2965,0x52aa,0x3186,0x1081,0x0861,0x0040,0x1081,0x3102,
0x10a1,0x6a43,0x8243,0x3122,0x30e1,0x5183,0x4122,0x3902,0x4983,0x28e2,0x30e2,0x2081,0x3943,0x20a1,0x0820,0x0000,
0x0820,0x2081,0x3102,0x2081,0x0820,0x1020,0x2060,0x2060,0x2880,0x2881,0x30a1,0x3080,0x30a0,0x30a1,0x3080,0x3060,
0x3081,0x18e3,0x7001,0xfd40,0xffe0,0xd8a1,0x0083,0x4122,0x4963,0x30c1,0x28a1,0x6a05,0x61e4,0x4963,0x28c1,0x4963,
0x3122,0x8223,0xbb26,0x41c5,0x0062,0x0840,0x1041,0x1041,0x0861,0x0861,0x18a2,0x2945,0x0841,0x0820,0x2965,0x528a,
0x3186,0x1881,0x0861,0x0020,0x1081,0x3102,0x20c1,0x3121,0x71a1,0x5162,0x4983,0x5183,0x20a1,0x1881,0x5184,0x4983,
0x30e2,0x3102,0x4123,0x0000,0x1861,0x1040,0x1040,0x1861,0x30c2,0x1040,0x1840,0x1860,0x1840,0x1820,0x2060,0x30c1,
0x30c1,0x30a0,0x3860,0x3860,0x38c1,0x38a1,0x18e2,0x6002,0xfee0,0xee40,0xf220,0x1803,0x10a2,0x2081,0x30c1,0x4122,
0x4943,0x59c4,0x59c4,0x20a1,0x4142,0x4963,0x59e4,0x38c0,0xb2a3,0x5a65,0x0062,0x0840,0x1041,0x1041,0x0861,0x1041,
0x18a2,0x2945,0x0040,0x0820,0x2965,0x528a,0x2986,0x1081,0x0861,0x0020,0x1081,0x3102,0x18c2,0xc324,0x69a1,0x4962,
0x51a4,0x3922,0x30e1,0x30e2,0x51c4,0x4983,0x28a1,0x3922,0x2081,0x0820,0x1061,0x0820,0x0840,0x38e2,0x1860,0x1040,
0x1040,0x1840,0x2060,0x1840,0x2060,0x30a1,0x38a1,0x30a1,0x3880,0x3880,0x38a1,0x28a2,0x2802,0xfc00,0xff40,0xfb40,
0x2802,0x10a2,0x28a2,0x28a1,0x3902,0x3902,0x5983,0x51c4,0x59c4,0x4143,0x3902,0x3902,0x61e5,0x4901,0xc304,0x39a4,
0x0001,0x0820,0x0840,0x0841,0x0841,0x0841,0x18a2,0x2945,0x0040,0x0820,0x2965,0x528a,0x3186,0x1081,0x0861,0x0020,
0x1081,0x3102,0x18a1,0x6203,0x7a03,0x3942,0x51a4,0x20c1,0x4142,0x4983,0x4983,0x4963,0x28e2,0x4143,0x28c1,0x1881,
0x1040,0x0000,0x1040,0x28c2,0x1860,0x1860,0x1020,0x1020,0x2080,0x2880,0x2880,0x30a1,0x38a1,0x38a0,0x38c1,0x38c1,
0x38a2,0x2802,0xfa40,0xc480,0xfba0,0x5802,0x0862,0x1861,0x30e2,0x38e2,0x4143,0x30e1,0x59e5,0x4963,0x51a4,0x69e5,
0x20a1,0x28a1,0x59e4,0x7204,0xbb26,0x3143,0x0020,0x0820,0x0840,0x0841,0x0841,0x0841,0x18c2,0x2945,0x0840,0x0820,
0x2965,0x528a,0x3186,0x1082,0x0861,0x0020,0x1081,0x3102,0x20c1,0x3101,0x71a1,0x51a3,0x6a04,0x3102,0x3902,0x4143,
0x28e1,0x4963,0x4983,0x3902,0x1020,0x0800,0x1061,0x0840,0x20a2,0x1040,0x0800,0x1840,0x1840,0x1860,0x2060,0x1820,
0x2060,0x38c1,0x38c1,0x38c1,0x40a0,0x40a1,0x1022,0xc8a1,0xe4e0,0xffe0,0xc881,0x0042,0x2081,0x2081,0x2061,0x2060,
0x28a1,0x51a4,0x59e5,0x61e4,0x28c1,0x5183,0x4963,0x30e2,0x6a05,0x3901,0xaa63,0x41a4,0x0021,0x0820,0x0840,0x1041,
0x0841,0x0841,0x18c2,0x2945,0x0040,0x0820,0x2945,0x528a,0x3186,0x1081,0x0861,0x0020,0x1081,0x28e2,0x18c2,0xcb84,
0x79c1,0x5183,0x59c4,0x30e1,0x4163,0x3902,0x28e1,0x4983,0x3922,0x28a1,0x1861,0x0820,0x1041,0x1061,0x28e3,0x1040,
0x1020,0x1840,0x1840,0x1840,0x2061,0x2060,0x2880,0x38c1,0x40e1,0x40c1,0x48c1,0x2882,0x9001,0xffa0,0xee60,0xe960,
0x0802,0x20a1,0x2061,0x2061,0x2081,0x2880,0x30c1,0x59e4,0x4963,0x61e5,0x28a1,0x4942,0x4963,0x30c1,0x6a05,0x4922,
0xb304,0x4a45,0x0021,0x0840,0x1061,0x1041,0x0861,0x0841,0x18c2,0x2944,0x0040,0x0820,0x2945,0x528a,0x3186,0x1081,
0x0861,0x0020,0x1061,0x28e2,0x18a1,0x6a23,0x9243,0x2922,0x4163,0x20a1,0x4983,0x3922,0x4983,0x61e5,0x18a1,0x2081,
0x28c1,0x1881,0x0840,0x20a2,0x1881,0x1881,0x1861,0x1861,0x1020,0x1840,0x2881,0x28a1,0x30a1,0x38c1,0x48e1,0x48e1,
0x30e2,0x3802,0xfdc0,0xff80,0xfc00,0x0802,0x30c2,0x2881,0x1820,0x1840,0x28c2,0x38e1,0x4963,0x59e5,0x4963,0x51a4,
0x4122,0x5163,0x4142,0x28c1,0x6205,0x7204,0xb326,0x39c4,0x0041,0x0820,0x1041,0x1041,0x0841,0x0861,0x18c2,0x2945,
0x0021,0x0820,0x2945,0x528a,0x3186,0x1081,0x0861,0x0020,0x1061,0x28e2,0x20c1,0x30e1,0x81a1,0x5182,0x51a4,0x3922,
0x49a3,0x2080,0x4963,0x59e4,0x3922,0x28c1,0x1040,0x0800,0x1881,0x2903,0x1060,0x0820,0x0820,0x1840,0x1840,0x2060,
0x2060,0x2060,0x2880,0x4902,0x4902,0x40e2,0x4802,0xfc00,0xdd00,0xfd80,0x5802,0x1862,0x2860,0x2081,0x2061,0x2081,
0x1861,0x1840,0x38e2,0x59e4,0x6205,0x3922,0x2080,0x28a1,0x5183,0x3902,0x6a05,0x4101,0xaa83,0x49c4,0x0021,0x0820,
0x1041,0x1061,0x0841,0x1061,0x18c3,0x2945,0x0041,0x0820,0x2945,0x528a,0x3186,0x1081,0x0861,0x0020,0x1061,0x28e2,
0x18a2,0xcbc4,0x81c2,0x4962,0x4163,0x3942,0x4983,0x28c1,0x59e4,0x28c1,0x3922,0x3922,0x1060,0x0820,0x28e2,0x1881,
0x1040,0x1040,0x1040,0x1860,0x1840,0x2060,0x2881,0x2880,0x2880,0x4123,0x9984,0x1022,0xf241,0xff20,0xfc60,0xa001,
0x0882,0x3081,0x2860,0x2081,0x2040,0x2061,0x2081,0x2060,0x4963,0x59c4,0x4943,0x3922,0x28c1,0x28c1,0x4983,0x4142,
0x61e5,0x4922,0xaac4,0x4a65,0x0001,0x0820,0x1041,0x1041,0x0841,0x1061,0x20e3,0x2945,0x0041,0x0820,0x2965,0x528a,
0x31a6,0x1081,0x0861,0x0020,0x1061,0x28e2,0x1081,0x6a43,0x9263,0x2922,0x3102,0x4143,0x51a3,0x4142,0x59c4,0x1880,
0x2080,0x4143,0x30e2,0x1881,0x2903,0x0820,0x0820,0x1881,0x1861,0x1881,0x1020,0x1840,0x28a1,0x30a1,0x28a1,0x5123,
0xe1a3,0x8801,0xecc0,0xd480,0xd141,0x1822,0x3881,0x30a1,0x28a1,0x2081,0x1820,0x1840,0x28a1,0x30c1,0x59e4,0x59c4,
0x28a0,0x3902,0x4142,0x4142,0x4122,0x4963,0x51a4,0x71e3,0xb2e5,0x3184,0x0041,0x0020,0x1041,0x1041,0x0841,0x1061,
0x20e3,0x2945,0x0040,0x0820,0x2965,0x528a,0x31a6,0x1081,0x0861,0x0020,0x1061,0x28e2,0x20c1,0x28e1,0x81a1,0x5162,
0x4143,0x59e4,0x30e1,0x3922,0x51a3,0x4122,0x20a1,0x3922,0x30e2,0x1881,0x20c2,0x1040,0x1861,0x1020,0x1020,0x1860,
0x1860,0x2061,0x2880,0x2860,0x2881,0x3943,0x8801,0xfbe0,0xff20,0xfbc0,0x2803,0x38c2,0x38a1,0x2860,0x2040,0x2060,
0x2060,0x2081,0x1840,0x2881,0x51a4,0x3902,0x3902,0x4122,0x28a0,0x2881,0x5162,0x61c4,0x59e5,0x4901,0xaa63,0x2944,
0x0041,0x0020,0x1041,0x1041,0x1041,0x1882,0x20e3,0x2944,0x0040,0x0840,0x2965,0x4a8a,0x31a6,0x18a2,0x0861,0x0020,
0x1061,0x28e2,0x18c2,0xcbc5,0x81c2,0x5182,0x28e2,0x59e4,0x3922,0x59e4,0x4943,0x3102,0x20a1,0x28c1,0x28e2,0x3123,
0x1061,0x0820,0x1060,0x1040,0x1020,0x1861,0x1840,0x2060,0x2881,0x2880,0x28a1,0x5023,0xfd60,0xed40,0xfd00,0x3804,
0x10c3,0x30a2,0x30a2,0x3081,0x2860,0x2881,0x2040,0x2061,0x2061,0x4963,0x4143,0x30c1,0x38e1,0x4122,0x30c1,0x30c1,
0x4122,0x6a05,0x49a4,0x5101,0xb2c4,0x5aa5,0x0000,0x0020,0x1061,0x1041,0x0841,0x18a2,0x20e3,0x2944,0x0040,0x0840,
0x2945,0x4a8a,0x31a6,0x18a2,0x0861,0x0020,0x1061,0x28e2,0x1081,0x6a43,0x8a43,0x3942,0x2080,0x4983,0x51a4,0x59e4,
0x5183,0x20a1,0x1880,0x20a1,0x3922,0x28e2,0x20a2,0x0820,0x0820,0x2081,0x1861,0x2081,0x1040,0x1860,0x28a1,0x30e2,
0x28e2,0x8882,0xfee1,0xf6e0,0xa001,0x9202,0xa1e2,0x70a2,0x3022,0x0862,0x20a2,0x2881,0x2040,0x2081,0x3902,0x4163,
0x4122,0x30a1,0x30a1,0x4122,0x4142,0x4122,0x3902,0x6a25,0x3902,0x7a03,0xbae5,0x2923,0x0000,0x0020,0x1061,0x1041,
0x0861,0x18a2,0x20e3,0x2924,0x0040,0x0840,0x2945,0x4a8a,0x31a6,0x18a2,0x0861,0x0020,0x1061,0x28e2,0x20c1,0x20c1,
0x79c1,0x5182,0x3102,0x59c4,0x59e4,0x3923,0x30e1,0x3922,0x28a1,0x3102,0x4143,0x0000,0x20c2,0x28e2,0x1881,0x1040,
0x1861,0x28c2,0x30e2,0x30e2,0x28c2,0x30e2,0x30e2,0x3922,0x3042,0x7162,0x72c3,0x7a42,0x9a81,0xed41,0xd241,0xc9e1,
0x5822,0x2042,0x18c2,0x3923,0x28c2,0x3943,0x30c1,0x3902,0x38e1,0x4122,0x28a0,0x2080,0x69e4,0x6a05,0x4143,0x58e0,
0x99e2,0x1082,0x0020,0x0020,0x1061,0x1041,0x0861,0x18a2,0x20e3,0x2924,0x0041,0x0840,0x2945,0x4a8a,0x3186,0x18a2,
0x0861,0x0020,0x1061,0x28e2,0x18c2,0xc3a5,0x79a2,0x5162,0x3102,0x4983,0x6205,0x3943,0x3102,0x3102,0x2080,0x3943,
0x3102,0x0820,0x1861,0x1881,0x28e2,0x28e2,0x3103,0x28c2,0x1860,0x1860,0x2881,0x2860,0x2881,0x3881,0xf280,0xc2e0,
0xfd20,0xfdc0,0xdbc0,0xbb61,0x7a61,0xab42,0xf461,0x7162,0x6943,0x0023,0x3923,0x3902,0x30c1,0x38e2,0x38c1,0x4122,
0x30c1,0x38e1,0x59a4,0x61a4,0x28e2,0x58e0,0x9a22,0x49e3,0x0000,0x0020,0x1061,0x1041,0x0861,0x18a2,0x20e3,0x2924,
0x0041,0x0840,0x2945,0x4a8a,0x3186,0x18a2,0x0861,0x0020,0x1061,0x28e2,0x1081,0x7264,0x8a43,0x3122,0x28c1,0x4163,
0x6205,0x51a3,0x4963,0x20a1,0x1880,0x4163,0x28e2,0x20a2,0x20c2,0x28e3,0x28c2,0x28c2,0x20a1,0x20a1,0x1840,0x1840,
0x2081,0x2881,0x2881,0x20c1,0xa901,0x2801,0x2002,0x2802,0x6862,0xe1c1,0xfc40,0x4882,0x82a2,0x5a62,0xfce1,0xf222,
0x2104,0x20e3,0x4122,0x30c1,0x30a1,0x3902,0x4942,0x59e4,0x4963,0x5183,0x1861,0x5962,0x8a03,0x18c2,0x0000,0x0020,
0x1061,0x1041,0x0861,0x18a2,0x20e3,0x2944,0x0041,0x0840,0x2945,0x4a69,0x31a6,0x18a2,0x0861,0x0020,0x1061,0x28e2,
0x18c1,0x3101,0x81e1,0x4162,0x3922,0x59c4,0x4963,0x3922,0x28e1,0x3922,0x3102,0x4983,0x28c2,0x20c2,0x28e2,0x1881,
0x1861,0x0820,0x0820,0x1861,0x20a1,0x28c2,0x28c2,0x2881,0x2881,0x38e2,0x60c1,0x38c1,0x40c1,0x40e1,0x2903,0x10c2,
0x0022,0x5022,0xfb40,0xf4c0,0x92c2,0x6a83,0x8223,0x9162,0x0863,0x4102,0x38e2,0x4102,0x5163,0x59c4,0x4963,0x59a4,
0x20a1,0x48a0,0x7140,0x0061,0x0000,0x0020,0x1061,0x1061,0x0861,0x18a2,0x20e3,0x2924,0x0841,0x0840,0x2945,0x4a69,
0x3186,0x1082,0x0861,0x0020,0x1061,0x28c2,0x18a2,0xc3a5,0x7181,0x4962,0x3922,0x59e4,0x4983,0x4143,0x4142,0x30e1,
0x4183,0x4983,0x4983,0x18a2,0x1061,0x0820,0x1060,0x1040,0x1040,0x1881,0x20a1,0x28a2,0x28c2,0x28a1,0x28a1,0x30a1,
0x38a0,0x38c1,0x38c1,0x38c1,0x38e2,0x38e2,0x30c2,0x18a2,0x0002,0x3002,0xfca0,0xc3c1,0x2964,0xf442,0xca42,0x0063,
0x18c2,0x59a4,0x59a4,0x4142,0x4142,0x59a3,0x1861,0x5080,0x8181,0x3142,0x0000,0x0020,0x1061,0x1041,0x1061,0x18a2,
0x20e3,0x2124,0x0841,0x0840,0x2945,0x4a69,0x3186,0x1082,0x0861,0x0020,0x1061,0x28c2,0x1081,0x7264,0x8a43,0x3122,
0x3102,0x59e4,0x51c4,0x4163,0x51a4,0x3922,0x4984,0x4984,0x3102,0x1061,0x0840,0x0020,0x1061,0x28c2,0x20c2,0x20a1,
0x1040,0x1020,0x2081,0x2061,0x2081,0x2881,0x3880,0x3080,0x3080,0x2881,0x2860,0x2860,0x2881,0x30c2,0x30c2,0x18e2,
0x1803,0x5123,0xeb01,0x7aa3,0x92a3,0xe322,0x71a6,0x59a4,0x5183,0x3922,0x4922,0x5163,0x0820,0x48c1,0x6981,0x18e2,
0x0000,0x0020,0x1061,0x1041,0x0861,0x18a2,0x20e3,0x2124,0x0841,0x0840,0x2945,0x4a69,0x3186,0x1081,0x0861,0x0020,
0x1061,0x28c1,0x18c1,0x3101,0x81c1,0x3942,0x4983,0x59e4,0x51a3,0x2080,0x3943,0x61e5,0x51a4,0x3922,0x0820,0x0800,
0x18a2,0x28c2,0x28c2,0x1040,0x0820,0x1060,0x1860,0x1860,0x1860,0x1020,0x1840,0x28c1,0x2881,0x2880,0x2860,0x2860,
0x2881,0x2040,0x2060,0x2040,0x2040,0x28a1,0x4902,0x2944,0x5002,0xfe00,0x8b22,0xab64,0xfb63,0x2124,0x30e2,0x28a1,
0x5163,0x38e2,0x1061,0x4880,0x6940,0x10a1,0x0000,0x0020,0x1061,0x1061,0x1061,0x18a2,0x20e3,0x2924,0x0041,0x0840,
0x2945,0x4a69,0x3186,0x1081,0x0861,0x0020,0x0861,0x20c2,0x18a2,0xbb85,0x79a2,0x4962,0x4163,0x3942,0x51a4,0x4163,
0x59e4,0x4983,0x30e2,0x30e2,0x1861,0x18a2,0x20a2,0x0820,0x1061,0x1040,0x0820,0x1861,0x1040,0x1840,0x1861,0x1840,
0x1860,0x28a1,0x2880,0x2880,0x2860,0x2860,0x2061,0x2040,0x2060,0x2040,0x1840,0x1860,0x28a1,0x3903,0x1924,0xa942,
0xff80,0x8aa3,0x6245,0x9284,0x1042,0x30c1,0x4142,0x28a1,0x0840,0x4060,0x7981,0x3142,0x0000,0x0020,0x1061,0x1061,
0x1061,0x18a2,0x20e3,0x2124,0x0041,0x0840,0x2945,0x4a69,0x3186,0x1081,0x0861,0x0020,0x0861,0x28c2,0x1081,0x7a64,
0x8a43,0x3142,0x49a4,0x28c1,0x4963,0x51a4,0x6204,0x1081,0x20a1,0x3922,0x4143,0x20a2,0x0840,0x0000,0x0820,0x20a1,
0x2081,0x1881,0x0820,0x1020,0x2081,0x2081,0x2081,0x2081,0x2060,0x2880,0x28a1,0x28a1,0x2060,0x1820,0x1840,0x2081,
0x2881,0x2081,0x3102,0x40e2,0x4903,0x2943,0x4043,0xdbc1,0x6224,0xc3c4,0x6983,0x3943,0x4123,0x1861,0x0000,0x40c0,
0x6981,0x20e2,0x0000,0x0020,0x1061,0x1061,0x1061,0x18a2,0x20c3,0x2924,0x0041,0x0840,0x2945,0x4a69,0x3186,0x1081,
0x0841,0x0020,0x0861,0x20c1,0x18a1,0x30e1,0x81c2,0x4163,0x6205,0x4142,0x3102,0x49a4,0x4983,0x3102,0x3922,0x4984,
0x1061,0x0000,0x1881,0x1040,0x1881,0x1020,0x0800,0x1060,0x1861,0x1861,0x1860,0x1020,0x1840,0x28e2,0x2881,0x2881,
0x2040,0x2040,0x2881,0x2060,0x28a1,0x30c1,0x30a1,0x30c1,0x3123,0x2081,0x1861,0x2060,0x5122,0x79c4,0xed60,0x5184,
0xeba3,0x3882,0x3102,0x2081,0x0841,0x5060,0x7940,0x0881,0x0020,0x0020,0x1061,0x1061,0x1061,0x18a2,0x20c3,0x2124,
0x0841,0x0840,0x2945,0x4a69,0x3186,0x1081,0x0841,0x0020,0x0861,0x20c1,0x18c2,0xb304,0x6981,0x4983,0x59e4,0x3922,
0x51a4,0x51a4,0x3102,0x4983,0x4163,0x3102,0x18a1,0x1881,0x18a2,0x1040,0x1861,0x1040,0x0820,0x1860,0x1040,0x1860,
0x1861,0x1040,0x1860,0x28c2,0x2081,0x28a1,0x30a1,0x30c1,0x30c2,0x28a1,0x2081,0x2061,0x1820,0x20a1,0x28a2,0x1840,
0x20a1,0x5922,0x4922,0x20a4,0x8a23,0xd321,0x6a24,0xd2e2,0x0062,0x2881,0x0040,0x5880,0x8981,0x3122,0x0000,0x0020,
0x1061,0x1061,0x0861,0x18a2,0x18c3,0x2124,0x0841,0x0840,0x2945,0x4a69,0x3186,0x1061,0x0841,0x0020,0x0861,0x20c1,
0x1081,0x8263,0x71e3,0x49a4,0x4963,0x3102,0x6225,0x4983,0x59c4,0x3922,0x1860,0x28c1,0x30e2,0x20c2,0x20c2,0x1041,
0x0820,0x20a1,0x2081,0x1881,0x0800,0x0800,0x2081,0x2081,0x20a1,0x20a1,0x2081,0x3102,0x30e2,0x28c1,0x2060,0x1000,
0x1840,0x2081,0x2080,0x3102,0x1861,0x2081,0x3902,0x3902,0x4123,0x38e2,0x20a4,0xaac3,0xbb44,0xf440,0x1821,0x28a2,
0x0000,0x50c0,0x7961,0x20e1,0x0000,0x0020,0x1041,0x1041,0x0861,0x1882,0x18c2,0x2124,0x0841,0x0820,0x2945,0x4a69,
0x3186,0x1061,0x0841,0x0020,0x0861,0x20a1,0x10a1,0x4961,0x7181,0x51c4,0x4163,0x59e4,0x4983,0x3102,0x4984,0x3922,
0x28c1,0x3922,0x0840,0x0000,0x20a2,0x20a2,0x30e2,0x1061,0x0820,0x1060,0x1040,0x1060,0x1861,0x1860,0x20a1,0x28e2,
0x2081,0x28a1,0x2040,0x2040,0x28a1,0x1840,0x2081,0x1020,0x1840,0x28e2,0x28c1,0x28a2,0x1840,0x2040,0x30c1,0x4122,
0x4123,0x5185,0xfe62,0xfb40,0x40c1,0x38c3,0x0840,0x6880,0x8940,0x10c1,0x0000,0x0020,0x0840,0x0841,0x0861,0x1081,
0x18c2,0x2124,0x0841,0x0000,0x2945,0x4a69,0x3186,0x1081,0x0841,0x0020,0x0861,0x20a1,0x18a1,0xb2e4,0x71a1,0x51a3,
0x3922,0x51a4,0x4983,0x4963,0x3102,0x3902,0x20a1,0x3902,0x1040,0x0820,0x18a1,0x0820,0x1881,0x1881,0x1881,0x20a1,
0x1860,0x1881,0x20c2,0x1861,0x1860,0x20a1,0x1860,0x28a1,0x2060,0x2060,0x2081,0x2060,0x20a1,0x2081,0x28a1,0x28c2,
0x1020,0x1861,0x2081,0x2060,0x30c1,0x40e2,0x4102,0x5984,0xe1e2,0xa181,0xf440,0x6103,0x0040,0x6880,0x9980,0x3142,
0x0000,0x0020,0x0841,0x0841,0x0861,0x1081,0x18c2,0x2124,0x0841,0x0000,0x2945,0x4a69,0x3186,0x1061,0x0841,0x0020,
0x0861,0x20a1,0x1081,0x8a63,0x7a03,0x49a3,0x4163,0x4163,0x59e4,0x51a3,0x4963,0x1880,0x1860,0x28e1,0x3902,0x20a2,
0x1061,0x0000,0x0820,0x28c2,0x20a1,0x28c2,0x1861,0x1881,0x28c2,0x20a1,0x20a1,0x2081,0x1860,0x28a1,0x30e2,0x30e2,
0x28c2,0x20a1,0x2081,0x28c1,0x28e2,0x2081,0x1000,0x1020,0x28a1,0x30e1,0x4122,0x38a1,0x38c1,0x3123,0x91c3,0xe241,
0xfb40,0x9941,0x0000,0x50c0,0x6941,0x20e1,0x0000,0x0020,0x0861,0x1041,0x0861,0x1081,0x18c2,0x2124,0x0841,0x0000,
0x2945,0x4a69,0x2965,0x1061,0x0841,0x0020,0x0840,0x20a1,0x18a1,0x5982,0x6981,0x5a04,0x59e4,0x5183,0x51a3,0x1060,
0x28e1,0x3922,0x28c1,0x3922,0x0820,0x0800,0x20a2,0x1040,0x1881,0x0840,0x1040,0x20a1,0x1060,0x1060,0x1861,0x1020,
0x1861,0x20c2,0x1861,0x20a1,0x2060,0x1860,0x20a1,0x1860,0x1861,0x1840,0x28e2,0x1881,0x1840,0x1861,0x1860,0x2040,
0x30a1,0x4102,0x4102,0x4143,0x6101,0xfbe0,0xf440,0x88e1,0x1040,0x70a0,0x8920,0x18c1,0x0000,0x0020,0x0840,0x1041,
0x0841,0x1081,0x18c2,0x2104,0x0841,0x0000,0x2945,0x4a69,0x2965,0x1061,0x0841,0x0000,0x0840,0x20a1,0x18a1,0xaac3,
0x71a1,0x5a05,0x4983,0x51a3,0x3922,0x1880,0x30e2,0x3902,0x20a1,0x3922,0x1040,0x0820,0x20a1,0x0820,0x1881,0x20a1,
0x1061,0x1861,0x1040,0x1040,0x1861,0x1020,0x1840,0x20a1,0x1860,0x2081,0x2060,0x1840,0x2081,0x1840,0x1860,0x20a1,
0x28e2,0x1840,0x1040,0x1861,0x1861,0x2060,0x30a1,0x38e1,0x38e1,0x4963,0x0062,0xe1a1,0xfb40,0x4882,0x2840,0x6080,
0xa180,0x3142,0x0000,0x0020,0x0820,0x0841,0x0841,0x1081,0x18a2,0x2104,0x0841,0x0000,0x2945,0x4a69,0x2965,0x1061,
0x0841,0x0000,0x0840,0x20a1,0x1081,0x9283,0x7a03,0x51c4,0x4142,0x4163,0x4983,0x4142,0x4983,0x1880,0x1860,0x28e1,
0x3902,0x20a1,0x1061,0x0000,0x18a1,0x28e2,0x2081,0x20a1,0x0800,0x0800,0x20a1,0x2081,0x20a1,0x1861,0x1040,0x2080,
0x28a1,0x28a1,0x1860,0x1020,0x1020,0x30e2,0x28c1,0x1861,0x1000,0x1020,0x28a2,0x30e1,0x3922,0x30a0,0x38c1,0x5143,
0x1081,0x3061,0xf440,0x50a2,0x4840,0x38c0,0x7161,0x20e1,0x0000,0x0020,0x0840,0x0841,0x0861,0x1081,0x18a2,0x2104,
0x0841,0x0000,0x2945,0x4a69,0x2965,0x0861,0x0841,0x0000,0x0840,0x18a1,0x20c1,0x69a2,0x71a1,0x51c4,0x4163,0x59c4,
0x3942,0x28c1,0x3102,0x4143,0x28e1,0x4963,0x1061,0x0820,0x28c2,0x20c2,0x20c2,0x1040,0x0820,0x1881,0x1861,0x1861,
0x1881,0x1040,0x1861,0x28c2,0x1861,0x28a1,0x2060,0x1860,0x20a1,0x1840,0x2081,0x28e2,0x1040,0x2081,0x1860,0x2081,
0x1861,0x2060,0x30c1,0x4122,0x4122,0x4122,0x0000,0x1801,0xfb40,0x40e1,0x58a1,0x60a0,0x8920,0x18c1,0x0020,0x0020,
0x0840,0x0841,0x0841,0x1081,0x18a2,0x2104,0x0841,0x0000,0x2945,0x4a69,0x2965,0x1061,0x0841,0x0020,0x0840,0x18a1,
0x10a1,0xa2a3,0x71c2,0x51c4,0x4142,0x4142,0x4963,0x3102,0x4143,0x4963,0x3922,0x4983,0x20a1,0x1881,0x3103,0x18a2,
0x20c2,0x18a2,0x1061,0x20c2,0x1881,0x18a1,0x20a2,0x1881,0x20a1,0x20c2,0x1881,0x28c2,0x20a1,0x20a1,0x28c2,0x1881,
0x20a1,0x28e2,0x1881,0x20a1,0x20a2,0x28e2,0x3103,0x4102,0x4942,0x5983,0x6183,0x28c2,0x0800,0x0801,0xfbc0,0x30a1,
0x50a1,0x68a0,0xb180,0x3142,0x0000,0x0020,0x0840,0x0841,0x0861,0x1081,0x18a2,0x2104,0x0841,0x0000,0x2945,0x4a69,
0x2986,0x1061,0x0841,0x0000,0x0840,0x20a1,0x1081,0x9283,0x8203,0x3963,0x3902,0x28c1,0x5183,0x4142,0x4963,0x1880,
0x1860,0x28c1,0x3902,0x28e2,0x1061,0x0000,0x0820,0x28e2,0x20a1,0x20a1,0x0800,0x0800,0x20a1,0x20a1,0x20a1,0x1861,
0x1040,0x2081,0x28c1,0x28c1,0x1860,0x1000,0x2081,0x28c2,0x2081,0x1881,0x0820,0x1020,0x28c2,0x30e1,0x4122,0x30c1,
0x6942,0x0841,0x1861,0x1861,0xfc60,0x30e1,0x60c1,0x50c0,0x7141,0x20e1,0x0000,0x0020,0x0841,0x0841,0x0841,0x1081,
0x18c2,0x2104,0x0841,0x0820,0x2945,0x4a69,0x2965,0x1061,0x0841,0x0020,0x0840,0x18a1,0x28e2,0x6182,0x71a2,0x49a4,
0x4963,0x3922,0x4142,0x1880,0x28e1,0x3922,0x28c1,0x4142,0x28c2,0x0840,0x20a2,0x1040,0x1881,0x1040,0x0800,0x1861,
0x1860,0x1861,0x1861,0x1020,0x1840,0x20c2,0x1860,0x20a1,0x1840,0x1840,0x20a1,0x1860,0x28c2,0x1020,0x1000,0x1860,
0x1840,0x1881,0x1861,0x1840,0x2881,0x5142,0x5102,0x1061,0x0000,0x4040,0xe2a0,0x59a1,0x30c1,0x70a0,0x8900,0x18c1,
0x0020,0x0020,0x0841,0x0841,0x0841,0x1081,0x18c2,0x2104,0x0841,0x0820,0x2945,0x4a49,0x2965,0x0861,0x0841,0x0000,
0x0840,0x18a1,0x1081,0xbac3,0x71c2,0x51a4,0x3922,0x30e1,0x4963,0x1880,0x30e1,0x3922,0x20a1,0x4963,0x1881,0x0800,
0x20a1,0x1040,0x1881,0x1040,0x0820,0x1881,0x1040,0x1861,0x1881,0x1020,0x1861,0x20c1,0x1860,0x28a1,0x2040,0x1860,
0x2081,0x1860,0x28c2,0x1040,0x1020,0x1861,0x1040,0x1861,0x1861,0x1840,0x28a1,0x5983,0x1061,0x1861,0x0000,0x9080,
0xd260,0x61c1,0x2861,0x70a0,0xa960,0x2922,0x0000,0x0020,0x0841,0x0841,0x0841,0x1081,0x18a2,0x2104,0x0841,0x0000,
0x2945,0x4a49,0x2965,0x0861,0x0841,0x0000,0x0840,0x1881,0x0861,0x92c4,0x8203,0x3963,0x28e1,0x1880,0x51a4,0x4143,
0x4983,0x1880,0x20a1,0x4143,0x3902,0x20a2,0x1061,0x0000,0x0840,0x28e2,0x20c1,0x20c2,0x0800,0x0820,0x28c1,0x20a1,
0x28c1,0x1861,0x1040,0x2081,0x30c1,0x28c1,0x1860,0x1881,0x20a1,0x20a1,0x2081,0x2081,0x0800,0x1020,0x28c2,0x30c1,
0x5183,0x4942,0x0000,0x1040,0x1881,0x68a0,0xea60,0x71c1,0x48a2,0x50c0,0x7141,0x18c1,0x0000,0x0020,0x0841,0x0841,
0x0841,0x1061,0x18a2,0x2104,0x0861,0x0000,0x2945,0x4a49,0x2965,0x0861,0x0841,0x0000,0x0840,0x1881,0x28e1,0x5961,
0x6981,0x49a4,0x3922,0x30e1,0x4142,0x28c1,0x28c1,0x3922,0x4163,0x4942,0x0820,0x0820,0x20a2,0x1040,0x18a1,0x1040,
0x0800,0x1881,0x1861,0x1881,0x1881,0x1020,0x1860,0x20c1,0x1861,0x28a1,0x1840,0x1840,0x28c1,0x28e2,0x20a1,0x1020,
0x1020,0x1861,0x1840,0x1861,0x1861,0x1020,0x5183,0x38e2,0x1040,0x1061,0x2840,0x9080,0xb221,0x6181,0x28c2,0x60a0,
0x8100,0x20c1,0x0000,0x0020,0x0841,0x0840,0x0841,0x1061,0x18a2,0x2104,0x0841,0x0000,0x2945,0x4a49,0x2965,0x0861,
0x0841,0x0020,0x0840,0x1881,0x0861,0xb2c3,0x79c1,0x49a3,0x3902,0x28c1,0x3922,0x3902,0x20c1,0x51a3,0x3102,0x3902,
0x1040,0x0820,0x20a1,0x1040,0x1881,0x1040,0x0820,0x1881,0x1060,0x1861,0x1881,0x1020,0x1860,0x20a1,0x1860,0x28a1,
0x2040,0x1840,0x28c2,0x20a2,0x2081,0x1040,0x1020,0x1861,0x1040,0x1861,0x1861,0x2081,0x4963,0x2081,0x1020,0x0861,
0x60a1,0x2020,0xc220,0x5121,0x20a2,0x68a0,0xa960,0x2921,0x0000,0x0020,0x0841,0x0840,0x0841,0x1061,0x18a2,0x2104,
0x0841,0x0000,0x2945,0x4a49,0x2965,0x0861,0x0841,0x0020,0x0840,0x18a1,0x1061,0x92a4,0x79e2,0x4183,0x30e1,0x1860,
0x4963,0x51a3,0x51a3,0x3922,0x1860,0x28e1,0x3902,0x20a1,0x1861,0x0000,0x0820,0x28e2,0x20a1,0x20c2,0x0800,0x1020,
0x28c2,0x28a1,0x28c1,0x1861,0x1040,0x2081,0x30c1,0x28c1,0x20c1,0x1881,0x1040,0x28a1,0x20a1,0x2081,0x0800,0x1020,
0x20c2,0x4943,0x4963,0x0820,0x0000,0x0040,0x58e2,0x0821,0xf3a0,0x4901,0x28c2,0x48c0,0x7141,0x20e1,0x0000,0x0020,
0x0841,0x0840,0x0841,0x1061,0x18a2,0x2104,0x0841,0x0000,0x2945,0x4a49,0x2945,0x0861,0x0841,0x0020,0x0840,0x1881,
0x28e1,0x5961,0x7960,0x4983,0x4122,0x30e1,0x30e1,0x30e1,0x5183,0x4122,0x28c1,0x3922,0x1040,0x0820,0x20a1,0x1040,
0x1881,0x1040,0x0820,0x1881,0x1861,0x1861,0x2081,0x1020,0x1860,0x20c2,0x1861,0x28a1,0x2040,0x1840,0x30e2,0x1861,
0x1881,0x1020,0x1020,0x1860,0x1840,0x1861,0x28a2,0x30c1,0x2881,0x2081,0x0820,0x40c1,0x50a1,0x2821,0xe2e0,0x30c2,
0x20a2,0x70a0,0x7900,0x20c1,0x0020,0x0020,0x0841,0x0840,0x0841,0x1061,0x1082,0x2104,0x0861,0x0000,0x2945,0x4a49,
0x2965,0x0861,0x0841,0x0020,0x0840,0x1881,0x0861,0xb2a3,0x89a0,0x4983,0x4142,0x30e1,0x30c1,0x28c1,0x4963,0x3922,
0x28c1,0x3902,0x1040,0x0820,0x20a1,0x1040,0x1881,0x1040,0x0820,0x1881,0x1860,0x1861,0x2081,0x1020,0x2060,0x20a1,
0x1860,0x28a1,0x2060,0x1860,0x28c2,0x1040,0x2081,0x1040,0x1020,0x1861,0x1040,0x1861,0x3103,0x2060,0x2881,0x1881,
0x0020,0x50e2,0x0821,0xb161,0xdaa1,0x1082,0x1061,0x70a0,0xa160,0x2921,0x0000,0x0020,0x0841,0x0841,0x0841,0x1061,
0x10a2,0x2104,0x0861,0x0000,0x2945,0x4a49,0x2945,0x0861,0x0841,0x0020,0x0840,0x1881,0x0861,0x9aa4,0x81e1,0x3143,
0x4963,0x10a1,0x4163,0x59a4,0x59a3,0x2081,0x2080,0x30c1,0x30e2,0x20a1,0x1861,0x0800,0x1040,0x28e2,0x20a1,0x28c2,
0x0800,0x1020,0x28c1,0x28a1,0x30e2,0x1861,0x1040,0x2081,0x30c1,0x30e2,0x20a1,0x1000,0x1040,0x28c2,0x20a1,0x20a1,
0x0800,0x2081,0x3123,0x28c1,0x3922,0x0820,0x0020,0x6102,0x0041,0xd1e0,0x60e1,0x2902,0x0820,0x60e0,0x8181,0x20e1,
0x0000,0x0020,0x0840,0x0841,0x0841,0x1061,0x18a2,0x2103,0x0841,0x0000,0x2945,0x4a49,0x2965,0x0861,0x0841,0x0020,
0x0841,0x1881,0x20c1,0x5981,0x9160,0x4942,0x51c4,0xb9c2,0x4143,0x4143,0x4102,0x4942,0x28c1,0x3902,0x1040,0x0820,
0x20a1,0x1040,0x2081,0x1040,0x1020,0x1881,0x1861,0x1881,0x2081,0x1020,0x2060,0x28c1,0x1880,0x28c1,0x2060,0x2081,
0x28c2,0x1840,0x2081,0x1040,0x1000,0x1861,0x2061,0x3103,0x1861,0x1040,0x2081,0x1060,0x40a1,0x38c2,0x2821,0xfbc0,
0x28c2,0x20c2,0x0040,0x70a0,0x7100,0x18c1,0x0000,0x0020,0x0840,0x0841,0x0841,0x1061,0x18a2,0x20e3,0x0841,0x0000,
0x2125,0x4229,0x2965,0x0861,0x0041,0x0020,0x0841,0x1881,0x0881,0xb262,0x8980,0x4922,0x4963,0xbac3,0xfb22,0x0882,
0x38e1,0x59a3,0x30e1,0x3902,0x1040,0x0820,0x20a1,0x1040,0x2081,0x1840,0x1020,0x1881,0x1860,0x1861,0x2081,0x1820,
0x2060,0x20a1,0x1860,0x28a1,0x2060,0x20a1,0x28a1,0x1840,0x2081,0x1840,0x1000,0x2081,0x28c2,0x20a1,0x1861,0x1040,
0x1860,0x1881,0x58e2,0x0042,0xf261,0xba40,0x1882,0x1061,0x0040,0x5080,0x9160,0x3121,0x0000,0x0020,0x0841,0x0841,
0x0841,0x1061,0x18a2,0x20e3,0x0841,0x0020,0x2125,0x4229,0x2945,0x0861,0x0841,0x0020,0x0840,0x1881,0x0881,0x9aa3,
0x71c1,0x5921,0x4902,0x6a64,0xf4e2,0x2883,0x4963,0x4922,0x38e2,0x28c1,0x30e2,0x20a1,0x1861,0x0800,0x1040,0x28e2,
0x20a1,0x28c2,0x1020,0x1020,0x28c1,0x28a1,0x30e2,0x1860,0x1840,0x2880,0x30e2,0x3102,0x1860,0x1000,0x1820,0x28c2,
0x20a1,0x30e2,0x2081,0x1020,0x28c2,0x28c1,0x28e2,0x48a1,0x3061,0x1022,0xe300,0x28a1,0x28e2,0x0000,0x0000,0x6101,
0x7981,0x2102,0x0000,0x0020,0x0841,0x0841,0x0841,0x1061,0x18a2,0x18e3,0x0841,0x0020,0x2125,0x4228,0x2945,0x0861,
0x0841,0x0020,0x0840,0x1881,0x20c1,0x6181,0x8960,0x5941,0x4922,0x2904,0xe3a3,0xeac2,0x0863,0x4122,0x5163,0x4122,
0x1040,0x0820,0x20a1,0x1841,0x2081,0x1840,0x1020,0x2081,0x1881,0x2061,0x2081,0x1820,0x2060,0x28a1,0x2080,0x30c1,
0x20a1,0x2060,0x28a1,0x1840,0x2081,0x1020,0x1020,0x30e2,0x1860,0x1881,0x1861,0x1020,0x1081,0x5902,0x0001,0xeae1,
0xaa21,0x10a2,0x28c2,0x0820,0x0040,0x78c0,0x6900,0x20c1,0x0020,0x0000,0x0841,0x0840,0x0841,0x1061,0x18a2,0x18e3,
0x0861,0x0020,0x2124,0x4228,0x2965,0x0861,0x0041,0x0020,0x0840,0x1881,0x10a1,0x9222,0xa1c0,0x4921,0x38e2,0x5983,
0x4164,0xf501,0x6103,0x2923,0x4922,0x5163,0x0820,0x0820,0x20a1,0x1040,0x2081,0x1840,0x1020,0x2081,0x1860,0x2061,
0x2081,0x1820,0x2060,0x20a1,0x2060,0x30c1,0x20a1,0x2040,0x28a1,0x1840,0x2081,0x1840,0x2081,0x28a1,0x1840,0x1881,
0x1861,0x0020,0x7102,0x0882,0x70c1,0xe2e1,0x18a2,0x28c2,0x1861,0x0820,0x0040,0x70a0,0x8960,0x3122,0x0000,0x0000,
0x0840,0x0840,0x0841,0x1061,0x18a2,0x18e3,0x0861,0x0000,0x2124,0x4228,0x2945,0x0861,0x0041,0x0020,0x0840,0x1881,
0x1081,0x9a83,0x79a1,0x28c1,0x18a1,0xb1c2,0x3943,0x82a3,0xfc42,0x1003,0x28c2,0x5943,0x30e2,0x28a1,0x1861,0x0800,
0x1040,0x28c2,0x28a1,0x28c2,0x1020,0x1020,0x28c1,0x28a1,0x30c1,0x1860,0x1840,0x2880,0x30e2,0x30c1,0x2060,0x1000,
0x1040,0x3102,0x30e2,0x20a1,0x0800,0x0820,0x20c2,0x5102,0x5123,0x1022,0xfba0,0x30e1,0x28e2,0x28a1,0x0820,0x0000,
0x0000,0x48e1,0x6961,0x2102,0x0000,0x0000,0x0840,0x0840,0x0841,0x1061,0x1082,0x18e3,0x0861,0x0000,0x2124,0x4228,
0x2945,0x0861,0x0041,0x0020,0x0840,0x1881,0x20c1,0x6182,0x8160,0x5921,0x30e2,0x6163,0x6122,0x08a3,0xd363,0xfb41,
0x0803,0x4943,0x5102,0x0820,0x20a1,0x1841,0x2081,0x1840,0x1020,0x2081,0x1860,0x2061,0x2081,0x1840,0x2880,0x28a1,
0x2060,0x28c1,0x2081,0x2040,0x28a1,0x1840,0x28a1,0x28a1,0x1020,0x2081,0x1861,0x1881,0x10a2,0x9902,0x0842,0xcb01,
0x7201,0x20c2,0x2081,0x0820,0x1061,0x0820,0x0040,0x70a0,0x58e0,0x20c1,0x0020,0x0000,0x0820,0x0840,0x0841,0x1061,
0x1081,0x18e3,0x0861,0x0000,0x2124,0x4228,0x2145,0x0861,0x0040,0x0020,0x0840,0x1881,0x10a1,0x81e2,0x8960,0x5121,
0x3902,0x3902,0x4102,0x6922,0x0083,0xfc82,0xfba1,0x1023,0x38c2,0x38a2,0x1881,0x1841,0x2081,0x1840,0x1020,0x2061,
0x1860,0x2060,0x2881,0x2020,0x2860,0x28a1,0x2060,0x28c1,0x2860,0x2040,0x28a1,0x2060,0x30c2,0x1840,0x1000,0x2081,
0x1061,0x0082,0xa142,0x4062,0xfba0,0x5181,0x0062,0x30e2,0x0821,0x0800,0x1061,0x0820,0x0040,0x6080,0x7140,0x2901,
0x0000,0x0000,0x0820,0x0840,0x0841,0x1061,0x1081,0x18e3,0x0861,0x0000,0x2124,0x4228,0x2945,0x0861,0x0041,0x0020,
0x0820,0x1881,0x0861,0x9243,0x7181,0x28e1,0x30e1,0x28a1,0x3122,0x6943,0x6183,0x0024,0xfce2,0xfb61,0x0002,0x50e2,
0x38a2,0x0820,0x1040,0x28c2,0x20a1,0x28a1,0x1020,0x1820,0x28a1,0x28a1,0x30c1,0x2040,0x2040,0x2881,0x30c1,0x30a1,
0x2060,0x2060,0x1860,0x28c1,0x20a1,0x20a2,0x0021,0x9141,0x6103,0xe2c1,0x9ae1,0x0042,0x2081,0x1861,0x1881,0x1861,
0x0820,0x0000,0x0000,0x48c1,0x6141,0x20e1,0x0000,0x0000,0x0820,0x0840,0x0841,0x1061,0x1081,0x18c3,0x0861,0x0000,
0x2124,0x4228,0x2924,0x0861,0x0040,0x0000,0x0840,0x1881,0x1081,0x5982,0x7140,0x5921,0x3902,0x30c1,0x30c1,0x20c1,
0x6943,0x7182,0x0063,0xc342,0xfbe1,0x0002,0x50e3,0x28a2,0x0861,0x1041,0x1020,0x2061,0x1860,0x2060,0x2080,0x2040,
0x2860,0x2880,0x2080,0x30a1,0x2860,0x2040,0x28c1,0x2081,0x2081,0x1840,0x0820,0x0062,0x70c1,0xc901,0xfba1,0x7a81,
0x0022,0x30c2,0x1861,0x1881,0x0820,0x0820,0x1060,0x0820,0x0040,0x58a0,0x48e0,0x18a1,0x0020,0x0000,0x0820,0x0820,
0x0840,0x1061,0x1081,0x18c3,0x0861,0x0000,0x2124,0x4208,0x2945,0x0861,0x0040,0x0000,0x0840,0x1881,0x10a1,0x71e2,
0x7960,0x4921,0x3922,0x30c1,0x30c1,0x2881,0x28e2,0x5143,0x91c1,0x3143,0x5242,0xf3c0,0x70e1,0x8062,0x48c2,0x0041,
0x0820,0x1861,0x1860,0x1860,0x2060,0x2040,0x2860,0x3080,0x1860,0x28a0,0x2840,0x2860,0x28c1,0x1840,0x2081,0x0041,
0x0001,0x80c1,0xeb00,0xeb81,0x20e3,0x1042,0x3881,0x1881,0x1041,0x1881,0x0000,0x0000,0x1060,0x0820,0x0040,0x5060,
0x6120,0x28e1,0x0000,0x0020,0x0840,0x0840,0x0840,0x1061,0x1081,0x18c3,0x0861,0x0000,0x2124,0x4208,0x2945,0x0861,
0x0040,0x0020,0x0840,0x1881,0x0861,0x8223,0x6161,0x30e1,0x30e1,0x1860,0x3902,0x38e1,0x3902,0x20a1,0x28c2,0xa1e1,
0x4922,0x08c2,0xe321,0xfb20,0xf1a0,0x5061,0x0042,0x10a2,0x1021,0x1020,0x2881,0x2881,0x30a1,0x4080,0x1040,0x2880,
0x30c1,0x28c1,0x1861,0x0021,0x0001,0x48e2,0xea80,0xf340,0x7b01,0x0022,0x30e2,0x40a1,0x30a1,0x0820,0x0000,0x1040,
0x1061,0x1060,0x0820,0x0000,0x0000,0x40a1,0x5121,0x20c1,0x0000,0x0000,0x0820,0x0840,0x0840,0x0861,0x1081,0x18c3,
0x0861,0x0000,0x2124,0x4208,0x2945,0x0861,0x0040,0x0020,0x0840,0x1881,0x1081,0x5161,0x6140,0x5121,0x3102,0x28a1,
0x28c1,0x2080,0x28c1,0x30e1,0x20a1,0x10c2,0x8101,0x99a1,0x20c2,0x1962,0xc321,0xfb00,0xfae0,0x5922,0x0002,0x0001,
0x0061,0x0021,0x0861,0x50c1,0x3080,0x1881,0x0041,0x0821,0x2062,0x6041,0xe221,0xecc0,0x9b41,0x0022,0x2061,0x70e1,
0x2882,0x0021,0x1040,0x1040,0x0820,0x1061,0x0000,0x0000,0x1040,0x0820,0x0040,0x4880,0x48e0,0x1081,0x0020,0x0000,
0x0820,0x0840,0x0820,0x0861,0x1081,0x18c3,0x0841,0x0000,0x2124,0x4208,0x2145,0x0861,0x0020,0x0020,0x0820,0x1881,
0x10a1,0x79e2,0x6100,0x4901,0x3902,0x28c1,0x28a1,0x1860,0x2080,0x30c1,0x28a1,0x28c1,0x0021,0x0021,0x7921,0x81c1,
0x48a1,0x18e1,0x7a81,0xcba0,0xfc00,0xfae1,0xa941,0x9961,0x8121,0x38c1,0x50a0,0x6981,0xd200,0xf2c0,0xcac0,0xbbc0,
0x59a1,0x2882,0x4081,0x6921,0x3061,0x1861,0x1061,0x0800,0x0820,0x1060,0x0840,0x1061,0x0000,0x0000,0x1060,0x0840,
0x0840,0x3860,0x5100,0x2901,0x0000,0x0000,0x0820,0x0820,0x0820,0x0861,0x1061,0x18c3,0x0861,0x0000,0x2124,0x3a07,
0x2924,0x0861,0x0020,0x0000,0x0840,0x1881,0x0861,0x8202,0x5141,0x28c1,0x28c1,0x30c1,0x4122,0x38e2,0x3902,0x30c1,
0x30a1,0x30c1,0x28a1,0x2081,0x2081,0x8081,0xe160,0x99a0,0x68c1,0x3041,0x51a1,0x8201,0x9200,0xc360,0xfce0,0xfb80,
0xfc60,0xfd20,0xaae1,0x7aa1,0x3921,0x58e1,0x8a00,0x8980,0x80e1,0x40c2,0x3881,0x30a2,0x30e2,0x20a1,0x28a1,0x1861,
0x1861,0x1881,0x1881,0x1881,0x1881,0x1861,0x0820,0x28a0,0x4921,0x20c1,0x0000,0x0000,0x0820,0x0840,0x0820,0x0861,
0x1061,0x18a2,0x0841,0x0000,0x2124,0x3a08,0x2125,0x0861,0x0020,0x0020,0x0820,0x1881,0x0861,0x3101,0x5920,0x38c1,
0x2080,0x28a1,0x28a1,0x1860,0x28a1,0x28c1,0x2081,0x28a1,0x0820,0x0820,0x2081,0x0041,0x0041,0x0021,0x3881,0x60a1,
0xb980,0xb1c0,0x91a0,0xa9e0,0x8181,0x9342,0xb3c2,0x8a82,0xa240,0x9940,0x70e1,0x50a1,0x2081,0x0001,0x0000,0x1061,
0x1061,0x1861,0x1061,0x0000,0x0820,0x1040,0x0820,0x1061,0x0000,0x0000,0x1040,0x0820,0x0820,0x2880,0x40e0,0x0861,
0x0020,0x0000,0x0820,0x0820,0x0820,0x0841,0x1061,0x10a2,0x0841,0x0000,0x2124,0x39e7,0x2124,0x0841,0x0040,0x0000,
0x0820,0x1061,0x1081,0x9a43,0x50e0,0x30c1,0x20a1,0x28c1,0x2081,0x1040,0x1860,0x28c1,0x2081,0x20a1,0x0800,0x0000,
0x1061,0x0840,0x1061,0x0820,0x0000,0x0041,0x0001,0x0001,0x0021,0x0800,0xab82,0xbb62,0x7201,0xc362,0xa2e2,0x0001,
0x0061,0x0020,0x1061,0x0820,0x0000,0x1040,0x1040,0x1061,0x0840,0x0000,0x0800,0x1040,0x0820,0x1061,0x0000,0x0000,
0x1040,0x0820,0x0840,0x2040,0x4920,0x3102,0x0000,0x0000,0x0020,0x0820,0x0820,0x0841,0x1061,0x10a2,0x0841,0x0000,
0x2104,0x39e7,0x2124,0x0861,0x0020,0x0000,0x0020,0x1061,0x0841,0x9243,0x5121,0x20a1,0x1040,0x1040,0x28c1,0x2081,
0x28c1,0x1040,0x1020,0x1860,0x1060,0x1040,0x0820,0x0000,0x0800,0x1861,0x1040,0x1061,0x0000,0x0000,0x0001,0x8aa1,
0xb302,0x0000,0x0000,0x0000,0x92c2,0x6a22,0x0000,0x0000,0x0820,0x1881,0x1060,0x1061,0x0000,0x0000,0x1881,0x1040,
0x1061,0x0000,0x0000,0x0820,0x0840,0x0840,0x0020,0x0000,0x0000,0x2080,0x4921,0x18e2,0x0000,0x0000,0x0020,0x0820,
0x0820,0x0841,0x1061,0x10a2,0x0841,0x0000,0x2104,0x39c7,0x2124,0x0861,0x0020,0x0000,0x0020,0x1061,0x0041,0x8a23,
0x69a2,0x30e2,0x1881,0x20a1,0x3102,0x2081,0x28e2,0x28c1,0x1881,0x28c2,0x1060,0x0841,0x20a1,0x0821,0x1061,0x1061,
0x1041,0x1881,0x1041,0x0840,0x0001,0xbb82,0x7222,0x0000,0x1040,0x0000,0x8a82,0x82c3,0x0001,0x1040,0x1881,0x1061,
0x1041,0x1881,0x1040,0x1061,0x18a2,0x0840,0x1061,0x1041,0x0820,0x1861,0x0840,0x0840,0x1061,0x0020,0x0820,0x2060,
0x4921,0x18a1,0x0000,0x0000,0x0020,0x0820,0x0820,0x0841,0x0861,0x10a2,0x0841,0x0000,0x2104,0x39c7,0x2124,0x0861,
0x0020,0x0000,0x0020,0x1060,0x1081,0x3923,0x2903,0x4164,0x49a4,0x41a4,0x41a4,0x49a4,0x41a4,0x49a4,0x49a4,0x4184,
0x3123,0x2903,0x2923,0x2924,0x2923,0x2903,0x2903,0x28e3,0x20e2,0x20e2,0x0862,0x9323,0xa2e3,0x0000,0x0000,0x0000,
0x82c3,0x41a3,0x20e2,0x2903,0x2903,0x2923,0x2923,0x2923,0x2923,0x2923,0x2923,0x2903,0x28e3,0x20e2,0x20e2,0x20e2,
0x20c2,0x20c2,0x18c2,0x18a2,0x18a2,0x18a2,0x18c2,0x18a1,0x0000,0x0000,0x0020,0x0820,0x0820,0x0841,0x0861,0x1082,
0x0841,0x0000,0x2104,0x39c7,0x2104,0x0841,0x0020,0x0000,0x0020,0x1060,0x1060,0x3103,0x3103,0x3964,0x4184,0x4184,
0x4184,0x4184,0x4184,0x4184,0x4184,0x3964,0x3123,0x2903,0x2903,0x2924,0x2903,0x2903,0x2903,0x20e3,0x20e2,0x20c2,
0x18c2,0x0841,0xa2e3,0x8222,0x4121,0x7202,0x6a23,0x08a2,0x28e2,0x2902,0x2903,0x2903,0x2923,0x2903,0x2903,0x2923,
0x2923,0x2903,0x2903,0x20e3,0x20e2,0x20e3,0x20c2,0x20c2,0x18c2,0x18c2,0x18c2,0x18c2,0x20c2,0x18a2,0x0000,0x0000,
0x0020,0x0820,0x0820,0x0841,0x0861,0x1082,0x0841,0x0000,0x2104,0x39c7,0x2104,0x0041,0x0020,0x0000,0x0000,0x1040,
0x0840,0x20e2,0x20e2,0x3123,0x3964,0x3964,0x4184,0x4184,0x4184,0x4184,0x4184,0x3964,0x3123,0x2903,0x2924,0x2924,
0x2903,0x2903,0x28e3,0x28e3,0x20e2,0x20e2,0x20e2,0x18a2,0x0041,0x3941,0x5182,0x2902,0x10a2,0x28e2,0x2903,0x2903,
0x2903,0x2923,0x3123,0x2923,0x2923,0x2944,0x3144,0x2923,0x2923,0x2903,0x2903,0x20e3,0x20e2,0x20e2,0x20e2,0x20c2,
0x20c2,0x20c2,0x20e2,0x1082,0x0000,0x0000,0x0020,0x0020,0x0020,0x0840,0x0841,0x1082,0x0841,0x0000,0x1904,0x31a7,
0x2924,0x20a2,0x1061,0x0840,0x2081,0x28c1,0x28c1,0x30e2,0x4163,0x51c4,0x51a4,0x4964,0x49a4,0x4984,0x59e4,0x51a4,
0x51a4,0x4983,0x3923,0x3123,0x3923,0x2923,0x3943,0x4143,0x3943,0x28e2,0x28e2,0x20c2,0x20c2,0x28c1,0x28c1,0x1081,
0x1061,0x20a1,0x30e2,0x30e2,0x28e2,0x3102,0x3102,0x3102,0x3123,0x2902,0x3102,0x3943,0x3123,0x3123,0x3943,0x3123,
0x3122,0x3102,0x28e2,0x28e2,0x20c2,0x28e2,0x28e2,0x2902,0x2902,0x20c2,0x0840,0x1061,0x1061,0x1881,0x1881,0x1881,
0x1061,0x1082,0x0841,0x0000,0x2104,0x31a6,0x2104,0x1061,0x0840,0x0820,0x1061,0x28c1,0x1040,0x51e3,0xdd68,0xc508,
0xbd09,0xd5ab,0x8ac5,0x30c1,0x1881,0x0860,0x1881,0x0840,0x1060,0x0840,0x0820,0x0020,0x20c1,0x3921,0x4122,0x0820,
0x0020,0x0020,0x0000,0x0020,0x0820,0x0820,0x0820,0x0000,0x0020,0x0020,0x0000,0x0020,0x0020,0x0820,0x0020,0x0000,
0x0020,0x0820,0x0020,0x0820,0x0840,0x0840,0x1060,0x1881,0x1060,0x0820,0x0000,0x18a1,0x51a3,0x4942,0x4142,0x4963,
0x0841,0x1061,0x1061,0x1061,0x1061,0x1061,0x0841,0x1081,0x0841,0x0000,0x2104,0x31a6,0x2104,0x0841,0x0020,0x0000,
0x0820,0x1881,0x0021,0x9ae4,0x9b25,0x9ba6,0xac89,0xb48a,0x1800,0x0040,0x0840,0x1040,0x1040,0x0840,0x0000,0x0000,
0x0000,0x0020,0x0000,0x0000,0x0000,0x0000,0x0000,0x0000,0x0000,0x0000,0x0000,0x0020,0x0000,0x0000,0x0000,0x0000,
0x0000,0x0000,0x0000,0x0000,0x0000,0x0000,0x0000,0x0020,0x0000,0x0000,0x0820,0x0840,0x0840,0x0840,0x0840,0x0840,
0x0820,0x0000,0x4982,0x5183,0x3922,0x3902,0x0861,0x0000,0x0820,0x0820,0x0841,0x0840,0x0820,0x0861,0x0841,0x0000,
0x18e4,0x31a6,0x2104,0x0841,0x0020,0x0000,0x0020,0x1061,0x1081,0xb426,0x9b45,0x9b85,0xc56a,0x7245,0x0000,0x1040,
0x1060,0x1060,0x1060,0x0840,0x0020,0x0020,0x0000,0x0020,0x0020,0x0020,0x0000,0x0000,0x0000,0x0000,0x0000,0x0000,
0x0000,0x0020,0x0000,0x0000,0x0000,0x0000,0x0000,0x0000,0x0000,0x0020,0x0000,0x0000,0x0020,0x0020,0x0000,0x0020,
0x0820,0x0840,0x0840,0x0840,0x0840,0x1040,0x0820,0x0000,0x0020,0x4942,0x3902,0x3902,0x0861,0x0000,0x0820,0x0840,
0x0841,0x0820,0x0820,0x0861,0x0841,0x0000,0x18e4,0x31a6,0x2104,0x0841,0x0020,0x0000,0x0020,0x1881,0x0000,0x9ba5,
0xac26,0xa427,0x8b27,0x1820,0x1060,0x1060,0x1060,0x1060,0x1060,0x0840,0x0000,0x0000,0x0000,0x0020,0x0020,0x0020,
0x0000,0x0000,0x0000,0x0000,0x0000,0x0000,0x0000,0x0820,0x0820,0x0820,0x0000,0x0000,0x0000,0x0000,0x0000,0x0000,
0x0000,0x0000,0x0000,0x0020,0x0020,0x0000,0x0820,0x0840,0x0840,0x0840,0x1040,0x0840,0x0020,0x0020,0x0000,0x0020,
0x38e1,0x28c1,0x0000,0x0000,0x0820,0x0841,0x0841,0x0841,0x0840,0x0861,0x0841,0x0000,0x18e4,0x31a6,0x2104,0x0841,
0x0020,0x0000,0x0020,0x1881,0x0841,0x28c1,0x6a43,0x59c2,0x2040,0x0840,0x1860,0x1060,0x1060,0x1060,0x1060,0x0840,
0x0020,0x0000,0x0000,0x0020,0x0020,0x0020,0x0000,0x0000,0x0000,0x0000,0x0000,0x0000,0x0000,0x0000,0x0000,0x0020,
0x0000,0x0000,0x0000,0x0000,0x0000,0x0000,0x0000,0x0000,0x0020,0x0020,0x0000,0x0000,0x0820,0x0840,0x0840,0x0840,
0x1040,0x0820,0x0820,0x0820,0x0000,0x0000,0x0020,0x0020,0x0020,0x0000,0x0820,0x0841,0x0841,0x0840,0x0840,0x0861,
0x0041,0x0000,0x18e3,0x3186,0x2104,0x0841,0x0020,0x0000,0x0020,0x1081,0x1881,0x0020,0x0020,0x0840,0x1060,0x1860,
0x1060,0x1060,0x1060,0x1060,0x1060,0x0840,0x0000,0x0000,0x0000,0x0020,0x0020,0x0000,0x0000,0x0000,0x0000,0x0000,
0x0000,0x0000,0x0000,0x0000,0x0000,0x0000,0x0000,0x0000,0x0000,0x0000,0x0000,0x0000,0x0000,0x0000,0x0000,0x0020,
0x0000,0x0000,0x0820,0x0840,0x0840,0x1040,0x0840,0x0000,0x0840,0x0820,0x0000,0x0020,0x0820,0x0820,0x0020,0x0000,
0x0020,0x0840,0x0841,0x0840,0x0820,0x0861,0x0041,0x0000,0x18e3,0x3186,0x1903,0x0841,0x0020,0x0000,0x0020,0x1081,
0x1881,0x0840,0x0840,0x1060,0x1880,0x1060,0x1060,0x1060,0x1060,0x1060,0x1060,0x0840,0x0000,0x0000,0x0000,0x0020,
0x0020,0x0000,0x0000,0x0000,0x0000,0x0000,0x0000,0x0000,0x0000,0x0000,0x0000,0x0000,0x0000,0x0000,0x0000,0x0000,
0x0000,0x0000,0x0000,0x0000,0x0000,0x0020,0x0000,0x0000,0x0820,0x0840,0x0840,0x0840,0x0020,0x0820,0x0840,0x0820,
0x0000,0x0000,0x0820,0x0020,0x0000,0x0000,0x0020,0x0840,0x0840,0x0820,0x0820,0x0861,0x0020,0x0000,0x18e3,0x3186,
0x18e3,0x0841,0x0020,0x0000,0x0020,0x1061,0x1881,0x0840,0x0840,0x1060,0x1880,0x1060,0x1060,0x1060,0x1060,0x1060,
0x1060,0x0840,0x0000,0x0000,0x0000,0x0020,0x0020,0x0000,0x0000,0x0000,0x0000,0x0000,0x0000,0x0000,0x0000,0x0000,
0x0020,0x0000,0x0000,0x0000,0x0000,0x0000,0x0000,0x0000,0x0000,0x0000,0x0020,0x0020,0x0000,0x0020,0x0820,0x0840,
0x0840,0x0020,0x0820,0x0840,0x0840,0x0820,0x0000,0x0020,0x0820,0x0020,0x0000,0x0000,0x0020,0x0840,0x0840,0x0820,
0x0820,0x0841,0x0020,0x0000,0x18e3,0x2986,0x18e3,0x0841,0x0020,0x0000,0x0020,0x1061,0x1881,0x0840,0x0840,0x1060,
0x1860,0x1860,0x1060,0x1060,0x1060,0x1060,0x1060,0x0840,0x0000,0x0000,0x0000,0x0020,0x0020,0x0000,0x0000,0x0000,
0x0000,0x0000,0x0000,0x0000,0x0000,0x0000,0x0020,0x0820,0x0000,0x0000,0x0000,0x0000,0x0000,0x0000,0x0000,0x0000,
0x0020,0x0020,0x0000,0x0020,0x0020,0x0820,0x0020,0x0820,0x0840,0x0840,0x0840,0x0820,0x0000,0x0020,0x0820,0x0020,
0x0000,0x0000,0x0020,0x0840,0x0840,0x0820,0x0820,0x0841,0x0020,0x0000,0x18e3,0x2965,0x18e3,0x0841,0x0020,0x0000,
0x0020,0x1061,0x1881,0x1040,0x0840,0x1060,0x1880,0x1860,0x1060,0x1060,0x1060,0x1060,0x1060,0x0840,0x0000,0x0000,
0x0000,0x0020,0x0020,0x0020,0x0000,0x0000,0x0000,0x0000,0x0000,0x0000,0x0000,0x0000,0x0000,0x0820,0x0000,0x0000,
0x0000,0x0000,0x0000,0x0000,0x0000,0x0000,0x0000,0x0020,0x0000,0x0000,0x0000,0x0820,0x0840,0x0840,0x0840,0x0840,
0x0840,0x0820,0x0000,0x0020,0x0820,0x0020,0x0000,0x0000,0x0020,0x0840,0x0820,0x0020,0x0020,0x0841,0x0020,0x0000,
0x18e3,0x2965,0x18e3,0x0841,0x0020,0x0000,0x0020,0x1061,0x1881,0x0840,0x0840,0x1060,0x1881,0x1060,0x1060,0x1060,
0x1060,0x1060,0x1060,0x0840,0x0000,0x0000,0x0000,0x0020,0x0020,0x0020,0x0000,0x0000,0x0000,0x0000,0x0000,0x0000,
0x0000,0x0000,0x0000,0x0820,0x0000,0x0000,0x0000,0x0000,0x0000,0x0000,0x0000,0x0000,0x0000,0x0020,0x0000,0x0000,
0x0820,0x0840,0x0840,0x0840,0x0840,0x0840,0x0840,0x0820,0x0000,0x0000,0x0020,0x0020,0x0000,0x0000,0x0020,0x0840,
0x0820,0x0020,0x0020,0x0841,0x0020,0x0000,0x18c3,0x2965,0x18e3,0x0841,0x0020,0x0000,0x0020,0x1061,0x1881,0x0840,
0x0840,0x1060,0x1860,0x1060,0x1060,0x1060,0x1060,0x1060,0x1060,0x0840,0x0020,0x0000,0x0020,0x0020,0x0020,0x0000,
0x0000,0x0000,0x0000,0x0000,0x0000,0x0000,0x0000,0x0000,0x0020,0x0820,0x0000,0x0000,0x0000,0x0000,0x0000,0x0000,
0x0000,0x0000,0x0000,0x0020,0x0000,0x0020,0x0820,0x0820,0x0840,0x0840,0x0840,0x0840,0x0840,0x0020,0x0000,0x0000,
0x0020,0x0000,0x0000,0x0000,0x0020,0x0820,0x0820,0x0020,0x0020,0x0841,0x0020,0x0000,0x18c3,0x2945,0x18c3,0x0841,
0x0020,0x0000,0x0020,0x1061,0x1881,0x0840,0x0840,0x1060,0x1860,0x1060,0x1060,0x1060,0x1060,0x1060,0x0840,0x0820,
0x0000,0x0000,0x0000,0x0000,0x0000,0x0000,0x0000,0x0000,0x0000,0x0000,0x0000,0x0000,0x0000,0x0000,0x0020,0x0020,
0x0000,0x0000,0x0000,0x0000,0x0000,0x0000,0x0000,0x0000,0x0000,0x0000,0x0000,0x0000,0x0000,0x0000,0x0020,0x0820,
0x0840,0x0840,0x0840,0x0020,0x0000,0x0000,0x0020,0x0000,0x0000,0x0000,0x0020,0x0820,0x0020,0x0020,0x0020,0x0841,
0x0020,0x0000,0x18c3,0x2945,0x18c3,0x0841,0x0020,0x0000,0x0020,0x1061,0x1881,0x0840,0x0820,0x1060,0x1861,0x1060,
0x1060,0x1060,0x1040,0x1040,0x0840,0x0820,0x0000,0x0000,0x0000,0x0000,0x0000,0x0000,0x0000,0x0000,0x0000,0x0000,
0x0000,0x0000,0x0000,0x0000,0x0820,0x0820,0x0000,0x0000,0x0000,0x0000,0x0000,0x0000,0x0000,0x0000,0x0000,0x0000,
0x0000,0x0000,0x0000,0x0000,0x0000,0x0000,0x0000,0x0020,0x0820,0x0000,0x0000,0x0000,0x0020,0x0000,0x0000,0x0000,
0x0020,0x0820,0x0020,0x0020,0x0020,0x0020,0x0020,0x0000,0x18c3,0x2144,0x18c3,0x0841,0x0020,0x0000,0x0020,0x1040,
0x1060,0x0020,0x0000,0x1060,0x1881,0x1061,0x1060,0x1060,0x1060,0x1060,0x0840,0x0820,0x0020,0x0000,0x0020,0x0020,
0x0000,0x0000,0x0000,0x0000,0x0000,0x0000,0x0000,0x0000,0x0000,0x0820,0x0000,0x0820,0x0820,0x0000,0x0000,0x0000,
0x0000,0x0000,0x0000,0x0000,0x0000,0x0000,0x0000,0x0000,0x0000,0x0000,0x0000,0x0000,0x0000,0x0000,0x0000,0x0000,
0x0000,0x0000,0x0000,0x0000,0x0000,0x0000,0x0000,0x0000,0x0000,0x0000,0x0000,0x0020,0x0020,0x0000,0x10a3,0x2104,
0x10a2,0x0841,0x0000,0x0000,0x0000,0x0840,0x0840,0x0000,0x0000,0x0840,0x1060,0x1060,0x1060,0x1040,0x1040,0x1040,
0x0840,0x0840,0x0820,0x0820,0x0820,0x0020,0x0020,0x0000,0x0000,0x0000,0x0000,0x0000,0x0000,0x0000,0x0820,0x1040,
0x0000,0x0000,0x0820,0x0820,0x0000,0x0000,0x0000,0x0000,0x0000,0x0000,0x0000,0x0000,0x0000,0x0000,0x0000,0x0000,
0x0000,0x0000,0x0000,0x0000,0x0000,0x0000,0x0000,0x0000,0x0000,0x0000,0x0000,0x0000,0x0000,0x0000,0x0000,0x0000,
0x0000,0x0000,0x0000,0x0000,};


const uint16_t N40[9380]={
0x0000,0x0000,0x0000,0x0000,0x0000,0x0000,0x0000,0x0000,0x0000,0x0000,0x0000,0x0000,0x0000,0x0000,0x0000,0x0000,0x0000,0x0000,0x0000,0x0000,0x0000,0x0000,0x0000,0x0000,0x0000,0x0000,0x0000,0x0000,0x0000,0x0000,0x0000,0x0000,0x0000,0x4184,0x6267,0x2124,0x0000,0x0000,0x0000,0x0000,0x0000,0x0000,0x0000,0x0000,0x0000,0x0000,0x0000,0x0000,0x0000,0x0000,0x0000,0x0000,0x0000,0x0000,0x0000,0x0000,0x0000,0x0000,0x0000,0x0000,0x0000,0x0000,0x0000,0x0000,0x0000,0x0000,0x0000,0x0000,0x0000,0x0000,
0x0000,0x0000,0x0000,0x0000,0x0000,0x0000,0x0000,0x0000,0x0000,0x0000,0x0000,0x0000,0x0000,0x0000,0x0000,0x0000,0x0000,0x0000,0x0000,0x0000,0x0000,0x0000,0x0000,0x0000,0x0000,0x0000,0x0000,0x0000,0x0000,0x0000,0x0000,0x0000,0x18c3,0x4185,0x20c2,0x6aea,0x0041,0x0000,0x0000,0x0000,0x0000,0x0000,0x0000,0x0000,0x0000,0x0000,0x0000,0x0000,0x0000,0x0000,0x0000,0x0000,0x0000,0x0000,0x0000,0x0000,0x0000,0x0000,0x0000,0x0000,0x0000,0x0000,0x0000,0x0000,0x0000,0x0000,0x0000,0x0000,0x0000,0x0000,
0x0000,0x0000,0x0000,0x0000,0x0000,0x0000,0x0000,0x0000,0x0000,0x0000,0x0000,0x0000,0x0000,0x0000,0x0000,0x0000,0x0000,0x0000,0x0000,0x0000,0x0000,0x0000,0x0000,0x0000,0x0000,0x0000,0x0000,0x0000,0x0000,0x0000,0x0000,0x0000,0x18e3,0x39a6,0x20a1,0x39e7,0x0000,0x0000,0x0000,0x0000,0x0000,0x0000,0x0000,0x0000,0x0000,0x0000,0x0000,0x0000,0x0000,0x0000,0x0000,0x0000,0x0000,0x0000,0x0000,0x0000,0x0000,0x0000,0x0000,0x0000,0x0000,0x0000,0x0000,0x0000,0x0000,0x0000,0x0000,0x0000,0x0000,0x0000,
0x0000,0x0000,0x0000,0x0000,0x0000,0x0000,0x0000,0x0000,0x0000,0x0000,0x0000,0x0000,0x0000,0x0000,0x0000,0x0000,0x0000,0x0000,0x0000,0x0000,0x0000,0x0000,0x0000,0x0000,0x0000,0x0000,0x0000,0x0000,0x0000,0x0000,0x0000,0x0000,0x0862,0x3985,0x28c1,0x6b0b,0x0000,0x0000,0x0000,0x0000,0x0000,0x0000,0x0000,0x0000,0x0000,0x0000,0x0000,0x0000,0x0000,0x0000,0x0000,0x0000,0x0000,0x0000,0x0000,0x0000,0x0000,0x0000,0x0000,0x0000,0x0000,0x0000,0x0000,0x0000,0x0000,0x0000,0x0000,0x0000,0x0000,0x0000,
0x0000,0x0000,0x0000,0x0000,0x0000,0x0000,0x0000,0x0000,0x0000,0x0000,0x0000,0x0000,0x0000,0x0000,0x0000,0x0000,0x0000,0x0000,0x0000,0x0000,0x0000,0x0000,0x0000,0x0000,0x0000,0x0000,0x0000,0x0000,0x0000,0x0000,0x0000,0x0000,0x10a2,0x3144,0x28c1,0x62aa,0x0000,0x0000,0x0000,0x0000,0x0000,0x0000,0x0000,0x0000,0x0000,0x0000,0x0000,0x0000,0x0000,0x0000,0x0000,0x0000,0x0000,0x0000,0x0000,0x0000,0x0000,0x0000,0x0000,0x0000,0x0000,0x0000,0x0000,0x0000,0x0000,0x0000,0x0000,0x0000,0x0000,0x0000,
0x0000,0x0000,0x0000,0x0000,0x0000,0x0000,0x0000,0x0000,0x0000,0x0000,0x0000,0x0000,0x0000,0x0000,0x0000,0x0000,0x0000,0x0000,0x0000,0x0000,0x0000,0x0000,0x0000,0x0000,0x0000,0x0000,0x0000,0x0000,0x0000,0x0000,0x0000,0x0000,0x10a3,0x20c2,0x1860,0x4a28,0x08a3,0x0000,0x0000,0x0000,0x0000,0x0000,0x0000,0x0000,0x0000,0x0000,0x0000,0x0000,0x0000,0x0000,0x0000,0x0000,0x0000,0x0000,0x0000,0x0000,0x0000,0x0000,0x0000,0x0000,0x0000,0x0000,0x0000,0x0000,0x0000,0x0000,0x0000,0x0000,0x0000,0x0000,
0x0000,0x0000,0x0000,0x0000,0x0000,0x0000,0x0000,0x0000,0x0000,0x0000,0x0000,0x0000,0x0000,0x0000,0x0000,0x0000,0x0000,0x0000,0x0000,0x0000,0x0000,0x0000,0x0000,0x0000,0x0000,0x0000,0x0000,0x0000,0x0000,0x0000,0x0000,0x0000,0x49c5,0x4183,0x3922,0x62aa,0x2903,0x0000,0x0000,0x0000,0x0000,0x0000,0x0000,0x0000,0x0000,0x0000,0x0000,0x0000,0x0000,0x0000,0x0000,0x0000,0x0000,0x0000,0x0000,0x0000,0x0000,0x0000,0x0000,0x0000,0x0000,0x0000,0x0000,0x0000,0x0000,0x0000,0x0000,0x0000,0x0000,0x0000,
0x0000,0x0000,0x0000,0x0000,0x0000,0x0000,0x0000,0x0000,0x0000,0x0000,0x0000,0x0000,0x0000,0x0000,0x0000,0x0000,0x0000,0x0000,0x0000,0x0000,0x0000,0x0000,0x0000,0x0000,0x0000,0x0000,0x0000,0x0000,0x0000,0x0000,0x0000,0x0000,0x3922,0x3922,0x3922,0x30e1,0x3102,0x0000,0x0000,0x0000,0x0000,0x0000,0x0000,0x0000,0x0000,0x0000,0x0000,0x0000,0x0000,0x0000,0x0000,0x0000,0x0000,0x0000,0x0000,0x0000,0x0000,0x0000,0x0000,0x0000,0x0000,0x0000,0x0000,0x0000,0x0000,0x0000,0x0000,0x0000,0x0000,0x0000,
0x0000,0x0000,0x0000,0x0000,0x0000,0x0000,0x0000,0x0000,0x0000,0x0000,0x0000,0x0000,0x0000,0x0000,0x0000,0x0000,0x0000,0x0000,0x0000,0x0000,0x0000,0x0000,0x0000,0x0000,0x0000,0x0000,0x0000,0x0000,0x0000,0x0000,0x0000,0x5b0b,0x51c5,0x0800,0x20c1,0x0820,0x0800,0xad32,0x18e3,0x0000,0x0000,0x0000,0x0000,0x0000,0x0000,0x0000,0x0000,0x0000,0x0000,0x0000,0x0000,0x0000,0x0000,0x0000,0x0000,0x0000,0x0000,0x0000,0x0000,0x0000,0x0000,0x0000,0x0000,0x0000,0x0000,0x0000,0x0000,0x0000,0x0000,0x0000,
0x0000,0x0000,0x0000,0x0000,0x0000,0x0000,0x0000,0x0000,0x0000,0x0000,0x0000,0x0000,0x0000,0x0000,0x0000,0x0000,0x0000,0x0000,0x0000,0x0000,0x0000,0x0000,0x0000,0x0000,0x0000,0x0000,0x0000,0x0000,0x0000,0x0000,0x73f0,0x9bce,0x8328,0x9369,0x8328,0x6a04,0x7309,0x7b4b,0x2965,0x0000,0x0000,0x0000,0x0000,0x0000,0x0000,0x0000,0x0000,0x0000,0x0000,0x0000,0x0000,0x0000,0x0000,0x0000,0x0000,0x0000,0x0000,0x0000,0x0000,0x0000,0x0000,0x0000,0x0000,0x0000,0x0000,0x0000,0x0000,0x0000,0x0000,0x0000,
0x0000,0x0000,0x0000,0x0000,0x0000,0x0000,0x0000,0x0000,0x0000,0x0000,0x0000,0x0000,0x0000,0x0000,0x0000,0x0000,0x0000,0x0000,0x0000,0x0000,0x0000,0x0000,0x0000,0x0000,0x0000,0x0000,0x0000,0x0000,0x0000,0x62cb,0x83ae,0x1800,0x4143,0x9b28,0xac6b,0x9328,0x7266,0x1020,0x41a6,0x3185,0x0020,0x0000,0x0000,0x0000,0x0000,0x0000,0x0000,0x0000,0x0000,0x0000,0x0000,0x0000,0x0000,0x0000,0x0000,0x0000,0x0000,0x0000,0x0000,0x0000,0x0000,0x0000,0x0000,0x0000,0x0000,0x0000,0x0000,0x0000,0x0000,0x0000,
0x0000,0x0000,0x0000,0x0000,0x0000,0x0000,0x0000,0x0000,0x0000,0x0000,0x0000,0x0000,0x0000,0x0000,0x0000,0x0000,0x0000,0x0000,0x0000,0x0000,0x0000,0x0000,0x0000,0x0000,0x0000,0x0000,0x0000,0x0861,0x5acb,0x2903,0x0000,0x1881,0x0020,0x0000,0x0800,0x08a2,0x0000,0x0840,0x0820,0x2923,0x1081,0x0000,0x0000,0x0000,0x0000,0x0000,0x0000,0x0000,0x0000,0x0000,0x0000,0x0000,0x0000,0x0000,0x0000,0x0000,0x0000,0x0000,0x0000,0x0000,0x0000,0x0000,0x0000,0x0000,0x0000,0x0000,0x0000,0x0000,0x0000,0x0000,
0x0000,0x0000,0x0000,0x0000,0x0000,0x0000,0x0000,0x0000,0x0000,0x0000,0x0000,0x0000,0x0000,0x0000,0x0000,0x0000,0x0000,0x0000,0x0000,0x0000,0x0000,0x0000,0x0000,0x0000,0x0000,0x0000,0x0000,0x0820,0x0820,0x0820,0x1061,0x1881,0x18a1,0x30e2,0x3102,0x2902,0x20c2,0x1061,0x1061,0x0820,0x0000,0x0000,0x0000,0x18c3,0x2104,0x0000,0x0000,0x0000,0x0000,0x0000,0x0000,0x0000,0x0000,0x0000,0x0000,0x0000,0x0000,0x0000,0x0000,0x0000,0x0000,0x0000,0x0000,0x0000,0x0000,0x0000,0x0000,0x0000,0x0000,0x0000,
0x0000,0x0000,0x0000,0x0000,0x0000,0x0000,0x0000,0x0000,0x0000,0x0000,0x0000,0x0000,0x0000,0x0000,0x0000,0x0000,0x0000,0x0000,0x0000,0x0000,0x0000,0x0020,0x0020,0x0020,0x0020,0x0000,0x0800,0x0000,0x0000,0x0820,0x0841,0x1881,0x28c2,0x4164,0x3943,0x49e6,0x2081,0x1061,0x0820,0x0000,0x0800,0x0820,0x0000,0x0820,0x0820,0x0000,0x0000,0x0000,0x0000,0x0000,0x0000,0x0000,0x0000,0x0000,0x0000,0x0000,0x0000,0x0000,0x0000,0x0000,0x0000,0x0000,0x0000,0x0000,0x0000,0x0000,0x0000,0x0000,0x0000,0x0000,
0x0000,0x0000,0x0000,0x0000,0x0000,0x0000,0x0000,0x0000,0x0000,0x0000,0x0000,0x0000,0x0000,0x0000,0x0000,0x0000,0x0000,0x0000,0x0800,0x0820,0x0820,0x1040,0x0840,0x0820,0x0820,0x0820,0x0800,0x0800,0x0000,0x0000,0x0000,0x0000,0x0041,0x49c5,0x3963,0x6b0b,0x0000,0x0000,0x0000,0x0000,0x0000,0x0800,0x0800,0x0800,0x0800,0x0800,0x0820,0x0820,0x0020,0x0800,0x0000,0x0000,0x0000,0x0000,0x0000,0x0000,0x0000,0x0000,0x0000,0x0000,0x0000,0x0000,0x0000,0x0000,0x0000,0x0000,0x0000,0x0000,0x0000,0x0000,
0x0000,0x0000,0x0000,0x0000,0x0000,0x0000,0x0000,0x0000,0x0000,0x0000,0x0000,0x0000,0x0000,0x0000,0x0000,0x0800,0x0000,0x0000,0x0000,0x0000,0x0820,0x1040,0x0820,0x0820,0x0820,0x0820,0x0820,0x0820,0x0020,0x0020,0x0820,0x0000,0x18c2,0x3964,0x3102,0x6b2b,0x0000,0x0800,0x0000,0x0000,0x0000,0x0000,0x0000,0x0800,0x0000,0x0000,0x0800,0x0820,0x0020,0x0020,0x0820,0x0800,0x0000,0x0000,0x0800,0x0000,0x0000,0x0000,0x0000,0x0000,0x0000,0x0000,0x0000,0x0000,0x0000,0x0000,0x0000,0x0000,0x0000,0x0000,
0x0000,0x0000,0x0000,0x0000,0x0000,0x0000,0x0000,0x0000,0x0000,0x0000,0x0000,0x0000,0x0000,0x0000,0x0820,0x0820,0x0841,0x0861,0x1061,0x1081,0x1081,0x1061,0x1061,0x1081,0x1881,0x1881,0x18a1,0x18a1,0x18a1,0x1881,0x1881,0x1081,0x20c2,0x59e5,0x51e5,0x5206,0x0820,0x1881,0x1081,0x1061,0x1061,0x1040,0x0840,0x0820,0x0820,0x0820,0x0820,0x0800,0x0800,0x0800,0x0000,0x0000,0x0000,0x0000,0x0000,0x0000,0x0000,0x0000,0x0000,0x0000,0x0000,0x0000,0x0000,0x0000,0x0000,0x0000,0x0000,0x0000,0x0000,0x0000,
0x0000,0x0000,0x0000,0x0000,0x0000,0x0000,0x0000,0x0000,0x0000,0x0000,0x0820,0x0861,0x1082,0x10a2,0x1082,0x1061,0x1061,0x0841,0x1040,0x0841,0x1061,0x0841,0x0861,0x0861,0x1041,0x1061,0x1061,0x0861,0x0861,0x0040,0x0040,0x0020,0x0020,0x0041,0x0861,0x0041,0x0000,0x0020,0x0820,0x1040,0x1060,0x1061,0x1881,0x1881,0x1881,0x1881,0x1881,0x1881,0x1881,0x1081,0x1081,0x1061,0x1061,0x0840,0x0820,0x0020,0x0000,0x0000,0x0000,0x0000,0x0000,0x0000,0x0000,0x0000,0x0000,0x0000,0x0000,0x0000,0x0000,0x0000,
0x0000,0x0000,0x0000,0x0000,0x0000,0x0000,0x10c2,0x2124,0x0861,0x10a2,0x0862,0x0000,0x0000,0x0020,0x2124,0x39a6,0x3186,0x3a07,0x4a48,0x41e7,0x5226,0x6246,0x5a26,0x6246,0x6a67,0x6a86,0x6246,0x6226,0x5a06,0x6247,0x6205,0x6a45,0x82a6,0x8ae8,0x72a7,0x7a87,0x6a86,0x5a25,0x5a05,0x4184,0x3963,0x2923,0x20e2,0x2903,0x18c2,0x1881,0x1081,0x1061,0x1061,0x1881,0x1881,0x1881,0x1881,0x1081,0x1081,0x1061,0x1061,0x1061,0x0840,0x0020,0x0000,0x0861,0x632d,0x4208,0x0000,0x0000,0x0000,0x0000,0x0000,0x0000,
0x0000,0x0000,0x0000,0x0000,0x0000,0x2124,0x31a6,0x31a6,0x0000,0x0000,0x2104,0x632c,0xa513,0xa4b1,0x83ae,0x6aeb,0x6ac9,0x72e9,0x72c9,0x7288,0x6a87,0x6a46,0x5a05,0x59e5,0x51c5,0x49a4,0x3943,0x3102,0x3102,0x3102,0x3102,0x3943,0x3943,0x20c2,0x1881,0x20a1,0x3102,0x3943,0x4984,0x49c4,0x51a4,0x51c4,0x51c4,0x6226,0x6246,0x6225,0x5a05,0x49c4,0x3964,0x2903,0x18c2,0x18c2,0x20e2,0x28e2,0x20e2,0x20c2,0x18a1,0x1881,0x1081,0x0861,0x0840,0x18a3,0x4a69,0x5aeb,0x632c,0x0000,0x0000,0x0000,0x0000,0x0000,
0x0000,0x0000,0x0000,0x0020,0x2985,0x2965,0x0841,0x10a2,0x73ae,0x94b2,0x8410,0x634d,0x4a07,0x4163,0x4963,0x4963,0x49a3,0x4142,0x4142,0x4162,0x51a3,0x6224,0x6a44,0x6a24,0x6a04,0x4983,0x4163,0x4142,0x4142,0x4142,0x4163,0x59e4,0x6225,0x49a4,0x3943,0x3943,0x4163,0x4984,0x51a4,0x51c4,0x51c4,0x51c4,0x49c4,0x49a4,0x4983,0x4983,0x49a4,0x49a4,0x49a4,0x51c4,0x59e5,0x6a45,0x41a4,0x20e3,0x18e3,0x2903,0x3123,0x3144,0x3144,0x3144,0x20e3,0x2104,0x18e3,0x10c3,0x4207,0x4a69,0x0000,0x0000,0x0000,0x0000,
0x0000,0x0000,0x0020,0x29a6,0x18c3,0x0000,0x7c10,0x8c51,0x94d3,0x39a7,0x0000,0x28c0,0x51c3,0x59c4,0x4163,0x4162,0x51a3,0x51a3,0x51a3,0x6204,0x7264,0x9346,0x6a03,0x4142,0x4962,0x4983,0x4983,0x4162,0x4142,0x3942,0x3922,0x51a3,0x6204,0x4183,0x3943,0x4163,0x4983,0x49a3,0x51c4,0x59e4,0x5a04,0x6225,0x6205,0x5a05,0x6204,0x6205,0x6a25,0x6a25,0x6205,0x51c4,0x49a4,0x51e4,0x92c6,0x8aa5,0x7225,0x20e2,0x20c2,0x28e2,0x2903,0x2923,0x2944,0x3185,0x3186,0x18e3,0x1082,0x2945,0x3a07,0x0000,0x0000,0x0000,
0x0000,0x0000,0x2965,0x1082,0x18e3,0xa513,0x9cf4,0x2945,0x0820,0x1040,0x3122,0x3942,0x4162,0x59c3,0x61e3,0x59c3,0x4982,0x51a3,0x7244,0x82a4,0x5162,0x30c1,0x4142,0x4162,0x4162,0x4962,0x4983,0x51a3,0x4963,0x3922,0x28c2,0x20a1,0x20c1,0x20c2,0x3102,0x3943,0x4983,0x4984,0x49a4,0x51a4,0x51c4,0x59c4,0x59e4,0x59e4,0x59e4,0x59e4,0x59e4,0x6204,0x6205,0x6a25,0x8286,0x92e6,0x8ac6,0x6205,0x51c4,0x59e4,0x3963,0x18a1,0x18a1,0x20c2,0x20c2,0x20c2,0x2924,0x31c6,0x2124,0x0861,0x18c2,0x10a2,0x0000,0x0000,
0x0000,0x0882,0x20e4,0x4208,0x94b2,0x73ae,0x0820,0x1081,0x1081,0x28e2,0x2902,0x4963,0x4982,0x4962,0x3921,0x20c1,0x6a23,0x7223,0x69a2,0x4922,0x3921,0x3922,0x3922,0x3922,0x3902,0x3102,0x3102,0x28c1,0x1881,0x1061,0x0840,0x0820,0x0820,0x0840,0x1040,0x1061,0x20a1,0x3102,0x3942,0x4163,0x4163,0x4183,0x4983,0x51a3,0x51a3,0x51a4,0x51a4,0x51a3,0x51a3,0x49a3,0x4183,0x51a4,0x61e4,0x7245,0x6a25,0x51e5,0x4163,0x4184,0x18c2,0x18a1,0x20c2,0x18c2,0x18c2,0x20e3,0x31a6,0x2965,0x0020,0x18a2,0x0041,0x0000,
0x0000,0x18c3,0x31a6,0x9492,0x8410,0x0020,0x20e3,0x1081,0x20a2,0x28e2,0x4162,0x3922,0x3102,0x20a1,0x2902,0x8b46,0x7243,0x30c1,0x3101,0x30e1,0x28e1,0x28c1,0x28c1,0x28c1,0x28c1,0x1881,0x0840,0x0820,0x0020,0x0020,0x0020,0x0020,0x0020,0x0020,0x0020,0x0020,0x0820,0x0840,0x0840,0x20c1,0x3102,0x3102,0x3922,0x3943,0x3942,0x3942,0x3942,0x4142,0x4142,0x3943,0x3943,0x3943,0x3922,0x3923,0x4163,0x49a4,0x49a4,0x3963,0x3943,0x18a2,0x20c2,0x20c2,0x18a2,0x18a2,0x20e3,0x39e7,0x10c3,0x1081,0x2902,0x0000,
0x0020,0x2104,0x73ae,0x8c72,0x0882,0x10a2,0x0862,0x0021,0x0821,0x2081,0x0800,0x0000,0x1860,0x6a63,0xa3a7,0x7264,0x3122,0x4142,0x4122,0x4142,0x4962,0x4983,0x4963,0x4962,0x3902,0x28c1,0x20a1,0x1881,0x1881,0x1881,0x1881,0x18a1,0x20a1,0x1881,0x1881,0x18a1,0x28c2,0x20a1,0x28c2,0x28e2,0x2902,0x59c4,0x59c4,0x51a3,0x6a25,0x6a24,0x6a04,0x6204,0x6204,0x6a65,0x6a24,0x6204,0x7285,0x6a45,0x3963,0x3943,0x3123,0x2903,0x18a2,0x2903,0x1082,0x20e3,0x2923,0x3984,0x2124,0x2986,0x3a08,0x0840,0x28e1,0x0000,
0x0020,0x4208,0x8430,0x630c,0x5226,0x41e6,0x39a5,0x7265,0x8b66,0x9be9,0x9b89,0x8ae7,0xbbe9,0xbcad,0xab26,0x7a24,0x7a65,0x6a04,0x59c4,0x61e4,0x7a45,0x8aa5,0xa2e6,0x69e4,0x4143,0x4123,0x4143,0x3102,0x28e2,0x20c2,0x20c2,0x20c2,0x28e2,0x28e2,0x2902,0x2902,0x3103,0x3123,0x3923,0x3923,0x3923,0x4984,0x51c4,0x6a25,0x6a46,0x6a46,0x7266,0x6a46,0x6226,0x6a66,0x6a66,0x7266,0x7aa7,0x7aa6,0x59c4,0x7a04,0xfecf,0xa3ca,0xa369,0xbc2a,0x9b48,0x6205,0x7a86,0x6246,0x6a67,0x49e7,0x4a49,0x1082,0x1040,0x0820,
0x0861,0x5aeb,0x8451,0x2924,0x20e3,0x18c3,0x0041,0x0821,0x1000,0xe5f0,0xfeed,0xfeed,0xff6f,0xffd7,0x3000,0x3963,0x49c5,0x49c4,0x49a5,0x41a4,0x3184,0x2943,0x2103,0x18e3,0x18e3,0x20e3,0x2903,0x2903,0x2903,0x2903,0x2903,0x20e3,0x18c3,0x0083,0x08a3,0x08c3,0x2923,0x3123,0x3944,0x4164,0x4164,0x4164,0x3964,0x49c5,0x5a26,0x5a06,0x5a26,0x5a26,0x5a26,0x5a26,0x5a46,0x5a46,0x6247,0x6a88,0x6225,0x4902,0xe4eb,0xc40a,0xbbc8,0xd48a,0x10e3,0x0000,0x0021,0x0001,0x0021,0x18c3,0x39e7,0x2966,0x0820,0x0820,
0x10c3,0x6b8e,0x8410,0x10a2,0x18c3,0x0882,0x0841,0x1881,0x0800,0xee4f,0xf60b,0xf6ac,0xff0e,0x81a0,0x1881,0x5a26,0x5a26,0x51e5,0x51e5,0x49c5,0x49a5,0x49a4,0x3964,0x2923,0x2923,0x3124,0x3144,0x3144,0x3144,0x3144,0x3124,0x2103,0x3143,0xb365,0xdbc5,0x8ac4,0x1924,0x3144,0x3964,0x4184,0x4185,0x41a5,0x41a5,0x4185,0x5206,0x6247,0x5a26,0x6247,0x6267,0x6267,0x6a87,0x6a88,0x72c8,0x7b29,0x6a67,0x5183,0x7a65,0xcc09,0xc3e9,0xdd0b,0x49e5,0x0020,0x1081,0x1082,0x10a2,0x18c2,0x3186,0x31c7,0x0020,0x0820,
0x2104,0x738e,0x632c,0x1081,0x18e3,0x0881,0x0841,0x20a1,0x1000,0xbcec,0xfeee,0xf507,0x9202,0x3080,0x4142,0x49c5,0x4984,0x49c4,0x4184,0x49a4,0x3943,0x3123,0x2923,0x20e2,0x2903,0x20e2,0x20e3,0x2903,0x2903,0x2903,0x20e3,0x3143,0xeb44,0xc303,0x9a63,0xd344,0xc304,0x10e3,0x3944,0x3143,0x3964,0x3144,0x3144,0x3984,0x3164,0x5a46,0x51e6,0x51c5,0x5205,0x6267,0x6247,0x6aa8,0x6246,0x6aa7,0x6aa7,0x4143,0x51c4,0x6183,0xc3c8,0xf54c,0x1082,0x0041,0x1081,0x1081,0x1082,0x18c3,0x2986,0x39e7,0x0000,0x0820,
0x2124,0x6b8e,0x5acb,0x18a2,0x18e3,0x0861,0x0861,0x20c1,0x20a1,0x7a43,0x9a84,0x4880,0x0000,0x0020,0x28c1,0x0840,0x1861,0x0820,0x0000,0x1040,0x0840,0x0820,0x0841,0x0000,0x0000,0x0841,0x0020,0x1061,0x0000,0x0000,0x0001,0x8a22,0x8202,0x0000,0x0000,0x1040,0xb2a3,0x28e2,0x0020,0x0000,0x0020,0x0861,0x0020,0x1081,0x0000,0x0000,0x20c2,0x0820,0x20a2,0x0800,0x0000,0x28e2,0x0820,0x1081,0x20a1,0x0000,0x1040,0x0861,0x4123,0x7205,0x0001,0x0861,0x1081,0x1081,0x1082,0x18c2,0x2945,0x39e7,0x0000,0x0820,
0x2965,0x6b6d,0x528a,0x10a2,0x18e3,0x0861,0x0861,0x28c2,0x18c2,0x69c3,0x5120,0x18c1,0x0820,0x1020,0x28e2,0x1860,0x20a1,0x1040,0x0000,0x1060,0x1060,0x1040,0x0841,0x0000,0x0020,0x1061,0x0820,0x1061,0x0000,0x0000,0x0041,0x9202,0x1081,0x0020,0x1040,0x0000,0x69e3,0x5182,0x0020,0x0000,0x0820,0x1081,0x0841,0x1081,0x0000,0x0020,0x28e2,0x1881,0x28e2,0x0840,0x0800,0x20c2,0x20a1,0x28e2,0x18a1,0x0820,0x1861,0x3902,0x61a3,0x7a45,0x0042,0x0861,0x1081,0x1081,0x1082,0x18e3,0x2124,0x39e8,0x0020,0x0000,
0x2966,0x6b6d,0x4a49,0x10a2,0x18c3,0x0841,0x0861,0x28e2,0x18c2,0x69c2,0x6940,0x2902,0x3102,0x3102,0x1881,0x0000,0x1040,0x28e2,0x1881,0x20c2,0x0000,0x0000,0x1061,0x1061,0x1081,0x0000,0x0000,0x0820,0x1081,0x1081,0x0020,0x5921,0x4942,0x0000,0x0000,0x4982,0x9a63,0x0000,0x1081,0x1081,0x18a2,0x0000,0x0000,0x0841,0x1081,0x18c2,0x1060,0x0000,0x1040,0x28e2,0x20e2,0x28e2,0x0800,0x0820,0x3963,0x28e2,0x3943,0x0881,0x5962,0x7a25,0x0062,0x0861,0x1081,0x1081,0x1082,0x18e3,0x2945,0x39e8,0x0020,0x0000,
0x2986,0x6b6d,0x4a49,0x18c3,0x10c3,0x0841,0x1061,0x20c2,0x18c2,0xc325,0x69a2,0x3942,0x0840,0x1060,0x2902,0x1040,0x20a1,0x1060,0x0800,0x1881,0x1060,0x0820,0x0861,0x0000,0x0020,0x0841,0x0000,0x1061,0x0000,0x0000,0x1061,0x0040,0x79c2,0x5162,0x71c2,0x9283,0x4121,0x0020,0x0840,0x0000,0x0820,0x0840,0x0020,0x1061,0x0000,0x0840,0x20c2,0x0020,0x20c2,0x1061,0x1040,0x28e2,0x1861,0x28c2,0x3102,0x1860,0x28c1,0x2902,0x69e4,0x6205,0x0042,0x0861,0x0881,0x0881,0x1081,0x18e3,0x2965,0x39e8,0x0040,0x0000,
0x3186,0x6b6d,0x4a69,0x18c3,0x10c2,0x0841,0x1061,0x28e2,0x18a2,0x61e3,0x8223,0x4163,0x0020,0x0820,0x3943,0x28e2,0x3122,0x1061,0x0841,0x1881,0x28e2,0x20c2,0x20e3,0x18e3,0x18a2,0x2903,0x28e3,0x20e3,0x10a2,0x10a2,0x28e2,0x1082,0x0841,0x5101,0x50e1,0x0861,0x0041,0x18a2,0x1881,0x1081,0x1081,0x20e2,0x20c2,0x20e2,0x18c2,0x18c3,0x3964,0x3964,0x4184,0x3944,0x3143,0x4184,0x51e5,0x49c5,0x49c5,0x49c5,0x2903,0x4163,0x7204,0x6205,0x0062,0x0861,0x0861,0x0861,0x1081,0x18e3,0x2965,0x39e7,0x0041,0x0000,
0x3186,0x6b4d,0x4a69,0x18c3,0x10c2,0x0841,0x1061,0x20c2,0x18c2,0x61c2,0x5920,0x3122,0x49a4,0x51e5,0x4984,0x4164,0x4164,0x51e5,0x49c5,0x49a4,0x3943,0x28e3,0x3144,0x3164,0x3144,0x3103,0x28e3,0x3103,0x4164,0x4143,0x30c2,0x2880,0x5880,0x2842,0x1822,0x4901,0x1040,0x1040,0x28c2,0x20e2,0x28e3,0x1061,0x0840,0x1881,0x20e2,0x2923,0x20c2,0x18a1,0x20a2,0x4184,0x4184,0x49a4,0x3103,0x2902,0x5a05,0x49a4,0x51e5,0x1881,0x4921,0x71e4,0x0062,0x0861,0x0881,0x0881,0x1082,0x18e3,0x2945,0x39e7,0x0841,0x0820,
0x3186,0x6b4d,0x4a69,0x18c3,0x10c2,0x0841,0x1061,0x20c2,0x10a2,0xcb45,0x79c2,0x4142,0x0020,0x0820,0x3923,0x1881,0x28e2,0x1040,0x0000,0x20a1,0x28c2,0x2903,0x0861,0x0000,0x0820,0x1081,0x1881,0x20e3,0x1861,0x2060,0x30c2,0x4880,0x8841,0x4102,0xff00,0xc901,0x0041,0x1041,0x1061,0x0820,0x18a1,0x20c2,0x1061,0x1081,0x0000,0x0840,0x18a2,0x1061,0x20c2,0x1061,0x0820,0x3102,0x20a1,0x28e2,0x28c2,0x20a2,0x49c5,0x2902,0x69e3,0x51c4,0x0042,0x0861,0x0861,0x0881,0x1081,0x18e3,0x2945,0x39e7,0x0841,0x0820,
0x3186,0x6b4d,0x4a69,0x18c3,0x10a2,0x0841,0x0861,0x20c2,0x18a2,0x6224,0x9243,0x4163,0x0000,0x0820,0x3102,0x20a1,0x3102,0x1040,0x0800,0x1061,0x3123,0x2903,0x0861,0x0000,0x1081,0x2903,0x20a2,0x20c2,0x1840,0x2040,0x20a2,0x00a3,0x2022,0xffe0,0xfdc0,0x3001,0x0861,0x1861,0x1040,0x0000,0x1040,0x18a2,0x1881,0x2903,0x1081,0x0020,0x20c2,0x18a1,0x3102,0x1040,0x0820,0x28e2,0x28e2,0x3102,0x18a1,0x4164,0x4184,0x4143,0x7204,0x59c4,0x0062,0x0861,0x0861,0x0881,0x1081,0x18e3,0x2945,0x39e7,0x0840,0x0820,
0x3186,0x6b4d,0x4a69,0x18c3,0x10a2,0x0841,0x1061,0x20c2,0x18c2,0x61c3,0x7981,0x3922,0x28e2,0x3102,0x2081,0x0800,0x1040,0x3923,0x20c2,0x28e2,0x28e2,0x1040,0x18c2,0x2944,0x2903,0x0820,0x1020,0x2081,0x20c2,0x18a1,0x10e3,0x2884,0xfb80,0xcbc0,0xd0e0,0x1062,0x0020,0x0800,0x20a1,0x1861,0x18a2,0x0820,0x0020,0x1081,0x2903,0x2944,0x1081,0x0800,0x1040,0x28e2,0x28e2,0x3102,0x1040,0x0840,0x51a4,0x51e5,0x4184,0x1060,0x4922,0x61c4,0x0062,0x0861,0x0881,0x0881,0x1081,0x18e3,0x2945,0x39e7,0x0841,0x0820,
0x3186,0x6b4d,0x4a69,0x18c3,0x10a2,0x0841,0x0861,0x20c2,0x18c2,0xcb65,0x79c2,0x4983,0x0840,0x1860,0x3102,0x1040,0x20a1,0x2081,0x1040,0x20a1,0x4164,0x18c2,0x2924,0x0841,0x1040,0x20c2,0x1860,0x1881,0x1020,0x1881,0x2144,0x7801,0xfde0,0xfdc0,0x5801,0x28c2,0x1861,0x1861,0x1881,0x0820,0x1040,0x1041,0x0820,0x18a2,0x0820,0x1061,0x3984,0x2903,0x20c1,0x1881,0x1861,0x3102,0x1881,0x28e2,0x4163,0x4184,0x20a1,0x28e2,0x69c3,0x59c4,0x0042,0x0861,0x0861,0x1061,0x1081,0x20e3,0x2945,0x39e7,0x0841,0x0820,
0x3186,0x634d,0x4a49,0x18c3,0x10a2,0x0841,0x1061,0x20c2,0x10a2,0x6a03,0x8a43,0x4183,0x0020,0x1020,0x3102,0x2081,0x28e2,0x1060,0x0800,0x1081,0x49a5,0x3964,0x1081,0x0820,0x18a2,0x20a2,0x1061,0x20a2,0x1881,0x3944,0x0803,0xfb20,0xdd00,0xfa40,0x3801,0x28c2,0x2081,0x2081,0x1881,0x0000,0x1040,0x1881,0x1040,0x1881,0x0840,0x0841,0x20c2,0x4164,0x49a4,0x1061,0x0820,0x28c2,0x3102,0x4184,0x3123,0x4184,0x1861,0x5183,0x69e4,0x51a4,0x0062,0x0841,0x0881,0x0881,0x1082,0x18e3,0x2945,0x39e7,0x0841,0x0820,
0x3186,0x632c,0x4a69,0x18c3,0x10a2,0x0841,0x1061,0x20c2,0x18c2,0x69e3,0x89c1,0x4142,0x3102,0x3102,0x2081,0x0800,0x1040,0x3123,0x20c2,0x49a4,0x3943,0x0000,0x18a2,0x28e3,0x20c2,0x0820,0x0800,0x1861,0x3964,0x00c3,0x8002,0xffe0,0xff00,0x4801,0x5102,0x30e2,0x1020,0x1020,0x28e2,0x1881,0x20a2,0x0000,0x0000,0x1061,0x1081,0x20e3,0x1061,0x0841,0x49a4,0x49a4,0x3123,0x3123,0x3943,0x1861,0x49a4,0x3963,0x3102,0x0881,0x5942,0x51a4,0x0062,0x0841,0x0881,0x0881,0x1081,0x1082,0x2124,0x39e7,0x0841,0x0820,
0x3186,0x632c,0x4a49,0x18a2,0x10a2,0x0041,0x0861,0x20c2,0x1082,0xdc26,0x8a23,0x4983,0x1040,0x1881,0x3102,0x1861,0x20a1,0x20a1,0x3943,0x49a4,0x3102,0x0840,0x20c3,0x0820,0x1060,0x1881,0x1041,0x3103,0x1882,0x0003,0xd261,0xf720,0xda20,0x2802,0x50c2,0x30e2,0x2081,0x2081,0x20a1,0x0820,0x1061,0x1061,0x0840,0x1881,0x0820,0x0841,0x28e3,0x1061,0x3923,0x4164,0x3943,0x49a5,0x2902,0x20a1,0x49a5,0x1061,0x20a1,0x2902,0x69e3,0x51c4,0x0042,0x0841,0x0881,0x0881,0x1081,0x1081,0x2104,0x39e7,0x0041,0x0820,
0x3186,0x634d,0x4228,0x1082,0x10a2,0x0041,0x0861,0x28e2,0x0861,0x7244,0xa2c4,0x4163,0x0020,0x1040,0x3102,0x20a1,0x2902,0x3923,0x3123,0x4184,0x28c2,0x2903,0x1881,0x0000,0x1040,0x20a2,0x2903,0x28e3,0x0042,0x88a2,0xe420,0xfc80,0x3802,0x40c2,0x48c2,0x28c2,0x28a1,0x28c2,0x1881,0x0800,0x1040,0x18a1,0x1061,0x1881,0x0000,0x0020,0x20c2,0x3102,0x3923,0x3123,0x3103,0x51c5,0x28e2,0x3943,0x49a5,0x0820,0x1061,0x59c4,0x7204,0x4984,0x0062,0x0841,0x0881,0x1081,0x1081,0x1082,0x2104,0x39e7,0x0041,0x0820,
0x3186,0x6b4d,0x4228,0x1082,0x10a2,0x0841,0x1061,0x20e2,0x10a1,0x61c3,0x9202,0x4962,0x28e2,0x30e2,0x20a1,0x0800,0x3102,0x4184,0x4184,0x3963,0x20a1,0x1041,0x18a2,0x1881,0x18a1,0x20c2,0x20e3,0x1882,0x1083,0xb860,0xf5a0,0xfc00,0x0002,0x4902,0x4102,0x28e2,0x1840,0x1020,0x28e2,0x1881,0x20c2,0x0800,0x0000,0x1061,0x1081,0x18a2,0x0840,0x0820,0x28e2,0x3943,0x51e5,0x4163,0x28e2,0x3102,0x51c4,0x20a1,0x3123,0x0861,0x5962,0x59a4,0x0082,0x0861,0x1081,0x1081,0x1082,0x1082,0x2104,0x39e7,0x0841,0x0820,
0x3186,0x634d,0x4248,0x1082,0x10a2,0x0841,0x1061,0x20e2,0x0881,0xc3a5,0x9223,0x59a3,0x1060,0x2081,0x28e2,0x20a2,0x49a4,0x3923,0x28e2,0x3943,0x3102,0x1061,0x1881,0x1020,0x1881,0x3144,0x1881,0x00c3,0x6002,0xfee0,0xec40,0x8002,0x00a2,0x40e2,0x40e2,0x28c2,0x2081,0x2081,0x20a1,0x1040,0x1881,0x1881,0x1040,0x1881,0x0820,0x0861,0x1881,0x1040,0x3102,0x3964,0x3943,0x4164,0x3102,0x49c5,0x30e2,0x1860,0x20c1,0x3102,0x7204,0x51e4,0x0062,0x0841,0x0861,0x0881,0x1081,0x1082,0x2103,0x39e7,0x0841,0x0820,
0x3186,0x634d,0x4228,0x1082,0x10a2,0x0841,0x1061,0x28e2,0x0881,0x59e3,0x8a64,0x4983,0x0020,0x1020,0x3922,0x49a4,0x3102,0x3943,0x2081,0x4164,0x28c1,0x1881,0x1861,0x0820,0x3144,0x28c2,0x20a2,0x1024,0xfa60,0xff00,0xc200,0x0003,0x28c2,0x40c1,0x38c2,0x28c2,0x28a1,0x28c1,0x2081,0x0800,0x1061,0x20c2,0x1881,0x18a1,0x0000,0x0020,0x20c2,0x20a1,0x49a4,0x28e2,0x20a1,0x49a5,0x3123,0x51e5,0x1041,0x1020,0x1061,0x59c4,0x7224,0x3943,0x0021,0x0841,0x0841,0x1081,0x0881,0x0882,0x2103,0x39c7,0x0841,0x0820,
0x3186,0x632c,0x4228,0x1082,0x10a2,0x0841,0x1061,0x20e2,0x10a1,0x5162,0x89e1,0x6182,0x2902,0x28e2,0x3922,0x28c2,0x2081,0x4163,0x3102,0x3943,0x0800,0x0800,0x18a2,0x2903,0x3123,0x1041,0x0062,0x4003,0xfce0,0xfd20,0x7801,0x1082,0x2881,0x4102,0x40e2,0x28c2,0x1840,0x1840,0x28e2,0x2081,0x28c2,0x0820,0x0000,0x1061,0x1081,0x1882,0x0820,0x20c2,0x3103,0x3103,0x3923,0x4164,0x3103,0x4184,0x51c4,0x20a1,0x3903,0x1061,0x6182,0x4983,0x0021,0x0841,0x0841,0x1081,0x0881,0x0881,0x20e3,0x39c7,0x0841,0x0820,
0x3186,0x632c,0x4228,0x1082,0x10a2,0x0040,0x1061,0x20c2,0x0881,0xbb85,0x8a02,0x5982,0x1881,0x1881,0x49a4,0x1881,0x3102,0x28c1,0x3943,0x3102,0x2081,0x1041,0x20e3,0x2103,0x1861,0x20c2,0x0003,0xc101,0xff20,0xfb80,0x0803,0x28a2,0x28a1,0x38c1,0x38c2,0x28c2,0x2081,0x2081,0x20a1,0x1041,0x1881,0x1881,0x1060,0x1881,0x0820,0x0841,0x20e2,0x3123,0x20c2,0x20a1,0x30e2,0x3943,0x51c5,0x3102,0x49a4,0x1861,0x20c1,0x30e2,0x7224,0x4184,0x0041,0x0841,0x0861,0x1081,0x1082,0x0881,0x18e3,0x39c7,0x0841,0x0020,
0x3186,0x632c,0x4228,0x1082,0x10a2,0x0040,0x0861,0x20e2,0x0861,0x59c3,0x8223,0x4163,0x0840,0x20a1,0x49a4,0x28a1,0x4163,0x28c2,0x4184,0x28c1,0x28a1,0x1881,0x2924,0x1861,0x1861,0x18e3,0x3803,0xdc20,0xffe0,0x9801,0x08a3,0x28a1,0x28a1,0x38c1,0x38c1,0x28a1,0x28a1,0x28c1,0x2081,0x1020,0x1861,0x28c2,0x20a1,0x20a1,0x0000,0x0841,0x3123,0x20a1,0x3103,0x1861,0x1060,0x4163,0x49c5,0x30e2,0x3963,0x28e2,0x1060,0x51c4,0x7244,0x49e4,0x0082,0x0861,0x1081,0x1081,0x1082,0x1082,0x18e3,0x39c7,0x0861,0x0000,
0x3186,0x632c,0x4228,0x1082,0x10a2,0x0040,0x0861,0x20c2,0x1081,0x4962,0x81c1,0x69a2,0x28e2,0x4984,0x28c1,0x1020,0x4164,0x4163,0x49a4,0x3102,0x1840,0x20c2,0x2903,0x1882,0x28e3,0x0003,0xfa20,0xf600,0xe240,0x1803,0x20a2,0x2861,0x2880,0x3902,0x38e2,0x28c2,0x1860,0x1840,0x28c2,0x2081,0x20c2,0x0820,0x0000,0x1061,0x1881,0x3144,0x1041,0x0800,0x1861,0x28e2,0x20a1,0x5a05,0x3144,0x1040,0x4163,0x4184,0x3102,0x1861,0x69a2,0x59e4,0x0082,0x0861,0x1081,0x1081,0x1082,0x1082,0x18e3,0x39c7,0x0841,0x0020,
0x3186,0x632c,0x4228,0x1082,0x10a2,0x0041,0x0861,0x20c2,0x0881,0xab25,0x81e2,0x5962,0x20c1,0x51e5,0x30e2,0x2081,0x49a4,0x3102,0x3923,0x28a1,0x28c2,0x3164,0x1882,0x1862,0x08a3,0x3803,0xfda0,0xfda0,0x9801,0x00a3,0x28c2,0x2881,0x2881,0x38c1,0x38c2,0x28c2,0x2081,0x2081,0x20a1,0x1841,0x1881,0x1881,0x1060,0x1881,0x2924,0x20e3,0x1881,0x1060,0x20c2,0x20a1,0x1040,0x51e5,0x4184,0x20a1,0x28e2,0x4164,0x28e2,0x30e2,0x7a44,0x41c4,0x0062,0x0861,0x1081,0x1081,0x1082,0x1082,0x18e3,0x39c7,0x0841,0x0820,
0x3186,0x632c,0x4228,0x1082,0x10a2,0x0041,0x0861,0x20e2,0x1081,0x4183,0x7203,0x3922,0x28c1,0x4984,0x3102,0x30e2,0x4184,0x30e2,0x3102,0x2080,0x3943,0x20c2,0x1882,0x1862,0x0003,0x9921,0xe500,0xc200,0x2803,0x2082,0x28c2,0x28a1,0x28a1,0x38c1,0x30c1,0x28a1,0x28a1,0x28a1,0x2081,0x1020,0x1861,0x20c2,0x1881,0x3124,0x20e3,0x0020,0x20c2,0x20a1,0x3102,0x1860,0x1060,0x51c5,0x49a4,0x3102,0x1881,0x3102,0x28e2,0x5183,0x7a65,0x49c4,0x0082,0x0861,0x1081,0x1081,0x1082,0x1082,0x18e3,0x39c7,0x0041,0x0820,
0x3186,0x632c,0x4228,0x1082,0x10a2,0x0041,0x0861,0x20c2,0x10a1,0x3101,0x7981,0x5942,0x4184,0x49a4,0x2080,0x1860,0x49a4,0x4984,0x30e2,0x3102,0x3943,0x1020,0x20c3,0x18e4,0x2004,0xfe60,0xffe0,0xb841,0x0083,0x28c2,0x2881,0x2840,0x2860,0x38e2,0x38e2,0x28c2,0x1860,0x1840,0x28c2,0x2081,0x20c2,0x0800,0x1861,0x4184,0x1061,0x20c2,0x1061,0x0800,0x1861,0x28e2,0x3122,0x4184,0x4184,0x1061,0x3102,0x3123,0x4184,0x0881,0x79e3,0x5a04,0x0082,0x0861,0x1081,0x1081,0x1082,0x0882,0x18e3,0x39c7,0x0841,0x0820,
0x3186,0x630c,0x4208,0x1082,0x1082,0x0041,0x0861,0x20c2,0x1081,0xaac4,0x79a1,0x4942,0x4184,0x3102,0x30c1,0x30e2,0x49a4,0x4163,0x28a1,0x3923,0x28c2,0x1861,0x20c3,0x0044,0xb061,0xff60,0xfca0,0x2003,0x18a2,0x2881,0x28a1,0x2881,0x2881,0x38c1,0x30c2,0x28c1,0x2081,0x2081,0x2081,0x1841,0x1861,0x1881,0x59a5,0x18a2,0x0820,0x1081,0x18a1,0x1040,0x20a1,0x2081,0x3943,0x4164,0x4184,0x3123,0x20c1,0x20a1,0x4184,0x28e2,0x7a44,0x3983,0x0021,0x0841,0x0861,0x1081,0x0881,0x0881,0x20e4,0x39c7,0x0841,0x0820,
0x3186,0x630c,0x4208,0x1082,0x1082,0x0040,0x0861,0x20c2,0x1081,0x3942,0x71c3,0x3922,0x4984,0x2081,0x3902,0x4963,0x3943,0x4164,0x30e2,0x4163,0x28c1,0x20a2,0x10c4,0x3004,0xfdc0,0xbb40,0xa061,0x00c3,0x2882,0x2061,0x28a1,0x28a1,0x28a1,0x38c1,0x30c1,0x28a1,0x28a1,0x28a1,0x1881,0x1020,0x1040,0x4185,0x28c2,0x18a1,0x0000,0x0841,0x20c2,0x20a1,0x30e2,0x2081,0x4184,0x3103,0x3923,0x49a4,0x1881,0x1861,0x4184,0x4983,0x7a65,0x3123,0x0041,0x0841,0x0861,0x1081,0x0881,0x0881,0x2104,0x39c7,0x0841,0x0820,
0x3186,0x630c,0x4208,0x0881,0x1082,0x0020,0x0861,0x20c2,0x18a1,0x3101,0x8180,0x5962,0x59e5,0x3102,0x30e2,0x4123,0x28a1,0x4163,0x4164,0x3922,0x1861,0x1861,0x00a4,0xb102,0xe500,0xfde0,0x3803,0x18a3,0x28a2,0x28a1,0x2881,0x2840,0x2860,0x38e2,0x38e2,0x30c1,0x1860,0x1840,0x20c2,0x1861,0x3123,0x28e3,0x0000,0x1881,0x1881,0x18a2,0x1061,0x0800,0x1040,0x4163,0x4184,0x4184,0x1861,0x3102,0x3923,0x20c2,0x49a4,0x18a1,0x71c3,0x4183,0x0041,0x0841,0x0861,0x1081,0x0881,0x0882,0x2104,0x39e7,0x0841,0x0820,
0x3186,0x5b0c,0x4208,0x0882,0x1082,0x0020,0x0861,0x20c2,0x0881,0xb304,0x89c1,0x5162,0x4184,0x28c1,0x4143,0x3902,0x28c1,0x4983,0x3923,0x28a1,0x28a1,0x08a2,0x2804,0xfd00,0xff20,0xb081,0x0043,0x28a2,0x2081,0x2081,0x28a1,0x2881,0x2881,0x38c1,0x38c2,0x30c1,0x2081,0x2081,0x1881,0x28e3,0x3144,0x1041,0x1041,0x1881,0x1041,0x1082,0x1882,0x1040,0x2081,0x4164,0x3103,0x41a4,0x1881,0x30e2,0x3102,0x1881,0x49a4,0x28e2,0x8285,0x4a05,0x0082,0x0841,0x1082,0x1081,0x0882,0x1082,0x2104,0x39e7,0x0861,0x0820,
0x2986,0x5b0c,0x4208,0x0861,0x1082,0x0020,0x0861,0x20c2,0x0881,0x4962,0x81e3,0x2922,0x3923,0x2080,0x4163,0x30e2,0x3923,0x51e5,0x28a1,0x20a1,0x30e2,0x0083,0xa8a2,0xffe0,0xfde0,0x1803,0x20c3,0x28c2,0x2061,0x2060,0x28a1,0x28a1,0x28a1,0x38c1,0x30c1,0x28a1,0x28c1,0x20a1,0x28c2,0x3144,0x1041,0x20a2,0x20a1,0x18a1,0x0820,0x0841,0x20c2,0x20a1,0x3122,0x4184,0x3123,0x3943,0x28c1,0x3102,0x28e2,0x1861,0x4184,0x4984,0x8286,0x41c4,0x0062,0x0841,0x1082,0x1081,0x0882,0x1082,0x2104,0x39c7,0x0841,0x0820,
0x3166,0x5b0c,0x4208,0x0881,0x1082,0x0040,0x0861,0x20c2,0x10a1,0x30e1,0x8980,0x5162,0x4984,0x3922,0x4984,0x2060,0x3943,0x49a4,0x3923,0x30e2,0x1882,0x2003,0xea80,0xfe80,0xc141,0x0003,0x2062,0x2082,0x2881,0x28a1,0x2881,0x2840,0x2880,0x4102,0x38e2,0x30c2,0x1860,0x1860,0x3944,0x20a1,0x20a1,0x1020,0x0800,0x1861,0x1881,0x18a2,0x1061,0x0800,0x2081,0x4184,0x49a4,0x28e2,0x1040,0x1040,0x3923,0x28e2,0x49a4,0x18a1,0x79e3,0x49c4,0x0062,0x0841,0x1082,0x1082,0x0881,0x1082,0x2124,0x39c7,0x0861,0x0820,
0x3165,0x5b0c,0x4228,0x0881,0x0882,0x0040,0x0861,0x18a2,0x0061,0xb324,0x89c1,0x4942,0x3923,0x3902,0x4963,0x28a1,0x51c4,0x30a1,0x3102,0x3943,0x0083,0x8822,0xfda0,0xfe20,0x3803,0x10c3,0x2082,0x2082,0x2061,0x2061,0x28a1,0x2881,0x1081,0x58c2,0x9143,0x18c2,0x2081,0x3944,0x28e3,0x1020,0x1881,0x1861,0x1041,0x1881,0x1041,0x1882,0x18a2,0x1040,0x3923,0x4184,0x28e2,0x28c1,0x1881,0x2081,0x3123,0x28e2,0x4184,0x20e2,0x7a65,0x5225,0x0042,0x0841,0x1082,0x1082,0x0881,0x1082,0x2124,0x39e7,0x0841,0x0820,
0x3166,0x5aec,0x4228,0x0881,0x0882,0x0040,0x0861,0x18a2,0x0861,0x4983,0x8203,0x3122,0x28c1,0x3923,0x4983,0x3902,0x4984,0x2881,0x2081,0x3943,0x48c3,0xd220,0xf5a0,0xfa41,0x0003,0x28c2,0x28a2,0x20a2,0x2041,0x2061,0x28a1,0x28a1,0x1042,0xfaa0,0xfa41,0x0002,0x4144,0x3923,0x1861,0x1020,0x1861,0x20a2,0x1882,0x1882,0x0820,0x1041,0x20c2,0x20a1,0x49a4,0x3964,0x1040,0x20c1,0x28e2,0x28e2,0x28c2,0x3102,0x3944,0x4983,0x8265,0x3984,0x0062,0x0841,0x1082,0x1082,0x0882,0x1082,0x2124,0x39e7,0x0841,0x0820,
0x3186,0x5aeb,0x4228,0x1061,0x0882,0x0040,0x0861,0x18a2,0x10a1,0x28c1,0x8960,0x5142,0x3122,0x51c5,0x28c1,0x30e2,0x4963,0x4122,0x28c1,0x2103,0x4823,0xffe0,0xf420,0x5003,0x10e3,0x2061,0x1841,0x2081,0x28a1,0x28a1,0x2881,0x1861,0x5801,0xfd40,0xfda0,0x4023,0x6165,0x1040,0x28a2,0x2081,0x20a2,0x1020,0x0820,0x1861,0x1881,0x18a2,0x1041,0x1061,0x4164,0x28c2,0x20a1,0x28c2,0x1040,0x1040,0x3102,0x4164,0x4184,0x18a1,0x79e3,0x3964,0x0062,0x0041,0x1082,0x1081,0x1082,0x18c3,0x2945,0x39c7,0x0861,0x0840,
0x2986,0x5aeb,0x4228,0x10a2,0x0882,0x0020,0x0861,0x18a1,0x0882,0xbb24,0x91c1,0x5162,0x20a1,0x51a4,0x3902,0x49a4,0x4143,0x30e2,0x20c2,0x30a3,0xd281,0x7262,0xda41,0x0003,0x20a2,0x2081,0x2061,0x2081,0x2061,0x2061,0x28a2,0x1882,0x7002,0xffa0,0xff20,0xb8a3,0x18a2,0x2081,0x2081,0x1861,0x1881,0x1861,0x1041,0x1881,0x1041,0x1061,0x1081,0x3923,0x3103,0x1861,0x1881,0x28c2,0x1881,0x1881,0x28c2,0x49a4,0x3123,0x28c2,0x8264,0x5a65,0x0021,0x0841,0x1082,0x1081,0x1082,0x18c3,0x2925,0x39e7,0x0841,0x0840,
0x2986,0x5aeb,0x4208,0x10a2,0x0882,0x0020,0x0861,0x18a1,0x0881,0x4162,0x81e2,0x3922,0x1840,0x3943,0x4163,0x49a4,0x4143,0x28c2,0x10a2,0x7022,0xfd80,0xcbe1,0x3003,0x10a2,0x1861,0x20a2,0x2081,0x20a2,0x2061,0x2081,0x28c2,0x28c3,0x4903,0xfe81,0xfdc1,0x5062,0x20e2,0x30e2,0x2081,0x1020,0x1841,0x20a2,0x1881,0x1881,0x0800,0x18a2,0x3103,0x3103,0x28c2,0x1860,0x1060,0x20c1,0x28e2,0x28c2,0x20c2,0x49a5,0x20c2,0x5183,0x8265,0x2903,0x0041,0x0841,0x1082,0x1082,0x1082,0x18c3,0x2125,0x39e7,0x0841,0x0820,
0x3186,0x5aeb,0x4208,0x1082,0x0881,0x0020,0x0861,0x18a1,0x10a1,0x20a1,0x9160,0x5142,0x28c1,0x51a4,0x49a4,0x3902,0x30c1,0x4143,0x0803,0xd261,0xff20,0xfb20,0x1024,0x3124,0x28c2,0x2061,0x20a2,0x28e3,0x3103,0x3103,0x28e3,0x2903,0x40e3,0x4002,0x4022,0x40e2,0x4923,0x3123,0x3103,0x28c2,0x20a2,0x1041,0x0800,0x1861,0x20e2,0x3144,0x18a2,0x30e2,0x1040,0x20a1,0x20a1,0x28c2,0x1040,0x1040,0x4163,0x4184,0x2903,0x2080,0x6182,0x18c2,0x0041,0x0841,0x1082,0x1081,0x1082,0x18c3,0x2125,0x39c7,0x0861,0x0820,
0x2986,0x5aeb,0x4208,0x1082,0x0881,0x0020,0x0841,0x18a1,0x0881,0xb304,0x91a1,0x4942,0x28c1,0x4943,0x51c4,0x3922,0x3902,0x1903,0x7002,0xfd20,0xfec0,0x7002,0x00c3,0x28c2,0x3103,0x3123,0x3144,0x28e3,0x2861,0x2861,0x28a2,0x1882,0x7802,0xffc0,0xfee0,0x4002,0x20a2,0x2881,0x20a1,0x2881,0x28c2,0x3144,0x20e2,0x2903,0x18a2,0x0841,0x3103,0x20c2,0x1861,0x1881,0x1881,0x28c2,0x1861,0x20a2,0x3943,0x3943,0x18a1,0x20a1,0x69c2,0x49c3,0x0020,0x0841,0x1082,0x1081,0x1082,0x18c3,0x2125,0x39e7,0x0841,0x0840,
0x3186,0x5aeb,0x4207,0x10a2,0x0881,0x0020,0x0841,0x18a1,0x0881,0x4183,0x81e2,0x3122,0x2080,0x4943,0x49a4,0x4163,0x4143,0x0803,0xfba0,0xfe60,0xb8e0,0x1083,0x4123,0x3124,0x28e3,0x28c2,0x20a2,0x28c2,0x2081,0x2061,0x28a2,0x20a2,0x5862,0xffe0,0xfec0,0x3802,0x28c2,0x28c2,0x2081,0x1861,0x20a2,0x28e2,0x28e2,0x3123,0x18a2,0x0841,0x28e3,0x1881,0x28a1,0x1860,0x1040,0x20a1,0x28e2,0x4164,0x2902,0x3103,0x1040,0x3902,0x59a3,0x18c2,0x0020,0x0841,0x1082,0x1081,0x1082,0x18c3,0x2124,0x39e7,0x0841,0x0840,
0x2966,0x5acb,0x39e8,0x1082,0x0882,0x0020,0x0841,0x18a1,0x1081,0x28e1,0x9960,0x4121,0x3102,0x51a4,0x3922,0x3902,0x00a2,0x6844,0xff80,0xdc20,0x60c2,0x20c3,0x3103,0x20a2,0x2081,0x1840,0x1820,0x2061,0x28c2,0x2903,0x2903,0x20e3,0x6842,0xbb00,0xd380,0x4882,0x4103,0x3103,0x3964,0x3123,0x20c2,0x1020,0x0800,0x1861,0x28e2,0x2924,0x2903,0x0820,0x1840,0x20a1,0x2081,0x28c2,0x3102,0x3964,0x3102,0x3943,0x1881,0x1840,0x48e0,0x1081,0x0020,0x0841,0x1082,0x1082,0x1082,0x18c3,0x2125,0x39e7,0x0841,0x0840,
0x2965,0x5acb,0x39e8,0x1082,0x0881,0x0020,0x0841,0x18a1,0x0081,0xb2e4,0x9980,0x4142,0x30e2,0x49a4,0x4143,0x4943,0x3865,0xfce1,0xfe81,0x4023,0x3164,0x20c2,0x18a2,0x1841,0x1861,0x1861,0x1861,0x20c2,0x28e3,0x28c2,0x28e3,0x20c2,0x6062,0xe4e0,0xdbe0,0x4842,0x4103,0x30e2,0x3123,0x3124,0x2903,0x20a2,0x1040,0x1061,0x0820,0x1882,0x3124,0x28c2,0x1861,0x1861,0x1861,0x3923,0x3943,0x28e2,0x28c2,0x3943,0x0841,0x2060,0x5141,0x3922,0x0020,0x0841,0x1082,0x1081,0x1082,0x18c3,0x2125,0x39c7,0x0841,0x0840,
0x2966,0x5acb,0x3a07,0x1062,0x0861,0x0020,0x0841,0x18a1,0x0861,0x4962,0x89c2,0x3102,0x28c1,0x4984,0x4163,0x2103,0xaaa4,0xf561,0x69e3,0x59e3,0x28e3,0x1882,0x1861,0x1041,0x2081,0x28e3,0x28c2,0x28c2,0x2061,0x2040,0x28a2,0x2082,0x5062,0xffe0,0xfec0,0x3802,0x30c2,0x28a1,0x2081,0x1840,0x2081,0x28e2,0x20e2,0x20c2,0x1040,0x2103,0x18a2,0x28c1,0x30e2,0x1881,0x28e2,0x3123,0x3923,0x20a1,0x28c2,0x3102,0x0000,0x28a1,0x4121,0x20e2,0x0020,0x0841,0x1082,0x1081,0x1082,0x18c3,0x2125,0x39e7,0x0841,0x0840,
0x2965,0x5acb,0x39e8,0x1082,0x0861,0x0020,0x0841,0x18a1,0x0881,0x28e1,0x9960,0x3901,0x3923,0x4984,0x4143,0x0862,0x9982,0x82a3,0x71e3,0x48e3,0x1041,0x1020,0x20c2,0x2903,0x28e3,0x1840,0x1020,0x2061,0x2881,0x2881,0x28a1,0x1882,0x7002,0xe460,0xfd40,0x3802,0x2882,0x2861,0x28c2,0x2061,0x2081,0x1020,0x1020,0x1881,0x20e3,0x2944,0x1061,0x0800,0x28a1,0x4164,0x28e2,0x3123,0x1861,0x1040,0x3102,0x20a2,0x0841,0x1840,0x48e0,0x18a1,0x0020,0x0841,0x1082,0x1082,0x1082,0x18c3,0x2124,0x39e7,0x0841,0x0840,
0x2965,0x5acb,0x39e7,0x1082,0x0861,0x0020,0x0841,0x1881,0x0061,0xaac4,0x99a0,0x4122,0x3102,0x3102,0x4163,0x4143,0x92e3,0x8342,0xfc01,0x1043,0x20a1,0x28e2,0x28c3,0x1041,0x1861,0x2061,0x1841,0x2081,0x2061,0x2861,0x30a2,0x1882,0x6802,0xfe60,0xfda0,0x4002,0x30a2,0x2881,0x28a1,0x1860,0x2081,0x1861,0x1040,0x1040,0x18a2,0x20e3,0x2923,0x28e2,0x20a1,0x30c2,0x4984,0x3102,0x1860,0x1861,0x28e2,0x1861,0x0840,0x1840,0x5141,0x3922,0x0020,0x0841,0x1082,0x1082,0x1082,0x18c3,0x2124,0x39e7,0x0841,0x0840,
0x2965,0x5acb,0x39e7,0x0861,0x0861,0x0020,0x0841,0x1881,0x0861,0x4962,0x81c2,0x2122,0x4143,0x30c2,0x2923,0xd282,0x6a43,0xfe80,0x7802,0x5943,0x4123,0x20c2,0x1861,0x1020,0x1841,0x28c2,0x20a2,0x28a2,0x2020,0x2040,0x30c2,0x28a2,0x5082,0xffe0,0xfe40,0x3802,0x40e2,0x30c2,0x2081,0x1820,0x1840,0x20a2,0x20a2,0x20a1,0x2903,0x20c3,0x20a2,0x28c2,0x30e2,0x28a1,0x3902,0x3944,0x20a1,0x28c2,0x28e2,0x0840,0x0000,0x2081,0x4922,0x28e2,0x0020,0x0841,0x1082,0x1082,0x1082,0x18c3,0x2124,0x39e7,0x0841,0x0840,
0x2986,0x5acb,0x39e7,0x0861,0x0861,0x0020,0x0841,0x1881,0x0881,0x20c1,0xa980,0x3921,0x51c5,0x4143,0x58c2,0x7123,0xf6a0,0xa0c2,0x08e3,0x5984,0x38a1,0x0800,0x20a2,0x2082,0x20a2,0x1840,0x1020,0x2081,0x28a1,0x28a1,0x30a1,0x1862,0x7801,0xd420,0xf4c0,0x3002,0x2081,0x2861,0x30c2,0x28a1,0x30e3,0x3103,0x28c2,0x20c2,0x3144,0x1882,0x0820,0x0820,0x28c2,0x3943,0x20a1,0x4163,0x28e3,0x1860,0x20c2,0x1061,0x0841,0x1820,0x5100,0x18a1,0x0020,0x0841,0x1082,0x1082,0x1082,0x18c3,0x2124,0x39e7,0x0861,0x0840,
0x2966,0x5acb,0x39e7,0x0861,0x0861,0x0020,0x0841,0x1881,0x0081,0xaa83,0x9980,0x3942,0x5184,0x4923,0x4044,0xf601,0xff20,0x3843,0x4943,0x30e2,0x30a1,0x28c2,0x28c2,0x1861,0x1881,0x2061,0x1840,0x2081,0x2081,0x2881,0x30a2,0x2082,0x7022,0xfdc0,0xfca0,0x4002,0x4903,0x4144,0x3103,0x28c2,0x28a2,0x20a1,0x1020,0x20c2,0x20c2,0x1061,0x18a2,0x28c2,0x20a1,0x28a1,0x3103,0x3923,0x4984,0x3103,0x1061,0x1061,0x0840,0x2040,0x6161,0x4142,0x0020,0x0841,0x1082,0x1082,0x1082,0x18c3,0x2124,0x39e7,0x0861,0x0840,
0x2965,0x5acb,0x39e7,0x0861,0x0861,0x0020,0x0841,0x1881,0x0861,0x5182,0x81a2,0x2963,0x5943,0x6063,0x51a4,0xf4e0,0x9922,0x38a2,0x2061,0x28a1,0x30c2,0x28c2,0x3103,0x2082,0x1841,0x28c2,0x28a2,0x28c2,0x1820,0x2020,0x30c2,0x1082,0x4862,0xffe0,0xfe60,0x9844,0x4102,0x38e2,0x2861,0x1820,0x1861,0x28a2,0x2081,0x3944,0x1881,0x20c2,0x3123,0x20a1,0x30e2,0x1860,0x2081,0x3943,0x4143,0x3943,0x0020,0x1061,0x0000,0x30c1,0x5962,0x3102,0x0020,0x0841,0x1082,0x1082,0x1082,0x18c3,0x2124,0x39c7,0x0861,0x0820,
0x2986,0x5acb,0x39c7,0x0861,0x0861,0x0020,0x0841,0x1881,0x0881,0x4101,0xb160,0x3962,0x5143,0x6044,0xffe0,0xff00,0x2004,0x3923,0x30c1,0x3922,0x1840,0x1000,0x20c2,0x28c2,0x3123,0x2081,0x1820,0x2061,0x2881,0x2881,0x20a2,0x68a2,0xfaa0,0xcce0,0xfd00,0x2801,0x2061,0x2860,0x30c2,0x2061,0x28a1,0x1020,0x1841,0x3123,0x3103,0x2903,0x1041,0x1020,0x2081,0x30e2,0x28c1,0x3943,0x28c2,0x3102,0x20a2,0x18a2,0x0861,0x3060,0x6120,0x20e2,0x0021,0x0041,0x0861,0x1082,0x1082,0x18c2,0x2104,0x39c7,0x1081,0x0000,
0x2965,0x5acb,0x39e7,0x0861,0x0861,0x0020,0x0841,0x1881,0x0061,0xaa63,0xa180,0x4962,0x0003,0x9262,0xfda0,0x50e3,0x2083,0x38e2,0x2881,0x3902,0x2081,0x1841,0x20c2,0x1041,0x2081,0x28c2,0x28e3,0x30e3,0x2881,0x30a2,0x5144,0x50c2,0x5001,0xfe00,0xfd40,0x2801,0x2881,0x2880,0x30a1,0x2881,0x30c2,0x30e2,0x3903,0x3103,0x1020,0x1882,0x20a2,0x1861,0x28c1,0x30c1,0x28c1,0x3923,0x28c1,0x28a1,0x28e3,0x18a2,0x0040,0x3860,0x7181,0x4182,0x0020,0x0041,0x0882,0x1082,0x1082,0x18c3,0x2124,0x39c7,0x0882,0x0000,
0x2965,0x5acb,0x39c7,0x0861,0x0861,0x0020,0x0840,0x1081,0x0861,0x59a2,0x81a2,0x3943,0x3803,0xffe0,0xcc22,0x2004,0x4963,0x2881,0x2060,0x30c1,0x3903,0x28c2,0x2082,0x1000,0x1840,0x30e2,0x20a2,0x3903,0x38c2,0x30c3,0x4124,0x2104,0x7923,0xffe0,0xfe00,0x6802,0x6943,0x4123,0x3923,0x30e3,0x30c2,0x30e2,0x3103,0x20a2,0x1020,0x1061,0x2903,0x30e2,0x4143,0x28a1,0x2081,0x3102,0x3943,0x1881,0x3123,0x18a2,0x0000,0x40e1,0x5962,0x3102,0x0020,0x0841,0x1082,0x1082,0x1082,0x18c3,0x2124,0x39c7,0x0882,0x0000,
0x2965,0x52cb,0x39c7,0x0861,0x0861,0x0020,0x0040,0x1081,0x0081,0x5121,0xb160,0x3924,0x69e3,0xfe80,0x3863,0x2082,0x38c2,0x3923,0x30c2,0x4123,0x1840,0x1020,0x28e3,0x2081,0x28a2,0x0861,0x38a2,0x4903,0x30a1,0x28a1,0x30a2,0x2082,0x9062,0xe4e0,0xfd60,0x5802,0x38c2,0x38a2,0x38e2,0x2881,0x28a2,0x2061,0x3123,0x20a2,0x1881,0x20c2,0x1882,0x1841,0x28a1,0x3922,0x3102,0x4163,0x28e2,0x0000,0x3102,0x20c2,0x0841,0x4060,0x6120,0x3122,0x0020,0x0040,0x0861,0x1082,0x1082,0x18c2,0x2104,0x39c7,0x1082,0x0000,
0x2965,0x52cb,0x39c7,0x0861,0x0861,0x0020,0x0040,0x1081,0x0081,0xb243,0x9981,0x0024,0xfd61,0xd482,0x0824,0x18e3,0x3103,0x2903,0x20a2,0x3923,0x1082,0x0062,0x2903,0x0062,0x00a2,0x8123,0x48c2,0x20a2,0x2081,0x2882,0x38e2,0x18a2,0x6802,0xfe20,0xfd40,0x3002,0x30c2,0x30a2,0x30c2,0x2082,0x20a2,0x30e3,0x3124,0x18a2,0x1882,0x20c3,0x28e3,0x10a2,0x28e2,0x3103,0x28c2,0x4984,0x18a2,0x0000,0x28a1,0x2903,0x0841,0x3880,0x71a1,0x4982,0x0000,0x0040,0x0861,0x1081,0x1082,0x18c2,0x2104,0x39c7,0x0882,0x0000,
0x2965,0x52cb,0x39c7,0x0861,0x0861,0x0020,0x0020,0x1081,0x0861,0x69c2,0x7182,0x3103,0xfe80,0x50a2,0x5064,0x5864,0x58a4,0x3822,0x4002,0x3842,0x5043,0x4003,0x1803,0x2802,0xd8c2,0x4003,0x2803,0x3043,0x3002,0x3802,0x3823,0x3803,0x5802,0xffe0,0xfe60,0x3803,0x4803,0x4003,0x3822,0x3002,0x3002,0x4163,0x3003,0x2003,0x1803,0x1004,0x2845,0x3804,0x4884,0x1802,0x0062,0x61a5,0x18a1,0x1081,0x2060,0x3103,0x0841,0x40e1,0x5962,0x3922,0x0020,0x0040,0x0861,0x1081,0x1082,0x18c2,0x2104,0x39c7,0x0882,0x0000,
0x2965,0x52cb,0x31c7,0x0861,0x0861,0x0020,0x0820,0x1081,0x08a1,0x5941,0x8141,0x4203,0xf4e1,0xab61,0xfea0,0xff20,0xfe40,0xeba0,0xfde0,0xe380,0xfde0,0xfda0,0xd320,0xfde0,0xdb60,0xfce0,0xfd20,0xfc60,0xfbe0,0xfba0,0xf440,0xfd00,0xfd00,0xd480,0xfe60,0xc240,0xfd20,0xfce0,0xca80,0xfc40,0xf360,0x38e3,0xfca0,0xebc0,0xfb00,0xeae0,0xfbe0,0xfba0,0xfc00,0xf300,0xf300,0xf300,0xf300,0xf300,0xf300,0x28e2,0x18c2,0x4880,0x5900,0x3102,0x0040,0x0040,0x0861,0x1082,0x1082,0x18c2,0x2104,0x39c7,0x0882,0x0000,
0x2965,0x52cb,0x39c7,0x0861,0x0861,0x0020,0x0040,0x1081,0x0081,0xb243,0x8981,0x3163,0x6001,0xfd80,0xfd60,0xffe0,0xfe60,0xfce0,0xffc0,0xfc60,0xff60,0xffa0,0xf440,0xff60,0xfd40,0xfe80,0xffe0,0xfd20,0xff00,0xfec0,0xf4e0,0xffe0,0xfee0,0xe540,0xffe0,0xe440,0xffe0,0xffe0,0xf4e0,0xffe0,0xdd01,0x7182,0xffe0,0xf520,0xffc0,0xfec0,0xfe00,0xffe0,0xff00,0xfee0,0xfcc0,0xfee0,0xfee0,0xfee0,0xfee0,0xfee0,0x20e3,0x40a0,0x71a1,0x49a2,0x0000,0x0041,0x0861,0x1081,0x1082,0x18c3,0x2104,0x39c7,0x0882,0x0001,
0x2965,0x52cb,0x39c7,0x0861,0x0861,0x0020,0x0840,0x1081,0x0861,0x71e3,0x79a2,0x3942,0x00a2,0x7081,0x9122,0x5003,0x60a3,0x6022,0x6802,0x5862,0x5022,0xc101,0x6042,0x7001,0x8001,0x5063,0x5843,0x6862,0xa001,0xa821,0x78a2,0x5803,0x7842,0xffe0,0xff00,0xa001,0x7862,0x6883,0xa0e1,0xb841,0x8102,0x5963,0x7062,0x8882,0xa841,0xb082,0x68a3,0x6883,0x68a2,0xc0e0,0xa942,0xb082,0x18a1,0x18a1,0xb082,0x2081,0x2924,0x40e1,0x5982,0x3942,0x0020,0x0841,0x1082,0x1081,0x1082,0x18c3,0x2124,0x39c7,0x0862,0x0840,
0x2965,0x52cb,0x39c7,0x0861,0x0861,0x0020,0x0840,0x1061,0x10a1,0x6141,0x8981,0x3963,0x3923,0x2902,0x9982,0x0082,0x20e3,0x3944,0x10c3,0x2144,0xd162,0x1861,0x0904,0x00a3,0x18e3,0x1082,0x0842,0x18a3,0x10a3,0x10a3,0x28c3,0x1063,0x7802,0xecc0,0xfcc0,0x2803,0x28a3,0x2883,0x28e3,0x0883,0x3923,0x1062,0x0042,0x10c3,0x00a3,0x10e5,0x08c4,0x0062,0x0082,0x5184,0xb082,0xb082,0xb082,0xb082,0x20a2,0x20a2,0x2923,0x5080,0x5900,0x3922,0x0041,0x0041,0x0881,0x1081,0x1082,0x18c3,0x2124,0x39c7,0x1082,0x0820,
0x2965,0x5acb,0x39c7,0x0861,0x0861,0x0020,0x0040,0x1081,0x0061,0xba83,0x91a2,0x4184,0x30e2,0x08a1,0x8982,0x18a1,0x3102,0x3902,0x18a1,0x7984,0x40e2,0x0041,0x28e3,0x2061,0x28a2,0x28a2,0x2061,0x30c2,0x3081,0x30a2,0x40e2,0x2082,0x7822,0xfe20,0xfd20,0x4802,0x40c2,0x40c2,0x38e2,0x30a2,0x3103,0x28a2,0x2061,0x28c2,0x2081,0x28e3,0x28e3,0x1881,0x20c2,0x7a06,0x0041,0x20a2,0x0820,0x1861,0x1881,0x2081,0x2103,0x50a0,0x79a1,0x49a2,0x0000,0x0041,0x0881,0x0882,0x1082,0x18c2,0x2104,0x39c7,0x10a2,0x0000,
0x2986,0x5acb,0x39c7,0x0861,0x0861,0x0020,0x0040,0x1061,0x0061,0x7a23,0x79c3,0x3943,0x28a1,0x0840,0x5984,0x4143,0x4163,0x2060,0x38a1,0x5963,0x2922,0x28e2,0x20a2,0x1020,0x1841,0x3923,0x30e3,0x3903,0x2040,0x2860,0x4103,0x28c3,0x60c2,0xffe0,0xfd80,0x4002,0x5122,0x4902,0x30a1,0x38c2,0x30e3,0x30e3,0x30c2,0x28c2,0x1040,0x1861,0x3924,0x3102,0x71e5,0x59a4,0x0000,0x1061,0x18a2,0x20e2,0x0820,0x2081,0x3144,0x38e1,0x6182,0x3122,0x0000,0x0841,0x1082,0x1081,0x1082,0x18c2,0x2104,0x39c7,0x1082,0x0000,
0x2986,0x5acb,0x39c7,0x0861,0x0861,0x0020,0x0040,0x1061,0x10c1,0x6141,0x8161,0x41a4,0x3902,0x28c1,0x4922,0x38c1,0x20a1,0x4123,0x5163,0x4963,0x0820,0x1020,0x28e2,0x2081,0x28c2,0x1861,0x1820,0x28a1,0x30a1,0x30a2,0x38c2,0x1841,0x8001,0xf4e0,0xfd20,0x4002,0x3081,0x3061,0x4102,0x3923,0x30e3,0x1840,0x1020,0x20a1,0x2081,0x28c2,0x20a2,0x0020,0x6a05,0x3923,0x1061,0x18a2,0x0820,0x1061,0x1881,0x20c2,0x3144,0x4080,0x6100,0x4122,0x0020,0x0841,0x1082,0x1081,0x1082,0x18c2,0x2104,0x39c7,0x10a2,0x0000,
0x2966,0x5acb,0x39e7,0x0861,0x0861,0x0020,0x0840,0x1061,0x0041,0xbaa3,0x99c1,0x39a4,0x30e1,0x20a1,0x3922,0x4922,0x28a1,0x51a4,0x30e2,0x3902,0x2061,0x1040,0x28e2,0x1861,0x20a1,0x2081,0x2041,0x30c2,0x2881,0x30a1,0x38e2,0x2062,0x7801,0xfe20,0xfd60,0x4002,0x38a2,0x3881,0x4102,0x2903,0x28a2,0x2081,0x1840,0x28a2,0x1861,0x20a2,0x20a2,0x28a2,0x59e5,0x2061,0x1040,0x18a2,0x1881,0x0840,0x1061,0x20c2,0x2924,0x48a0,0x79c1,0x49a2,0x0000,0x0041,0x0882,0x1081,0x1082,0x10c2,0x2104,0x39c7,0x1082,0x0000,
0x2965,0x5acb,0x39c7,0x0861,0x0861,0x0020,0x0840,0x1081,0x0861,0x8263,0x79c2,0x4183,0x30c1,0x1040,0x4143,0x51a4,0x51a4,0x4102,0x2040,0x30c1,0x3923,0x28e2,0x20a2,0x1020,0x1841,0x3923,0x30e2,0x3903,0x2040,0x2840,0x4103,0x30e3,0x68e2,0xffe0,0xfd80,0x4002,0x5922,0x4902,0x3903,0x20c2,0x2060,0x3103,0x28c2,0x28c2,0x1020,0x1041,0x3944,0x59c5,0x59c4,0x0820,0x0000,0x1061,0x2923,0x1881,0x0840,0x3123,0x2924,0x4101,0x61a2,0x3942,0x0000,0x0041,0x0882,0x0882,0x1082,0x18c2,0x2104,0x39c7,0x10a2,0x0000,
0x2986,0x5acb,0x39e7,0x0861,0x0861,0x0020,0x0840,0x1061,0x18a1,0x5961,0x8960,0x5183,0x3922,0x28c1,0x28c1,0x28a1,0x4984,0x4143,0x28a1,0x3923,0x1020,0x1020,0x28e2,0x1881,0x28c2,0x1861,0x1820,0x28a2,0x30a1,0x30c2,0x38c2,0x1861,0x8001,0xf500,0xfd20,0x4002,0x3081,0x3061,0x4143,0x28a2,0x30c2,0x1840,0x1020,0x20a1,0x2081,0x20c2,0x3924,0x2903,0x2081,0x30e2,0x0840,0x2903,0x1061,0x0000,0x20a1,0x3964,0x2103,0x40a0,0x6120,0x4142,0x0040,0x0041,0x1082,0x1082,0x1082,0x18c3,0x18e3,0x39c7,0x10a2,0x0000,
0x2986,0x5acb,0x39e7,0x0861,0x0861,0x0020,0x0841,0x1061,0x0021,0xbae3,0x99a0,0x5183,0x3922,0x28a1,0x28c1,0x28a1,0x4983,0x3902,0x2881,0x3902,0x1860,0x1040,0x20c2,0x1841,0x20a2,0x2081,0x1840,0x28c2,0x2881,0x30a1,0x38e2,0x2082,0x7802,0xfe40,0xfd60,0x4002,0x38a2,0x38a1,0x4123,0x2061,0x28c2,0x2081,0x1840,0x20a2,0x1861,0x2081,0x49e6,0x1860,0x28c1,0x2081,0x0820,0x2923,0x0020,0x0000,0x20a2,0x3964,0x10a2,0x40a0,0x79c1,0x49c2,0x0000,0x0041,0x0882,0x1081,0x0882,0x18c3,0x2104,0x39c7,0x10a2,0x0000,
0x2986,0x5acb,0x39e7,0x0861,0x0861,0x0020,0x0841,0x1061,0x0021,0x8a84,0x81e2,0x3143,0x4984,0x1860,0x3943,0x49a4,0x51a4,0x2061,0x2040,0x30c1,0x3903,0x20c2,0x2081,0x1020,0x1041,0x3123,0x30e2,0x3923,0x2040,0x2840,0x4103,0x3903,0x6903,0xffe0,0xfda0,0x4802,0x5123,0x4943,0x3103,0x1820,0x2061,0x3923,0x28e2,0x28e3,0x0800,0x3103,0x49e6,0x3102,0x4984,0x0020,0x0820,0x2923,0x18a1,0x1881,0x2903,0x3164,0x0000,0x5142,0x71e3,0x3942,0x0000,0x0041,0x0882,0x0882,0x0882,0x18c3,0x2104,0x39c7,0x10a2,0x0000,
0x2986,0x5acb,0x39c7,0x0861,0x0861,0x0020,0x0840,0x1061,0x10a1,0x6982,0x7940,0x3122,0x49c5,0x3922,0x3102,0x28e2,0x28c1,0x4963,0x28a1,0x3922,0x1040,0x0820,0x28e2,0x1881,0x28c2,0x1861,0x1020,0x28a2,0x28a1,0x30c2,0x38e2,0x1082,0x7801,0xfd20,0xfd60,0x4822,0x2881,0x30e2,0x4143,0x2881,0x30e2,0x1841,0x1020,0x20a2,0x28c2,0x41c6,0x1862,0x0820,0x2081,0x18a1,0x20c2,0x28e3,0x0000,0x0820,0x3943,0x2903,0x0861,0x3080,0x6120,0x4122,0x0000,0x0041,0x0881,0x0882,0x1082,0x18c2,0x2104,0x39c7,0x10a2,0x0000,
0x2966,0x52cb,0x39e7,0x0861,0x0861,0x0020,0x0840,0x1081,0x0041,0xc2c3,0x91a0,0x3122,0x4184,0x4984,0x4143,0x2080,0x28c1,0x4984,0x28c1,0x3902,0x1860,0x1040,0x20c2,0x1861,0x20a2,0x2081,0x1840,0x28a2,0x2881,0x28a1,0x38e2,0x2082,0x7002,0xfe20,0xfda0,0x4802,0x38c2,0x4123,0x4103,0x2060,0x28c2,0x2081,0x1020,0x28c2,0x3944,0x28e3,0x20e3,0x1020,0x2081,0x20a2,0x2903,0x18a2,0x0000,0x2881,0x3143,0x0841,0x0841,0x1860,0x79c1,0x51e2,0x0000,0x0841,0x1082,0x1082,0x1082,0x18c3,0x2104,0x39c7,0x10a2,0x0820,
0x2965,0x52cb,0x39e8,0x0861,0x0861,0x0020,0x0840,0x1881,0x0841,0x92a4,0x8203,0x2902,0x3102,0x49a4,0x49a4,0x3102,0x4143,0x30c1,0x30e2,0x28c1,0x3102,0x20c2,0x2081,0x1020,0x1041,0x3123,0x28e2,0x3103,0x1840,0x2040,0x4123,0x3903,0x60e3,0xffe0,0xfde0,0x4802,0x5943,0x5164,0x30a1,0x1020,0x2061,0x3944,0x28e2,0x4184,0x20c2,0x1040,0x3985,0x3123,0x4163,0x20c2,0x0820,0x1061,0x28e2,0x3123,0x3143,0x0000,0x0000,0x5162,0x71e3,0x4163,0x0021,0x0841,0x1082,0x1082,0x1082,0x18c3,0x2104,0x39c7,0x10a2,0x0820,
0x2965,0x52cb,0x39c7,0x0861,0x0861,0x0020,0x0840,0x1081,0x10c2,0x6982,0x7960,0x4922,0x28e2,0x49c4,0x4163,0x1060,0x28a1,0x3902,0x3943,0x4143,0x0820,0x0820,0x28e2,0x1861,0x20c2,0x1861,0x1020,0x28a1,0x28a2,0x30c2,0x38e2,0x1882,0x6802,0xfd00,0xfd80,0x4823,0x38e2,0x30a1,0x4123,0x2081,0x30e2,0x1841,0x1020,0x4184,0x1881,0x28e3,0x20c2,0x0800,0x1881,0x3123,0x0840,0x20c2,0x20c2,0x3164,0x20e2,0x0820,0x0861,0x40a0,0x6120,0x4142,0x0041,0x0040,0x1082,0x1082,0x1082,0x18c3,0x2104,0x39c7,0x10a2,0x0820,
0x2965,0x52cb,0x39e7,0x0861,0x0861,0x0020,0x0840,0x1881,0x0861,0xaaa3,0x99c1,0x4142,0x1881,0x3923,0x51c4,0x28c1,0x28a1,0x30e2,0x28a1,0x4163,0x1020,0x1040,0x20c2,0x1061,0x20a2,0x2081,0x1820,0x28c2,0x2081,0x28a1,0x3902,0x20a2,0x6002,0xfe00,0xfdc0,0x4802,0x4903,0x30a1,0x4102,0x1861,0x28c2,0x1861,0x3103,0x3103,0x1861,0x20c2,0x28e3,0x0820,0x3943,0x1881,0x0820,0x3123,0x3164,0x2923,0x1881,0x0020,0x0861,0x3080,0x79c1,0x51c3,0x0000,0x0041,0x1082,0x1082,0x1082,0x18c3,0x2104,0x39e7,0x10a2,0x0820,
0x2986,0x5acb,0x39e7,0x1062,0x0861,0x0020,0x0840,0x1881,0x0841,0x9ac4,0x8203,0x20e2,0x1860,0x28c1,0x4984,0x51a4,0x4163,0x1840,0x1840,0x3123,0x3923,0x20c2,0x1881,0x0820,0x1041,0x3123,0x28e2,0x3123,0x1840,0x1840,0x3903,0x3103,0x58a3,0xffe0,0xfe20,0x4802,0x5963,0x5143,0x30a2,0x1000,0x1040,0x49c5,0x3964,0x3123,0x0800,0x0820,0x3985,0x4184,0x49c5,0x0000,0x0000,0x3123,0x3964,0x20e2,0x0820,0x0000,0x0000,0x4162,0x71e3,0x4163,0x0021,0x0041,0x0882,0x1082,0x1082,0x18c3,0x2104,0x39e7,0x10c2,0x0000,
0x2986,0x5acb,0x39e7,0x0861,0x0861,0x0020,0x0840,0x1081,0x18c2,0x71a2,0x7961,0x4942,0x28e2,0x3923,0x28e2,0x3943,0x49a4,0x3902,0x20a1,0x3922,0x20c2,0x0820,0x20c2,0x1861,0x20a2,0x1861,0x1020,0x20a2,0x28a1,0x28a2,0x30c2,0x1862,0x5802,0xf4e0,0xfd40,0x5842,0x20c2,0x2061,0x4123,0x2061,0x3923,0x2924,0x0800,0x20c2,0x20a1,0x28e3,0x2923,0x28e2,0x0840,0x18a2,0x30e2,0x3985,0x0861,0x0000,0x18a2,0x0840,0x0861,0x38a0,0x5920,0x3942,0x0041,0x0040,0x0861,0x1082,0x1082,0x18c2,0x18e3,0x39c7,0x10c2,0x0000,
0x2986,0x5acb,0x39e7,0x0861,0x0861,0x0020,0x0040,0x1881,0x0882,0x9a83,0x9181,0x3922,0x28e2,0x3102,0x28c1,0x20a1,0x4184,0x4984,0x20a1,0x30e2,0x1881,0x18a2,0x20a2,0x1041,0x20a2,0x1881,0x1020,0x20a2,0x2081,0x2081,0x38e2,0x2082,0x5002,0xfde0,0xfde0,0x5022,0x28c2,0x2881,0x3902,0x2081,0x3964,0x1861,0x1020,0x28c2,0x1861,0x20c2,0x41a6,0x0820,0x0840,0x3123,0x3144,0x3144,0x0000,0x0000,0x18a1,0x0020,0x0861,0x2880,0x79c1,0x51c3,0x0000,0x0040,0x0861,0x1082,0x1082,0x18c2,0x2103,0x39c7,0x10c3,0x0000,
0x2966,0x52cb,0x39c7,0x0861,0x0861,0x0020,0x0040,0x1881,0x0041,0xa2a4,0x7a03,0x20e2,0x28c1,0x1881,0x3922,0x3902,0x4163,0x3964,0x3923,0x20a1,0x28c2,0x20e2,0x20c2,0x0800,0x1040,0x3103,0x28e2,0x3103,0x1020,0x1840,0x3903,0x3103,0x5083,0xffe0,0xfe80,0x2802,0x5143,0x4943,0x30c2,0x20c2,0x1881,0x3964,0x3103,0x3123,0x0820,0x2924,0x39a5,0x2902,0x4184,0x3164,0x1082,0x1061,0x20c2,0x20c2,0x0841,0x0000,0x0000,0x4162,0x71e3,0x3942,0x0020,0x0040,0x0861,0x1081,0x1082,0x18c2,0x18e3,0x39c7,0x10c3,0x0000,
0x2966,0x52ab,0x39c7,0x0861,0x0861,0x0020,0x0840,0x1081,0x10a1,0x69a2,0x7161,0x4122,0x3123,0x28e2,0x28c1,0x1060,0x20a1,0x3943,0x4164,0x4984,0x0820,0x0000,0x2903,0x20a2,0x1881,0x1040,0x0820,0x2081,0x2081,0x2081,0x28c2,0x1062,0x4002,0xfd40,0xdce0,0x3043,0x2882,0x2061,0x4984,0x20c2,0x28e2,0x1041,0x0800,0x20a1,0x3123,0x2944,0x28e3,0x3103,0x2944,0x3144,0x3144,0x3144,0x3144,0x3144,0x18a1,0x0840,0x1061,0x30a0,0x5940,0x3122,0x0020,0x0040,0x0881,0x1082,0x1082,0x18c2,0x20e3,0x39c7,0x10c3,0x0000,
0x2986,0x52ab,0x39e7,0x0881,0x0861,0x0020,0x0840,0x1081,0x0882,0x9284,0x8181,0x3922,0x3943,0x28c1,0x28c1,0x1060,0x20a1,0x30e2,0x1881,0x4163,0x3103,0x1041,0x1881,0x18a2,0x28e2,0x1840,0x1020,0x20a1,0x1861,0x1881,0x28c2,0x1881,0x4002,0xfe00,0x7181,0x4083,0x2082,0x38e2,0x4143,0x0820,0x20c2,0x1061,0x0820,0x3123,0x18a1,0x28e3,0x41c6,0x2924,0x18c2,0x1081,0x41c6,0x41c6,0x41c6,0x41c6,0x41c6,0x41c6,0x0861,0x2060,0x71a1,0x49c2,0x0000,0x0841,0x0882,0x1082,0x1082,0x18c3,0x2104,0x39c7,0x10c2,0x0000,
0x2965,0x52cb,0x39e7,0x1061,0x0861,0x0020,0x0840,0x1881,0x0041,0x9aa4,0x71e3,0x2922,0x3102,0x1040,0x3922,0x3102,0x3943,0x1860,0x1040,0x20a1,0x3123,0x2903,0x20c2,0x0820,0x1061,0x3123,0x28c2,0x28e2,0x0820,0x0820,0x28c2,0x28c2,0x50a2,0xfe40,0x4861,0x78e2,0x5144,0x4943,0x1881,0x0800,0x0820,0x3964,0x3943,0x3943,0x28e3,0x3165,0x41e6,0x20e2,0x2903,0x0000,0x0000,0x1061,0x20c2,0x18c2,0x0841,0x0000,0x0000,0x3942,0x69e3,0x3122,0x0020,0x0041,0x0881,0x1081,0x1082,0x18c3,0x2104,0x39c7,0x10c3,0x0000,
0x2965,0x52ab,0x39e7,0x1061,0x0861,0x0020,0x0841,0x1081,0x0881,0x5982,0x7161,0x4143,0x3923,0x28c1,0x28c1,0x1060,0x20a1,0x3102,0x2081,0x28e2,0x0820,0x0020,0x2103,0x2903,0x20c2,0x1881,0x1881,0x20a2,0x1861,0x1861,0x2081,0x0041,0x4842,0xc361,0x9221,0x99e3,0x20c3,0x1020,0x30e2,0x1061,0x3923,0x28e2,0x28c2,0x3144,0x3144,0x2923,0x18a2,0x0000,0x0840,0x1081,0x0841,0x20c2,0x0000,0x0000,0x18a1,0x0840,0x1061,0x28a1,0x6140,0x2902,0x0041,0x0040,0x0881,0x0881,0x0882,0x18c3,0x2104,0x39c7,0x10c3,0x0000,
0x2985,0x52aa,0x39e7,0x1062,0x0861,0x0020,0x0841,0x1081,0x0882,0xaaa4,0x6941,0x3922,0x3943,0x28c1,0x28c1,0x1040,0x1881,0x28e2,0x2081,0x30e2,0x0820,0x0800,0x1081,0x0861,0x20c2,0x20e3,0x20c2,0x20c2,0x28e2,0x28c2,0x20a1,0x0841,0x48a1,0x7081,0xe4c0,0x8942,0x0041,0x2061,0x4123,0x3923,0x3943,0x3124,0x18c2,0x20e2,0x1061,0x18a2,0x18c2,0x0000,0x0840,0x18a2,0x1061,0x20e2,0x0000,0x0000,0x18a1,0x0841,0x1061,0x1860,0x71c1,0x51c3,0x0021,0x0040,0x0861,0x0881,0x0882,0x18c3,0x2104,0x31c7,0x18c3,0x0000,
0x3186,0x52aa,0x39c7,0x0881,0x0861,0x0020,0x0841,0x1081,0x0841,0x92a4,0x69a2,0x20e2,0x28e2,0x3102,0x4984,0x4143,0x4163,0x28e2,0x28c1,0x28e2,0x30e2,0x20c2,0x18a2,0x0841,0x1061,0x2903,0x28e2,0x2903,0x18c2,0x28c2,0x3903,0x5102,0x6122,0x2821,0xbb80,0x7021,0x6942,0x6143,0x3103,0x10c2,0x18c2,0x3964,0x3103,0x3144,0x18c2,0x2924,0x39c5,0x2944,0x3164,0x2103,0x20e3,0x2923,0x2923,0x2903,0x2102,0x20c2,0x0841,0x2902,0x69e3,0x3143,0x0021,0x0040,0x0861,0x0881,0x0882,0x18c3,0x20e4,0x31c7,0x18c3,0x0000,
0x2985,0x52aa,0x39c7,0x1082,0x0861,0x0020,0x0840,0x1081,0x0861,0x3901,0x6961,0x3902,0x2081,0x28c1,0x28c2,0x0840,0x20a1,0x3102,0x20a1,0x28e2,0x0020,0x0000,0x18a2,0x0841,0x1081,0x0820,0x0000,0x1061,0x1041,0x1061,0x1061,0x0000,0x0841,0xe504,0xcc85,0xbca4,0x0001,0x0000,0x28c2,0x0840,0x18a1,0x0820,0x0000,0x1881,0x1081,0x18c2,0x18c2,0x0000,0x0020,0x18a2,0x0861,0x20c2,0x0000,0x0000,0x18a1,0x0840,0x0861,0x2080,0x6161,0x18a2,0x0041,0x0040,0x0861,0x0881,0x0881,0x18a3,0x18e3,0x31a6,0x18c3,0x0000,
0x2986,0x52aa,0x39e7,0x0861,0x0861,0x0020,0x0841,0x1081,0x0861,0xd344,0x6921,0x20e2,0x20a1,0x28c1,0x28a1,0x1020,0x1881,0x28e2,0x1881,0x28e2,0x0020,0x0000,0x1081,0x0840,0x1061,0x0820,0x0000,0x1041,0x0840,0x0840,0x0041,0x0000,0xfda4,0xe4a4,0x8242,0xfce4,0xfd64,0x0000,0x20a2,0x0820,0x1881,0x0840,0x0000,0x18a1,0x1061,0x10a2,0x10a2,0x0000,0x0840,0x10a1,0x0861,0x18c2,0x0000,0x0000,0x18a1,0x0840,0x0861,0x1840,0x8a21,0x6264,0x0000,0x0040,0x0861,0x1081,0x0881,0x10a2,0x18e3,0x31a6,0x18c3,0x0000,
0x2986,0x52aa,0x39e7,0x0861,0x0861,0x0020,0x0040,0x1081,0x0021,0xab05,0x71a2,0x18a1,0x0820,0x0820,0x3102,0x28c1,0x3102,0x1040,0x0800,0x1861,0x18a1,0x1081,0x0841,0x0000,0x0000,0x18c2,0x1081,0x1881,0x0000,0x0000,0x0001,0xc383,0xec24,0x0000,0x0800,0x0000,0xdc45,0xa365,0x0000,0x0000,0x0020,0x2903,0x20c2,0x20e2,0x0000,0x0000,0x2923,0x18c2,0x2103,0x0000,0x0000,0x0861,0x18a2,0x18a1,0x0840,0x0000,0x0000,0x30e1,0x7202,0x3183,0x0000,0x0020,0x0861,0x0861,0x0861,0x10a2,0x18e3,0x31a6,0x18c3,0x0000,
0x2966,0x52aa,0x39e7,0x0861,0x0861,0x0020,0x0040,0x1081,0x0021,0xa2e5,0x8203,0x3963,0x2081,0x28c2,0x4184,0x2061,0x3103,0x4143,0x2081,0x4184,0x1081,0x1061,0x3144,0x1061,0x20e2,0x18c2,0x1061,0x2103,0x1882,0x1082,0x0842,0xece5,0xa344,0x0000,0x1040,0x0000,0xbbe5,0xb446,0x1083,0x1882,0x3123,0x2103,0x1061,0x3185,0x1882,0x2903,0x31a6,0x1041,0x20e3,0x20e3,0x1041,0x3164,0x0841,0x1061,0x2903,0x0800,0x1061,0x20c2,0x8a24,0x3943,0x0020,0x0020,0x0861,0x1061,0x0861,0x10a2,0x18e3,0x31a6,0x18c3,0x0000,
0x2965,0x528a,0x39c7,0x0861,0x0861,0x0020,0x0020,0x1061,0x1061,0x51e5,0x39a5,0x5247,0x6aa8,0x6288,0x6287,0x6ac8,0x6aa8,0x6ac8,0x6ae8,0x6288,0x4a26,0x39c6,0x39e7,0x4228,0x4206,0x41c6,0x41e6,0x39a5,0x39a5,0x3184,0x10e4,0xb405,0xf527,0x0000,0x0000,0x0000,0xd4c7,0x6aa6,0x41e7,0x5267,0x5267,0x5288,0x5aa8,0x5288,0x52c8,0x52ea,0x4aca,0x4aa9,0x4a67,0x4247,0x4267,0x4247,0x4227,0x4227,0x4227,0x4227,0x4227,0x39e6,0x3a07,0x3185,0x0020,0x0020,0x0861,0x1061,0x0861,0x10a2,0x18e3,0x3186,0x18c3,0x0000,
0x2965,0x528a,0x39c7,0x1061,0x0841,0x0020,0x0020,0x1061,0x1061,0x41c5,0x41c5,0x5226,0x5a47,0x5a47,0x5a47,0x6267,0x6287,0x6287,0x6287,0x5a67,0x4206,0x39c6,0x39e7,0x4207,0x39e6,0x39c6,0x39c5,0x39a5,0x39a5,0x3184,0x3164,0x0843,0xd466,0xdc25,0x8243,0xbbe5,0x9346,0x2166,0x4a06,0x4a27,0x4a47,0x5247,0x5267,0x5267,0x5288,0x52a9,0x52c9,0x4a89,0x4a67,0x4a47,0x4a47,0x4a47,0x4a47,0x4a47,0x4a47,0x4a47,0x39e6,0x3a06,0x4a67,0x39a5,0x0020,0x0020,0x0861,0x1081,0x0861,0x10a2,0x18c3,0x3186,0x18e3,0x0000,
0x2965,0x528a,0x31c7,0x0041,0x0041,0x0000,0x0020,0x0840,0x0820,0x31a5,0x2165,0x39c6,0x4a06,0x4a26,0x5a47,0x6288,0x62a8,0x6aa8,0x62a8,0x5a88,0x4a26,0x3a07,0x4207,0x4228,0x3a07,0x31c6,0x31c6,0x39e6,0x39c5,0x39a5,0x39a5,0x3184,0x0083,0x3983,0x6223,0x3184,0x2985,0x4a07,0x5247,0x5247,0x5268,0x5a88,0x5a88,0x5aa8,0x5aa8,0x5b09,0x5b2a,0x5ae9,0x5ac9,0x5aa8,0x5288,0x5287,0x4a47,0x4a47,0x4a67,0x4a47,0x4a47,0x4a47,0x4a88,0x2124,0x0000,0x0020,0x0041,0x0841,0x0861,0x10a2,0x18c3,0x3186,0x18c3,0x0000,
0x2965,0x4a69,0x39e7,0x2924,0x18a2,0x1081,0x30e2,0x4122,0x4122,0x51a4,0x72c7,0x82e8,0x82e7,0x7a86,0x7aa7,0x7287,0x9368,0x8b08,0x8b08,0x7286,0x5a05,0x5205,0x5a47,0x49e6,0x6246,0x6266,0x6265,0x51a4,0x4984,0x4163,0x4143,0x4184,0x4183,0x28e2,0x28c2,0x3943,0x59e5,0x5a05,0x5a05,0x6246,0x6246,0x6266,0x6a67,0x5206,0x5a46,0x7b29,0x5aa8,0x6aa8,0x8329,0x72c7,0x72e7,0x62a6,0x5225,0x5246,0x4a05,0x5a46,0x4a26,0x5a67,0x6287,0x4a06,0x0862,0x2903,0x3144,0x3944,0x3124,0x3144,0x2103,0x2966,0x18c3,0x0000,
0x2965,0x4a8a,0x31c7,0x1082,0x0861,0x0040,0x1081,0x4102,0x0821,0x6a85,0xff2c,0xfeac,0xf6ad,0xff92,0xbbc8,0x38c0,0x1040,0x0800,0x1860,0x0000,0x0820,0x0000,0x0000,0x0021,0x20c2,0x3962,0x4182,0x0020,0x0020,0x0020,0x0020,0x0000,0x0020,0x0840,0x0840,0x0000,0x0000,0x0000,0x0000,0x0000,0x0000,0x0020,0x0000,0x0000,0x0000,0x0821,0x0000,0x0000,0x0000,0x0800,0x1041,0x1881,0x1061,0x0800,0x0000,0x20c1,0xbc09,0x8aa6,0x8a86,0xa3a8,0x0001,0x0881,0x18c3,0x2103,0x2103,0x20e3,0x18c3,0x2965,0x18c3,0x0000,
0x2965,0x528a,0x39c7,0x0861,0x0040,0x0020,0x0041,0x18a1,0x0021,0xcbe7,0xcc67,0xd529,0xe62d,0xee30,0x1800,0x0020,0x1061,0x1861,0x1081,0x1061,0x0020,0x0020,0x0020,0x0861,0x0041,0x0000,0x0000,0x0020,0x0041,0x0020,0x0020,0x0020,0x0000,0x0840,0x0020,0x0000,0x0000,0x0000,0x0000,0x0020,0x0841,0x0841,0x0020,0x0000,0x0041,0x0861,0x0861,0x0041,0x0861,0x1081,0x1081,0x1881,0x1881,0x1881,0x1040,0x0000,0x9327,0xb387,0x7a85,0x8286,0x2123,0x0020,0x10a2,0x1082,0x18c3,0x10a2,0x1082,0x2965,0x18c3,0x0000,
0x2965,0x4a8a,0x39c7,0x0861,0x0040,0x0020,0x0040,0x1881,0x1081,0xedeb,0xd4c8,0xcd08,0xff71,0xa369,0x0000,0x1881,0x1881,0x1880,0x1881,0x1061,0x0020,0x0020,0x0040,0x0861,0x0861,0x0040,0x0020,0x0040,0x0040,0x0020,0x0020,0x0020,0x0020,0x0040,0x0820,0x0000,0x0000,0x0000,0x0000,0x0020,0x0040,0x0841,0x0020,0x0020,0x0041,0x0861,0x0861,0x0841,0x1061,0x1081,0x1881,0x18a1,0x1881,0x1881,0x1060,0x0000,0x0000,0x9b06,0x82a6,0x9b27,0x10c2,0x0020,0x10a2,0x10a2,0x18c3,0x10a2,0x1082,0x2965,0x18c3,0x0000,
0x2965,0x4a8a,0x39c7,0x0861,0x0040,0x0020,0x0040,0x18a1,0x0000,0xc4c9,0xee2b,0xddee,0xbc2b,0x1840,0x1061,0x1881,0x1881,0x1880,0x1881,0x1061,0x0020,0x0020,0x0040,0x0861,0x0861,0x0041,0x0020,0x0020,0x0020,0x0020,0x0020,0x0020,0x0020,0x0840,0x0840,0x1061,0x0000,0x0000,0x0000,0x0020,0x0020,0x0041,0x0041,0x0020,0x0841,0x0861,0x0861,0x0841,0x1061,0x1881,0x1881,0x18a2,0x1881,0x1881,0x0820,0x0820,0x0000,0x0000,0x6a23,0x49c4,0x0000,0x0020,0x10a2,0x18c2,0x18c3,0x10a2,0x10a2,0x2965,0x18c3,0x0000,
0x2965,0x4a6a,0x39c7,0x0861,0x0040,0x0020,0x0040,0x18a1,0x1061,0x20c1,0x9b66,0x82a4,0x2060,0x0820,0x2081,0x1881,0x1880,0x1880,0x1881,0x1061,0x0020,0x0020,0x0020,0x0861,0x0861,0x0040,0x0020,0x0020,0x0020,0x0000,0x0020,0x0020,0x0000,0x0020,0x0820,0x0841,0x0000,0x0000,0x0000,0x0040,0x0841,0x0841,0x0040,0x0020,0x0841,0x0861,0x0861,0x0841,0x1061,0x1881,0x1881,0x18a1,0x18a1,0x0840,0x0840,0x1040,0x0000,0x0020,0x0020,0x0862,0x0861,0x0040,0x1082,0x18c2,0x18c3,0x10a2,0x10a2,0x2945,0x18c3,0x0000,
0x2965,0x4a69,0x39c7,0x0861,0x0040,0x0020,0x0040,0x18a1,0x20c2,0x0021,0x0000,0x0000,0x1881,0x20a1,0x2081,0x1881,0x1881,0x1880,0x1881,0x1061,0x0020,0x0020,0x0020,0x0040,0x0041,0x0020,0x0020,0x0020,0x0020,0x0020,0x0040,0x0040,0x0020,0x0000,0x0020,0x0000,0x0020,0x0020,0x0000,0x0041,0x0841,0x0841,0x0041,0x0040,0x0041,0x0861,0x0861,0x0841,0x1061,0x1081,0x18a1,0x18a1,0x1061,0x0820,0x1881,0x1040,0x0000,0x0820,0x0840,0x1082,0x0861,0x0040,0x1082,0x18c2,0x18c3,0x10a2,0x10a2,0x2945,0x18c3,0x0000,
0x2965,0x4a69,0x39c7,0x0861,0x0040,0x0020,0x0040,0x18a1,0x20c2,0x1061,0x1061,0x1881,0x20a1,0x2081,0x1881,0x1881,0x1881,0x1881,0x1881,0x1061,0x0020,0x0020,0x0020,0x0041,0x0841,0x0040,0x0020,0x0020,0x0020,0x0020,0x0040,0x0020,0x0020,0x0000,0x0020,0x0000,0x0020,0x0000,0x0000,0x0041,0x0841,0x0841,0x0041,0x0041,0x0041,0x0861,0x0861,0x0841,0x1061,0x1881,0x18a1,0x1081,0x0820,0x1060,0x1881,0x1040,0x0000,0x0820,0x0840,0x1082,0x0841,0x0020,0x1082,0x18c2,0x18c3,0x10a2,0x10a2,0x2945,0x18c3,0x0000,
0x2965,0x4a69,0x39c7,0x1061,0x0040,0x0020,0x0040,0x18a1,0x20c2,0x1061,0x1061,0x1881,0x20a1,0x20a1,0x2081,0x1881,0x1881,0x1881,0x1881,0x1061,0x0020,0x0020,0x0020,0x0041,0x0040,0x0020,0x0020,0x0020,0x0020,0x0041,0x0041,0x0020,0x0020,0x0000,0x0840,0x0820,0x0020,0x0000,0x0020,0x0041,0x0841,0x0841,0x0041,0x0040,0x0841,0x0881,0x0861,0x0841,0x1061,0x1881,0x1061,0x0840,0x1060,0x1881,0x1881,0x1040,0x0000,0x0820,0x0840,0x1082,0x0861,0x0020,0x1082,0x18a2,0x18c3,0x10a2,0x10a2,0x2945,0x10c3,0x0000,
0x2965,0x4a69,0x31c7,0x1081,0x0040,0x0020,0x0040,0x18a1,0x20c2,0x1081,0x1061,0x1881,0x20a1,0x20a1,0x1881,0x1881,0x1881,0x1881,0x1881,0x1081,0x0020,0x0020,0x0020,0x0841,0x0841,0x0020,0x0020,0x0041,0x0041,0x0041,0x0041,0x0020,0x0020,0x0000,0x0840,0x1061,0x0020,0x0000,0x0020,0x0041,0x0841,0x0841,0x0041,0x0041,0x0841,0x0881,0x0861,0x0841,0x0841,0x0840,0x0840,0x1061,0x18a1,0x1881,0x1881,0x1040,0x0000,0x0820,0x0840,0x1061,0x0841,0x0020,0x1082,0x18a2,0x18c3,0x10a2,0x10a2,0x2124,0x18c3,0x0000,
0x2965,0x4a69,0x39c7,0x1082,0x0040,0x0020,0x0040,0x18a1,0x20c2,0x1081,0x1061,0x1881,0x20a1,0x20a1,0x2081,0x1881,0x1881,0x1881,0x1881,0x1061,0x0820,0x0020,0x0040,0x0861,0x0881,0x0841,0x0041,0x0041,0x0041,0x0041,0x0041,0x0020,0x0020,0x0000,0x0020,0x0861,0x0020,0x0000,0x0020,0x0041,0x0841,0x0841,0x0040,0x0040,0x0040,0x0841,0x0841,0x0020,0x0840,0x1061,0x18a1,0x18a2,0x18a1,0x1881,0x1881,0x1040,0x0000,0x0820,0x0840,0x0861,0x0040,0x0020,0x1082,0x18c2,0x18c3,0x10a2,0x1082,0x2124,0x10c3,0x0000,
0x2965,0x4a69,0x39c7,0x0862,0x0040,0x0020,0x0040,0x18a1,0x20c2,0x1081,0x1061,0x1881,0x20a1,0x20a1,0x20a1,0x1881,0x1881,0x1881,0x1881,0x1081,0x0820,0x0020,0x0041,0x0881,0x0881,0x0841,0x0041,0x0041,0x0841,0x0041,0x0040,0x0020,0x0020,0x0000,0x0020,0x0841,0x0000,0x0000,0x0020,0x0020,0x0020,0x0020,0x0020,0x0020,0x0041,0x0881,0x0861,0x0841,0x1061,0x1881,0x18a1,0x18a2,0x18a1,0x1881,0x1881,0x1040,0x0000,0x0820,0x0840,0x0841,0x0040,0x0020,0x1082,0x18a2,0x10a3,0x1082,0x1082,0x2124,0x10c2,0x0000,
0x2965,0x4a49,0x31a7,0x1082,0x0040,0x0020,0x0040,0x18a1,0x20e2,0x1081,0x1061,0x18a1,0x20a1,0x20a1,0x20a1,0x1881,0x1881,0x1881,0x1881,0x1061,0x0820,0x0020,0x0020,0x0841,0x0040,0x0020,0x0020,0x0020,0x0020,0x0020,0x0000,0x0000,0x0000,0x0000,0x0840,0x1061,0x0020,0x0020,0x0020,0x0020,0x0020,0x0020,0x0020,0x0020,0x0020,0x0861,0x0861,0x0841,0x1061,0x1881,0x18a1,0x18a2,0x18a1,0x1881,0x1880,0x0840,0x0000,0x0820,0x1040,0x0841,0x0020,0x0040,0x1082,0x18a2,0x10a2,0x1082,0x1082,0x2124,0x10c2,0x0000,
0x2945,0x4a49,0x31a6,0x1082,0x0041,0x0020,0x0840,0x18a2,0x20e2,0x1081,0x1061,0x1881,0x20a1,0x20a1,0x20a1,0x18a1,0x18a1,0x1881,0x1060,0x0840,0x0000,0x0000,0x0020,0x0020,0x0020,0x0020,0x0020,0x0020,0x0000,0x0000,0x0000,0x0000,0x0000,0x0820,0x0840,0x0840,0x0020,0x0020,0x0020,0x0000,0x0020,0x0020,0x0020,0x0020,0x0020,0x0020,0x0020,0x0020,0x0020,0x0000,0x0840,0x1061,0x1881,0x1881,0x1881,0x0820,0x0000,0x0820,0x1040,0x0841,0x0020,0x0020,0x1082,0x18a2,0x10a2,0x1082,0x1082,0x2104,0x10c2,0x0000,
0x2965,0x4a49,0x31a6,0x1081,0x0040,0x0020,0x0040,0x18a1,0x20c2,0x1061,0x0840,0x1881,0x20a1,0x20a1,0x20a1,0x1881,0x1880,0x1880,0x1060,0x0840,0x0000,0x0000,0x0020,0x0020,0x0020,0x0020,0x0020,0x0020,0x0000,0x0000,0x0000,0x0000,0x0000,0x0000,0x0840,0x1040,0x0820,0x0020,0x0020,0x0020,0x0020,0x0020,0x0020,0x0020,0x0020,0x0020,0x0020,0x0020,0x0000,0x0000,0x0000,0x0000,0x0000,0x0840,0x1860,0x0000,0x0000,0x0020,0x0820,0x0020,0x0020,0x0020,0x1082,0x18a2,0x10a2,0x1082,0x1082,0x2104,0x10c3,0x0000,
0x3186,0x4a49,0x39c7,0x1082,0x0040,0x0000,0x0020,0x1881,0x1881,0x0020,0x0020,0x1880,0x20a1,0x20a1,0x20a1,0x18a1,0x1881,0x1881,0x1881,0x1060,0x0820,0x0040,0x0841,0x0041,0x0040,0x0020,0x0020,0x0020,0x0000,0x0000,0x0000,0x0000,0x0000,0x1040,0x0820,0x0820,0x0840,0x0820,0x0000,0x0000,0x0020,0x0020,0x0020,0x0020,0x0020,0x0020,0x0041,0x0020,0x0000,0x0000,0x0000,0x0000,0x0000,0x0000,0x0000,0x0000,0x0000,0x0000,0x0000,0x0000,0x0000,0x0020,0x0041,0x0841,0x0841,0x0841,0x0861,0x18e3,0x10a2,0x0000,
0x2985,0x4208,0x2945,0x0882,0x0020,0x0000,0x0000,0x1040,0x1060,0x0000,0x0000,0x1040,0x20a1,0x1881,0x1881,0x1881,0x1881,0x1880,0x1060,0x1081,0x1061,0x1061,0x1081,0x1061,0x0861,0x0840,0x0020,0x0020,0x0020,0x0000,0x0000,0x0000,0x1060,0x1881,0x0820,0x0000,0x1040,0x1061,0x0000,0x0000,0x0000,0x0020,0x0020,0x0020,0x0020,0x0020,0x0020,0x0820,0x0820,0x0820,0x0020,0x0020,0x0000,0x0000,0x0000,0x0000,0x0000,0x0000,0x0000,0x0000,0x0000,0x0000,0x0000,0x0000,0x0000,0x0000,0x0000,0x0000,0x0000,0x0000,
};




const uint16_t N50[9380]={
0x0000,0x0000,0x0000,0x0000,0x0000,0x0000,0x0000,0x0000,0x0000,0x0000,0x0000,0x0000,0x0000,0x0000,0x0000,0x0000,
0x0000,0x0000,0x0000,0x0000,0x0000,0x0000,0x0000,0x0000,0x0000,0x0000,0x0000,0x0000,0x0000,0x0000,0x0000,0x0000,
0x0000,0x51c3,0x6205,0x0000,0x0000,0x0000,0x0000,0x0000,0x0000,0x0000,0x0000,0x0000,0x0000,0x0000,0x0000,0x0000,
0x0000,0x0000,0x0000,0x0000,0x0000,0x0000,0x0000,0x0000,0x0000,0x0000,0x0000,0x0000,0x0000,0x0000,0x0000,0x0000,
0x0000,0x0000,0x0000,0x0000,0x0000,0x0000,0x0000,0x0000,0x0000,0x0000,0x0000,0x0000,0x0000,0x0000,0x0000,0x0000,
0x0000,0x0000,0x0000,0x0000,0x0000,0x0000,0x0000,0x0000,0x0000,0x0000,0x0000,0x0000,0x0000,0x0000,0x0000,0x0000,
0x0000,0x0000,0x0000,0x0000,0x0000,0x0000,0x20e2,0x4983,0x4984,0x62ea,0x0000,0x0000,0x0000,0x0000,0x0000,0x0000,
0x0000,0x0000,0x0000,0x0000,0x0000,0x0000,0x0000,0x0000,0x0000,0x0000,0x0000,0x0000,0x0000,0x0000,0x0000,0x0000,
0x0000,0x0000,0x0000,0x0000,0x0000,0x0000,0x0000,0x0000,0x0000,0x0000,0x0000,0x0000,0x0000,0x0000,0x0000,0x0000,
0x0000,0x0000,0x0000,0x0000,0x0000,0x0000,0x0000,0x0000,0x0000,0x0000,0x0000,0x0000,0x0000,0x0000,0x0000,0x0000,
0x0000,0x0000,0x0000,0x0000,0x0000,0x0000,0x0000,0x0000,0x0000,0x0000,0x0000,0x0000,0x2923,0x2903,0x20c1,0x31c7,
0x0000,0x0000,0x0000,0x0000,0x0000,0x0000,0x0000,0x0000,0x0000,0x0000,0x0000,0x0000,0x0000,0x0000,0x0000,0x0000,
0x0000,0x0000,0x0000,0x0000,0x0000,0x0000,0x0000,0x0000,0x0000,0x0000,0x0000,0x0000,0x0000,0x0000,0x0000,0x0000,
0x0000,0x0000,0x0000,0x0000,0x0000,0x0000,0x0000,0x0000,0x0000,0x0000,0x0000,0x0000,0x0000,0x0000,0x0000,0x0000,
0x0000,0x0000,0x0000,0x0000,0x0000,0x0000,0x0000,0x0000,0x0000,0x0000,0x0000,0x0000,0x0000,0x0000,0x0000,0x0000,
0x0000,0x0000,0x10a2,0x3923,0x3143,0x62ca,0x0000,0x0000,0x0000,0x0000,0x0000,0x0000,0x0000,0x0000,0x0000,0x0000,
0x0000,0x0000,0x0000,0x0000,0x0000,0x0000,0x0000,0x0000,0x0000,0x0000,0x0000,0x0000,0x0000,0x0000,0x0000,0x0000,
0x0000,0x0000,0x0000,0x0000,0x0000,0x0000,0x0000,0x0000,0x0000,0x0000,0x0000,0x0000,0x0000,0x0000,0x0000,0x0000,
0x0000,0x0000,0x0000,0x0000,0x0000,0x0000,0x0000,0x0000,0x0000,0x0000,0x0000,0x0000,0x0000,0x0000,0x0000,0x0000,
0x0000,0x0000,0x0000,0x0000,0x0000,0x0000,0x0000,0x0000,0x20c2,0x3922,0x3923,0x62a9,0x0000,0x0000,0x0000,0x0000,
0x0000,0x0000,0x0000,0x0000,0x0000,0x0000,0x0000,0x0000,0x0000,0x0000,0x0000,0x0000,0x0000,0x0000,0x0000,0x0000,
0x0000,0x0000,0x0000,0x0000,0x0000,0x0000,0x0000,0x0000,0x0000,0x0000,0x0000,0x0000,0x0000,0x0000,0x0000,0x0000,
0x0000,0x0000,0x0000,0x0000,0x0000,0x0000,0x0000,0x0000,0x0000,0x0000,0x0000,0x0000,0x0000,0x0000,0x0000,0x0000,
0x0000,0x0000,0x0000,0x0000,0x0000,0x0000,0x0000,0x0000,0x0000,0x0000,0x0000,0x0000,0x0000,0x0000,0x3123,0x28e2,
0x20a1,0x5268,0x0000,0x0000,0x0000,0x0000,0x0000,0x0000,0x0000,0x0000,0x0000,0x0000,0x0000,0x0000,0x0000,0x0000,
0x0000,0x0000,0x0000,0x0000,0x0000,0x0000,0x0000,0x0000,0x0000,0x0000,0x0000,0x0000,0x0000,0x0000,0x0000,0x0000,
0x0000,0x0000,0x0000,0x0000,0x0000,0x0000,0x0000,0x0000,0x0000,0x0000,0x0000,0x0000,0x0000,0x0000,0x0000,0x0000,
0x0000,0x0000,0x0000,0x0000,0x0000,0x0000,0x0000,0x0000,0x0000,0x0000,0x0000,0x0000,0x0000,0x0000,0x0000,0x0000,
0x0000,0x0000,0x0000,0x0000,0x6aa6,0x51c4,0x4163,0x72e9,0x0000,0x0000,0x0000,0x0000,0x0000,0x0000,0x0000,0x0000,
0x0000,0x0000,0x0000,0x0000,0x0000,0x0000,0x0000,0x0000,0x0000,0x0000,0x0000,0x0000,0x0000,0x0000,0x0000,0x0000,
0x0000,0x0000,0x0000,0x0000,0x0000,0x0000,0x0000,0x0000,0x0000,0x0000,0x0000,0x0000,0x0000,0x0000,0x0000,0x0000,
0x0000,0x0000,0x0000,0x0000,0x0000,0x0000,0x0000,0x0000,0x0000,0x0000,0x0000,0x0000,0x0000,0x0000,0x0000,0x0000,
0x0000,0x0000,0x0000,0x0000,0x0000,0x0000,0x0000,0x0000,0x0000,0x0000,0x5962,0x61e3,0x4942,0x5162,0x30e1,0x0000,
0x0000,0x0000,0x0000,0x0000,0x0000,0x0000,0x0000,0x0000,0x0000,0x0000,0x0000,0x0000,0x0000,0x0000,0x0000,0x0000,
0x0000,0x0000,0x0000,0x0000,0x0000,0x0000,0x0000,0x0000,0x0000,0x0000,0x0000,0x0000,0x0000,0x0000,0x0000,0x0000,
0x0000,0x0000,0x0000,0x0000,0x0000,0x0000,0x0000,0x0000,0x0000,0x0000,0x0000,0x0000,0x0000,0x0000,0x0000,0x0000,
0x0000,0x0000,0x0000,0x0000,0x0000,0x0000,0x0000,0x0000,0x0000,0x0000,0x0000,0x0000,0x0000,0x0000,0x0000,0x5ae9,
0x20a1,0x30a0,0x20a1,0x1040,0x4142,0x8bcb,0x0020,0x0000,0x0000,0x0000,0x0000,0x0000,0x0000,0x0000,0x0000,0x0000,
0x0000,0x0000,0x0000,0x0000,0x0000,0x0000,0x0000,0x0000,0x0000,0x0000,0x0000,0x0000,0x0000,0x0000,0x0000,0x0000,
0x0000,0x0000,0x0000,0x0000,0x0000,0x0000,0x0000,0x0000,0x0000,0x0000,0x0000,0x0000,0x0000,0x0000,0x0000,0x0000,
0x0000,0x0000,0x0000,0x0000,0x0000,0x0000,0x0000,0x0000,0x0000,0x0000,0x0000,0x0000,0x0000,0x0000,0x0000,0x0000,
0x0000,0x0000,0x0000,0x0000,0x632d,0xbbec,0xa367,0x9327,0x6225,0x7204,0x7ae8,0x9bab,0x0840,0x0800,0x0000,0x0000,
0x0000,0x0000,0x0000,0x0000,0x0000,0x0000,0x0000,0x0000,0x0000,0x0000,0x0000,0x0000,0x0000,0x0000,0x0000,0x0000,
0x0000,0x0000,0x0000,0x0000,0x0000,0x0000,0x0000,0x0000,0x0000,0x0000,0x0000,0x0000,0x0000,0x0000,0x0000,0x0000,
0x0000,0x0000,0x0000,0x0000,0x0000,0x0000,0x0000,0x0000,0x0000,0x0000,0x0000,0x0000,0x0000,0x0000,0x0000,0x0000,
0x0000,0x0000,0x0000,0x0000,0x0000,0x0000,0x0000,0x0000,0x0000,0x5a89,0x836c,0x3860,0x9307,0xdd2e,0xdd6e,0xc44b,
0x9b69,0x2040,0x49c5,0x18c2,0x0000,0x0000,0x0000,0x0000,0x0000,0x0000,0x0000,0x0000,0x0000,0x0000,0x0000,0x0000,
0x0000,0x0000,0x0000,0x0000,0x0000,0x0000,0x0000,0x0000,0x0000,0x0000,0x0000,0x0000,0x0000,0x0000,0x0000,0x0000,
0x0000,0x0000,0x0000,0x0000,0x0000,0x0000,0x0000,0x0000,0x0000,0x0000,0x0000,0x0000,0x0000,0x0000,0x0000,0x0000,
0x0000,0x0000,0x0000,0x0000,0x0000,0x0000,0x0000,0x0000,0x0000,0x0000,0x0000,0x0000,0x0000,0x0882,0x5249,0x3944,
0x0800,0x28c1,0x0000,0x1000,0x2880,0x0800,0x0800,0x0840,0x1860,0x4184,0x0841,0x0000,0x0000,0x0000,0x0000,0x0000,
0x0000,0x0000,0x0000,0x0000,0x0000,0x0000,0x0000,0x0000,0x0000,0x0000,0x0000,0x0000,0x0000,0x0000,0x0000,0x0000,
0x0000,0x0000,0x0000,0x0000,0x0000,0x0000,0x0000,0x0000,0x0000,0x0000,0x0000,0x0000,0x0000,0x0000,0x0000,0x0000,
0x0000,0x0000,0x0000,0x0000,0x0000,0x0000,0x0000,0x0000,0x0000,0x0000,0x0000,0x0000,0x0000,0x0000,0x0000,0x0000,
0x0000,0x0000,0x0820,0x1060,0x1040,0x0820,0x1061,0x1881,0x18a1,0x3902,0x3922,0x28e2,0x1881,0x1060,0x1060,0x0820,
0x0820,0x0820,0x0820,0x18a2,0x1082,0x0000,0x0000,0x0000,0x0000,0x0000,0x0000,0x0000,0x0000,0x0000,0x0000,0x0000,
0x0000,0x0000,0x0000,0x0000,0x0000,0x0000,0x0000,0x0000,0x0000,0x0000,0x0000,0x0000,0x0000,0x0000,0x0000,0x0000,
0x0000,0x0000,0x0000,0x0000,0x0000,0x0000,0x0000,0x0000,0x0000,0x0000,0x0000,0x0000,0x0000,0x0000,0x0000,0x0000,
0x0000,0x0000,0x0020,0x0020,0x0820,0x0820,0x0820,0x0820,0x0820,0x0820,0x0820,0x1040,0x1881,0x28c1,0x4142,0x5183,
0x4963,0x4184,0x3102,0x2081,0x1040,0x0820,0x0820,0x0820,0x0820,0x1040,0x0840,0x0820,0x0800,0x0800,0x0000,0x0000,
0x0000,0x0000,0x0000,0x0000,0x0000,0x0000,0x0000,0x0000,0x0000,0x0000,0x0000,0x0000,0x0000,0x0000,0x0000,0x0000,
0x0000,0x0000,0x0000,0x0000,0x0000,0x0000,0x0000,0x0000,0x0000,0x0000,0x0000,0x0000,0x0000,0x0000,0x0000,0x0000,
0x0000,0x0000,0x0000,0x0000,0x0000,0x0820,0x0820,0x0820,0x1060,0x1860,0x1060,0x0840,0x0820,0x0820,0x0820,0x0820,
0x0820,0x0820,0x0800,0x0000,0x18a2,0x5183,0x49c5,0x5227,0x0000,0x0000,0x0820,0x0820,0x0820,0x0820,0x0820,0x0820,
0x0820,0x0820,0x0820,0x0820,0x0820,0x0820,0x0820,0x0820,0x0000,0x0000,0x0000,0x0000,0x0000,0x0000,0x0000,0x0000,
0x0000,0x0000,0x0000,0x0000,0x0000,0x0000,0x0000,0x0000,0x0000,0x0000,0x0000,0x0000,0x0000,0x0000,0x0000,0x0000,
0x0000,0x0000,0x0000,0x0000,0x0000,0x0000,0x0000,0x0000,0x0000,0x0000,0x0800,0x0820,0x0820,0x0820,0x1040,0x1880,
0x1040,0x0840,0x0820,0x0820,0x0820,0x0820,0x0820,0x0820,0x0820,0x0000,0x28e2,0x2902,0x3963,0x5227,0x0000,0x0820,
0x0800,0x0820,0x0820,0x0820,0x0820,0x0820,0x0820,0x0820,0x0820,0x0820,0x0820,0x0820,0x0820,0x0820,0x0820,0x0820,
0x0820,0x0000,0x0000,0x0000,0x0000,0x0000,0x0000,0x0000,0x0000,0x0000,0x0000,0x0000,0x0000,0x0000,0x0000,0x0000,
0x0000,0x0000,0x0000,0x0000,0x0000,0x0000,0x0000,0x0000,0x0000,0x0000,0x0000,0x0000,0x0000,0x0000,0x0820,0x0820,
0x0840,0x1040,0x1061,0x1881,0x1061,0x1861,0x1061,0x1061,0x1881,0x18a1,0x20a1,0x20a1,0x20a1,0x20a1,0x20a1,0x1881,
0x3943,0x61e4,0x6246,0x49a5,0x1060,0x1881,0x1881,0x1861,0x1060,0x1060,0x0840,0x1040,0x0840,0x0840,0x0820,0x0820,
0x0820,0x0820,0x0820,0x0820,0x0820,0x0000,0x0000,0x0000,0x0000,0x0000,0x0000,0x0000,0x0000,0x0000,0x0000,0x0000,
0x0000,0x0000,0x0000,0x0000,0x0000,0x0000,0x0000,0x0000,0x0000,0x0000,0x0000,0x0000,0x0000,0x0000,0x0000,0x0800,
0x0820,0x0841,0x1061,0x1082,0x18a2,0x18a1,0x18a1,0x18a1,0x18a1,0x18a1,0x18a1,0x1881,0x1081,0x1081,0x1081,0x1061,
0x1061,0x1060,0x1061,0x0841,0x0840,0x0020,0x0020,0x0840,0x1081,0x0040,0x0820,0x1060,0x1881,0x1881,0x20a1,0x20a1,
0x20a1,0x20a1,0x20a1,0x20a1,0x18a1,0x1881,0x1881,0x1881,0x1061,0x1060,0x1040,0x0840,0x0820,0x0820,0x0800,0x0000,
0x0000,0x0000,0x0000,0x0000,0x0000,0x0000,0x0000,0x0000,0x0000,0x0000,0x0000,0x0000,0x0000,0x0000,0x0000,0x0000,
0x0000,0x0000,0x10a2,0x1082,0x0841,0x1082,0x1082,0x1061,0x0800,0x0000,0x18a2,0x2944,0x2944,0x2924,0x3144,0x3143,
0x4183,0x49a3,0x51c4,0x6205,0x6a25,0x7245,0x6a45,0x7265,0x6a25,0x7245,0x7245,0x8285,0xa327,0x9b27,0x82a6,0x82a6,
0x6225,0x59e4,0x41a4,0x3123,0x2903,0x28e2,0x28e2,0x28e2,0x18a1,0x1081,0x1061,0x1881,0x20a1,0x20a1,0x20c1,0x20a1,
0x20a1,0x18a1,0x1881,0x1881,0x1081,0x1060,0x0840,0x0820,0x0000,0x1061,0x4228,0x1082,0x0000,0x0000,0x0000,0x0000,
0x0000,0x0000,0x0000,0x0000,0x0000,0x0000,0x0000,0x2923,0x3185,0x2965,0x0000,0x0000,0x1061,0x31c7,0x5b0c,0x83ad,
0x836c,0x7aea,0x7aa8,0x82c8,0x82c7,0x82c7,0x82a6,0x8286,0x7245,0x6a25,0x6a25,0x61e4,0x51a4,0x4963,0x4143,0x4142,
0x4963,0x51c4,0x59c4,0x4963,0x3922,0x4963,0x51a3,0x51c4,0x6205,0x6225,0x6225,0x6205,0x6a25,0x82a7,0x7a86,0x6a45,
0x59e5,0x3963,0x2902,0x18a1,0x18a1,0x18c1,0x28e2,0x28e2,0x20c2,0x20c1,0x20a1,0x18a1,0x1881,0x1061,0x1040,0x18c3,
0x4a69,0x5acb,0x29a7,0x0000,0x0000,0x0000,0x0000,0x0000,0x0000,0x0000,0x0000,0x0020,0x3164,0x2945,0x18a2,0x0881,
0x4a69,0x7bae,0x7b6d,0x62aa,0x5227,0x51e5,0x59c3,0x51a3,0x59c3,0x51a3,0x5183,0x5183,0x59c3,0x6a24,0x7a65,0x7a65,
0x7244,0x59c3,0x51a3,0x4982,0x4983,0x4983,0x51a3,0x7245,0x7a65,0x51c4,0x4983,0x49a3,0x51c4,0x59e4,0x6205,0x5a05,
0x59e4,0x51c4,0x51c4,0x59c4,0x51c4,0x51e4,0x59e4,0x51e4,0x6205,0x6205,0x7245,0x5a04,0x2903,0x20c2,0x20e2,0x3123,
0x3923,0x3123,0x3143,0x2903,0x20c2,0x2103,0x18c2,0x3144,0x4a08,0x39e6,0x0000,0x0000,0x0000,0x0000,0x0000,0x0000,
0x0020,0x3185,0x20e3,0x0020,0x5aeb,0x7bae,0x7bef,0x5207,0x2061,0x4121,0x61e4,0x6204,0x51a3,0x4982,0x59c3,0x61e3,
0x61e3,0x6a44,0x7aa4,0x9b45,0x8243,0x5182,0x59c3,0x61c3,0x59a3,0x4983,0x4983,0x4963,0x4983,0x7245,0x7a65,0x51c4,
0x49a3,0x51c4,0x59e4,0x6204,0x6225,0x7245,0x7245,0x7a66,0x7245,0x7245,0x7a65,0x7a66,0x7a86,0x7245,0x6205,0x51c4,
0x51c4,0x7a65,0xab26,0x9ae6,0x51c4,0x18c2,0x28e2,0x3122,0x3123,0x3143,0x3964,0x39a5,0x2924,0x18c2,0x18a2,0x3985,
0x2965,0x0000,0x0000,0x0000,0x0000,0x0000,0x2964,0x10a2,0x18c3,0x7bef,0x7bcf,0x49a5,0x1860,0x1880,0x4163,0x4983,
0x51a3,0x6a03,0x6a03,0x61e3,0x51a2,0x59c3,0x7a84,0x9304,0x5982,0x4922,0x4982,0x5182,0x59a3,0x59c3,0x61e3,0x6a04,
0x59c3,0x4982,0x3922,0x3902,0x4163,0x3942,0x4963,0x51a3,0x61e4,0x59e4,0x6204,0x6205,0x6a25,0x7225,0x6a25,0x6a25,
0x7225,0x7245,0x7245,0x7a65,0x7a65,0x82a6,0x9b06,0x9b27,0x8ac6,0x6a24,0x7a45,0x7245,0x3123,0x18a1,0x28e2,0x28e2,
0x28e2,0x2902,0x3964,0x39a5,0x18c2,0x1061,0x28e3,0x0840,0x0000,0x0000,0x0000,0x18c2,0x18c3,0x2985,0x7bae,0x62eb,
0x1880,0x1881,0x18a1,0x3902,0x3922,0x59c3,0x59c3,0x61c3,0x4962,0x3101,0x7a43,0x8a43,0x8a02,0x6162,0x3941,0x4962,
0x4962,0x4962,0x4142,0x4142,0x4142,0x3921,0x20a1,0x1881,0x1060,0x0840,0x0840,0x1060,0x1080,0x20a1,0x3922,0x5183,
0x59c4,0x59e4,0x59c4,0x59e4,0x59e4,0x6204,0x6204,0x6a04,0x6204,0x6204,0x61e4,0x59c4,0x59c4,0x7244,0x92a5,0x92c6,
0x7266,0x51e4,0x51c4,0x49a4,0x18a1,0x28e2,0x28e2,0x20c2,0x28e2,0x3124,0x39a5,0x10a2,0x0840,0x18a2,0x0000,0x0000,
0x0020,0x18c2,0x3186,0x738e,0x5acb,0x1860,0x20c2,0x1881,0x28e2,0x3122,0x5183,0x4962,0x4142,0x30c1,0x3102,0x8b04,
0x8222,0x4921,0x3921,0x3921,0x3921,0x3901,0x3901,0x3901,0x3901,0x20c1,0x1060,0x0840,0x0820,0x0820,0x0820,0x0820,
0x0820,0x0820,0x0820,0x0820,0x1040,0x1061,0x1881,0x4163,0x4983,0x4983,0x4983,0x49a3,0x51a3,0x4983,0x4983,0x5183,
0x4983,0x4983,0x4983,0x4983,0x4163,0x4163,0x51c4,0x5a05,0x59e5,0x4184,0x4163,0x20c1,0x28e2,0x28e2,0x20c2,0x20c2,
0x3144,0x39a6,0x0841,0x20a1,0x18a1,0x0000,0x0840,0x1904,0x6b4d,0x632d,0x1040,0x20c2,0x1061,0x0841,0x1081,0x3102,
0x20a1,0x1081,0x28c1,0x7ac4,0xaba6,0x7aa4,0x3102,0x3962,0x4162,0x4162,0x4983,0x4162,0x4142,0x59c3,0x4142,0x18a1,
0x1081,0x20a1,0x28a1,0x20a1,0x20a1,0x28c1,0x28c1,0x20a1,0x20a1,0x28c1,0x28e1,0x20a1,0x28e1,0x3102,0x4142,0x7224,
0x6a04,0x59e4,0x7265,0x6a45,0x6a44,0x6a24,0x6a44,0x7265,0x6a44,0x6a44,0x6a85,0x6204,0x4163,0x3164,0x28c3,0x3124,
0x20e3,0x18a2,0x1061,0x20e2,0x3123,0x2103,0x08c3,0x3185,0x2124,0x1060,0x3922,0x0000,0x0841,0x3a08,0x6b4d,0x5a89,
0x6205,0x3944,0x3123,0x6a24,0x8305,0x82a5,0x6204,0x6a24,0xbbc6,0xb409,0x9ae5,0x8a84,0xa305,0x92c5,0x8a84,0x9ac5,
0xb3a6,0xbbe7,0xd487,0x9284,0x79e3,0x69c3,0x79e3,0x4942,0x4122,0x4102,0x3902,0x4122,0x4122,0x4142,0x4942,0x4942,
0x4942,0x4942,0x4963,0x3922,0x4142,0x61c3,0x6a04,0x8285,0x8ac6,0x8aa6,0x92e6,0x8a85,0x8285,0x92c6,0x92c6,0x92e6,
0xa327,0x92a5,0x6a04,0xab67,0xe64e,0x82a7,0x8ac7,0xccaa,0x8ac6,0x6a25,0x8ac6,0x7a86,0x7266,0x41a5,0x31a6,0x0840,
0x28a1,0x0020,0x10a2,0x52cb,0x6b6d,0x4943,0x3923,0x20a2,0x1081,0x20a1,0x3902,0xfe8f,0xfe6b,0xfeac,0xffcf,0xff56,
0x4840,0x61e3,0x6a25,0x6205,0x6205,0x5a05,0x41a4,0x4964,0x4144,0x20e3,0x2103,0x3123,0x3943,0x3943,0x3943,0x3943,
0x3123,0x3123,0x28c2,0x1022,0x1063,0x28e3,0x3943,0x4163,0x4184,0x4184,0x4184,0x3943,0x3963,0x6205,0x7266,0x6a46,
0x7266,0x7266,0x7266,0x7266,0x7266,0x7266,0x7a66,0x8286,0x7224,0x69a3,0xfdec,0xdc08,0xdbe8,0xc429,0x0861,0x0820,
0x0821,0x0000,0x0841,0x3103,0x41c6,0x1082,0x1040,0x0820,0x18e4,0x630c,0x5aab,0x1881,0x18a2,0x0841,0x0861,0x20a1,
0x20a1,0xfe8d,0xee0a,0xf6cd,0xff6e,0x89a0,0x4142,0x7aa7,0x7aa7,0x7286,0x7286,0x7266,0x6a66,0x6a46,0x51c5,0x4184,
0x41a4,0x49c4,0x51c5,0x51c4,0x49c4,0x49a4,0x49a4,0x3104,0x49c5,0xbca6,0xcd27,0x6aa5,0x28e4,0x51c4,0x51e5,0x51e5,
0x5a05,0x5a05,0x51e5,0x49e5,0x8ae8,0x8ae8,0x8ae7,0x8b08,0x9308,0x9348,0x9b48,0x9b68,0xaba9,0xb40a,0x92a6,0x81e3,
0xcc49,0xdc69,0xcc08,0xbc29,0x20c2,0x1040,0x1881,0x1881,0x1881,0x20c2,0x3985,0x2104,0x0820,0x0820,0x2945,0x5aeb,
0x4208,0x20c2,0x20c3,0x0861,0x1081,0x3102,0x2081,0xf64e,0xfecc,0xfde9,0xb282,0x5100,0x61c3,0x82a7,0x82c7,0x82c7,
0x82a6,0x7aa7,0x6a45,0x6225,0x49e5,0x4984,0x51c5,0x49a4,0x49a4,0x51e5,0x51c5,0x51c5,0x3124,0x6245,0xfe27,0xfde5,
0xfd45,0xf546,0xa426,0x2904,0x6205,0x5a05,0x6a46,0x59e5,0x5a05,0x5a05,0x5a26,0x9b89,0x82c7,0x9308,0x9b48,0xa389,
0xa389,0xa3a9,0xa3a9,0xb40a,0xa327,0x81e3,0x8a44,0xb305,0xfdcb,0xed6c,0x0841,0x1061,0x1881,0x1881,0x1881,0x20c2,
0x3165,0x2145,0x0820,0x0820,0x3186,0x5aeb,0x39e7,0x20c2,0x18a2,0x0841,0x1081,0x3102,0x20c2,0x9ac4,0xcb85,0x70e0,
0x0000,0x18a0,0x3902,0x1860,0x30e1,0x1840,0x0000,0x3902,0x1060,0x1061,0x0841,0x0000,0x1061,0x1061,0x0841,0x20a2,
0x0000,0x0020,0x0001,0xfd84,0xcb62,0x2000,0x0800,0x9a22,0xfd64,0x0841,0x0021,0x0000,0x1881,0x1061,0x1061,0x28e2,
0x0000,0x28a2,0x3102,0x1061,0x4163,0x1860,0x1840,0x4983,0x0041,0x28e2,0x3922,0x0040,0x3922,0x2841,0xa285,0x7a24,
0x0001,0x1061,0x1881,0x1081,0x1881,0x20c2,0x3144,0x2945,0x0820,0x0820,0x31a6,0x5b0c,0x39c6,0x20c2,0x10a2,0x0841,
0x1881,0x3102,0x2102,0xa263,0x58e0,0x0861,0x1040,0x1880,0x4963,0x3902,0x4963,0x1860,0x1840,0x30e2,0x38e2,0x28e2,
0x0841,0x0000,0x1061,0x20c2,0x20c2,0x20a2,0x0000,0x0000,0x3942,0xfc03,0x0000,0x0840,0x0840,0x0000,0xdb83,0x6a23,
0x0021,0x0000,0x1881,0x28e2,0x30e2,0x20a2,0x0000,0x1081,0x59c4,0x4143,0x51a4,0x1881,0x1881,0x51a4,0x4983,0x59e4,
0x20a1,0x1881,0x2902,0x7a03,0x9b26,0x7a45,0x0021,0x1061,0x1881,0x1081,0x1881,0x18c2,0x2924,0x2965,0x0820,0x0020,
0x31c7,0x5b0c,0x3165,0x18a2,0x1082,0x0020,0x1881,0x3102,0x18e2,0x91e1,0x7960,0x4962,0x28c1,0x3922,0x2080,0x1020,
0x28a1,0x3922,0x28e1,0x3102,0x1040,0x0041,0x1904,0x0082,0x18e3,0x0041,0x0021,0x10c3,0x00a2,0x08c3,0x0001,0xcb22,
0x28c1,0x0020,0x0000,0x8a83,0xfc24,0x0000,0x2903,0x10a2,0x3123,0x0820,0x0820,0x2903,0x18a2,0x3943,0x28e3,0x1881,
0x3923,0x4163,0x4984,0x4164,0x20a1,0x3923,0x6a46,0x4163,0x7a66,0x3922,0xab05,0x72c6,0x0022,0x1061,0x1881,0x1081,
0x1081,0x20e2,0x2944,0x2965,0x0020,0x0000,0x39c7,0x5aeb,0x3165,0x20c2,0x1082,0x0040,0x1881,0x28e2,0x2942,0xdb24,
0x7981,0x4142,0x1860,0x28c1,0x3102,0x1880,0x30e1,0x28a1,0x1881,0x3902,0x0082,0x2802,0x88e2,0x7822,0x68e2,0x4022,
0x4002,0x5102,0x4802,0x5082,0x1062,0x70e1,0xba42,0x2101,0x9282,0xf3e4,0x7941,0x0042,0x28e3,0x0862,0x38e3,0x0082,
0x0082,0x3903,0x0082,0x18e3,0x3984,0x10e3,0x51a5,0x2944,0x3144,0x59e5,0x2124,0x5206,0x51e5,0x3923,0x5a05,0x5983,
0xab26,0x6225,0x0042,0x1061,0x1081,0x1061,0x1081,0x28e3,0x3164,0x2965,0x0020,0x0800,0x39c7,0x5aec,0x39a6,0x20e2,
0x1082,0x0841,0x1881,0x3102,0x18c2,0xaaa4,0xa263,0x20c1,0x0840,0x0840,0x5183,0x3902,0x5183,0x0040,0x0061,0x00c2,
0xa182,0xf320,0xf520,0xfce0,0xecc0,0xd2c0,0xf2e0,0xeb80,0xfc80,0xfc80,0xca40,0xe280,0x6900,0x8181,0x89e1,0x20e1,
0x9140,0xaa01,0xd241,0xd181,0xb181,0x8123,0x88e3,0x90e2,0x9042,0x8022,0x7986,0x7146,0x8186,0x6905,0x5905,0x8207,
0x9228,0x9248,0x6207,0x59c6,0x3164,0xab06,0xbbc8,0x59e5,0x0042,0x0861,0x1081,0x1061,0x1081,0x28e3,0x3164,0x2985,
0x0020,0x0820,0x39c7,0x5aec,0x3186,0x20e2,0x0882,0x0841,0x1881,0x3102,0x18e2,0x91e1,0x7140,0x4963,0x51a4,0x61e4,
0x5183,0x5183,0x5983,0x7204,0x79c4,0x81a2,0x9221,0x9ac1,0x6122,0x50a3,0x6102,0xaa41,0x9a21,0x79a1,0x79a1,0x81c1,
0xb320,0xbb20,0xd2a0,0x4100,0x00e1,0xba80,0xd360,0xcb60,0xaac1,0xbbc1,0x9aa1,0xd4a1,0xdd00,0xc3c1,0xe581,0xcca1,
0xf680,0xff00,0xf601,0xf5c1,0xfdc1,0xfe01,0xff40,0xfe80,0xfd02,0xfe22,0x82c7,0x3123,0xa2c4,0x72c6,0x0042,0x0861,
0x1081,0x1061,0x1081,0x20e3,0x3144,0x2985,0x0820,0x0820,0x39c7,0x5aeb,0x3185,0x20e2,0x1082,0x0841,0x1881,0x28e2,
0x2102,0xe364,0x7981,0x4142,0x0840,0x28c1,0x3922,0x28a1,0x4102,0x20a1,0x0061,0x6062,0xfda0,0xff40,0x6802,0x1063,
0x18a2,0x4102,0xa141,0xd1c0,0xfa60,0xa9e1,0x9162,0xb081,0xb121,0x7181,0xbaa0,0xa921,0xf181,0xd981,0xc1a1,0xfc41,
0xd380,0xfba0,0xfaa0,0xa9e0,0xf2e0,0xf2e1,0xfc21,0xfd20,0xf421,0xfce0,0xfd40,0xfc61,0xff20,0xfe21,0xfd01,0xfe60,
0x7a87,0x4984,0xab26,0x49e5,0x0862,0x1061,0x1081,0x1061,0x1081,0x20e3,0x3144,0x3165,0x0020,0x0820,0x39c7,0x5aeb,
0x3185,0x20e2,0x0882,0x0841,0x1881,0x3102,0x18a2,0xaae4,0xa283,0x28c1,0x1040,0x1060,0x4943,0x3902,0x4943,0x1081,
0x0082,0x4882,0xfc20,0xda80,0x0003,0x0882,0x5102,0x6944,0x3902,0x18a2,0x0021,0x0022,0x08a2,0x10c2,0x08e2,0xb142,
0x4040,0x00a2,0x00a2,0x18e3,0x0022,0x0002,0x3042,0x40a2,0x4082,0xba03,0x3082,0x0023,0x3105,0x48c5,0x5986,0x0804,
0x1005,0x69c6,0x9904,0x6966,0x3843,0xeae3,0x39c6,0xa2c6,0xc3c8,0x49c5,0x0862,0x1061,0x1081,0x1061,0x1081,0x20e3,
0x3144,0x3185,0x0020,0x0820,0x39c7,0x5aeb,0x3185,0x20e2,0x0882,0x0841,0x1881,0x30e2,0x18c2,0x9a01,0x99a0,0x59a2,
0x28c1,0x3102,0x2080,0x1040,0x28c1,0x4122,0x00a3,0xc182,0xffa0,0xfb20,0x3044,0x79c5,0x4964,0x1840,0x4060,0x48c1,
0x1881,0x1881,0x28c2,0x30e2,0x2081,0x6143,0x38a1,0x30a1,0x1020,0x1041,0x28e2,0x1881,0x4102,0x58a1,0x4080,0x2123,
0x99e4,0x91e3,0x18e2,0x10c2,0x4164,0x49a4,0x51c5,0x51c5,0x7122,0x18e3,0xd366,0xc307,0x5a46,0x40e2,0xaac4,0x6a86,
0x0042,0x1061,0x1081,0x1061,0x1081,0x20e3,0x3144,0x3185,0x0020,0x0820,0x39c7,0x5aeb,0x3185,0x20e2,0x0882,0x0841,
0x1881,0x30e2,0x2122,0xe364,0x91a1,0x5182,0x1880,0x28c1,0x30e1,0x1880,0x30e2,0x30e2,0x1063,0xb1e1,0xfea0,0xfac0,
0x6186,0x00a3,0x2081,0x50e1,0x2860,0x1881,0x0820,0x28a1,0x4123,0x1840,0x40e2,0x30a0,0x48a0,0x38c1,0x1860,0x2081,
0x20a1,0x1040,0x28c2,0x0861,0x38a1,0x6942,0x0040,0x3164,0xc2a5,0x7183,0x3984,0x4143,0x4163,0x59e5,0x30e2,0x8224,
0x8266,0x7286,0x49a4,0x6163,0xbb26,0x41e5,0x0862,0x0861,0x1081,0x1061,0x1081,0x20e3,0x3144,0x3185,0x0020,0x0820,
0x39c7,0x5acb,0x3186,0x20e2,0x0881,0x0841,0x1881,0x3102,0x18c2,0xb2e3,0xa263,0x30e2,0x1040,0x1880,0x4943,0x38e1,
0x4963,0x20a2,0x2842,0xd9c0,0xe4c0,0xc2a1,0x0023,0x2061,0x48e2,0x28c1,0x1881,0x2081,0x1861,0x3903,0x28a1,0x28a1,
0x4122,0x3060,0x4080,0x38c1,0x28a1,0x30e2,0x1861,0x0800,0x2081,0x30e2,0x28c2,0x30e2,0x48a0,0x0841,0x49e5,0xbae7,
0xa2c6,0x0862,0x20e2,0x6a05,0x7a45,0x8aa6,0x6a25,0x7246,0x3122,0xbb86,0xcba8,0x49a5,0x0862,0x0861,0x1081,0x1061,
0x1081,0x28e3,0x3144,0x2965,0x0020,0x0820,0x39c7,0x5acb,0x39a6,0x20e2,0x0882,0x0841,0x1881,0x3102,0x18c2,0xa242,
0xa1e0,0x59c3,0x28c1,0x3902,0x20a1,0x1860,0x28c1,0x4123,0x2802,0xfd00,0xffe0,0x6001,0x2125,0x5123,0x20c2,0x0820,
0x0800,0x28a1,0x4143,0x20a1,0x1820,0x38e2,0x30c1,0x38c1,0x48e1,0x30a1,0x1840,0x2040,0x30e2,0x2081,0x30e2,0x0820,
0x0800,0x28e2,0x20a1,0x6163,0x1061,0x4984,0x9ae7,0xb2e6,0x4184,0x59e5,0x8266,0x2902,0x9b48,0x51c4,0x6205,0x5102,
0xbb05,0x6245,0x0062,0x0861,0x1081,0x1061,0x1061,0x18a1,0x2944,0x2965,0x0020,0x0820,0x39c7,0x5acb,0x3186,0x20c2,
0x0882,0x0841,0x1881,0x28e2,0x2102,0xec25,0x99c1,0x4962,0x2080,0x30e1,0x3902,0x18a1,0x30e2,0x10e3,0xd163,0xf540,
0xfce0,0x2003,0x7144,0x0041,0x20a1,0x1861,0x1841,0x30e2,0x1020,0x1840,0x28a1,0x3923,0x2880,0x38a1,0x40c1,0x30c1,
0x2060,0x2881,0x20a1,0x1840,0x28c1,0x1861,0x1861,0x28e2,0x0840,0x0881,0x81a3,0x1081,0x8ac7,0x8266,0x9aa6,0x9b07,
0x4163,0x4143,0x9b28,0x20a1,0x59e4,0x6983,0xcb86,0x41e5,0x0862,0x0861,0x1081,0x1061,0x1061,0x1061,0x2924,0x2965,
0x0020,0x0820,0x39c7,0x5acb,0x2945,0x18a2,0x0881,0x0041,0x1881,0x3102,0x1061,0xbb85,0xbae3,0x30e1,0x1860,0x1880,
0x4963,0x3902,0x4963,0x5925,0xeb20,0xe4e0,0xa8a0,0xa182,0x08a3,0x0821,0x1861,0x28c2,0x3923,0x20a1,0x1000,0x1020,
0x3102,0x30c1,0x30a1,0x30a0,0x38a0,0x30c1,0x30c1,0x30e2,0x1860,0x1020,0x2081,0x30e2,0x30e2,0x20a1,0x0800,0x0020,
0x69e4,0x9285,0x6a45,0x6a46,0x7225,0xc388,0x59e4,0xa327,0x7ac7,0x1061,0x28e2,0xcc08,0xdc09,0x41a5,0x0862,0x0861,
0x1081,0x1061,0x1061,0x1061,0x2924,0x3165,0x0020,0x0820,0x39c7,0x5aeb,0x2945,0x18a2,0x0881,0x0841,0x18a1,0x3102,
0x10a1,0xaa42,0xaa01,0x59c3,0x28c1,0x3902,0x28a1,0x1060,0x5984,0x38c3,0xd320,0xe4a0,0xfc60,0x3802,0x2104,0x2081,
0x20a2,0x30e2,0x28c2,0x1861,0x1860,0x2081,0x3943,0x1820,0x2860,0x38e1,0x38e1,0x30c1,0x2040,0x2060,0x28c1,0x2081,
0x30e2,0x0820,0x0800,0x28e2,0x1881,0x28e2,0x0041,0x4922,0x69e4,0x7266,0x9b08,0x7a86,0x5183,0x7266,0x92e7,0x4143,
0x7285,0x5942,0xcb05,0x5a46,0x0062,0x0861,0x1081,0x1061,0x1061,0x1081,0x2903,0x3185,0x0020,0x0820,0x39c7,0x5acb,
0x2945,0x18a2,0x0881,0x0841,0x18a1,0x3102,0x18e2,0xe3c4,0xa202,0x5182,0x20a1,0x30e1,0x30e1,0x3903,0x69c4,0x4084,
0xfc01,0xed80,0xd2c1,0x0003,0x28c3,0x1841,0x28e2,0x3943,0x1040,0x1881,0x1020,0x30e2,0x30c2,0x2040,0x2880,0x38c1,
0x38e1,0x30c1,0x2880,0x28a1,0x28a1,0x1840,0x28a1,0x1861,0x1860,0x28c2,0x1040,0x20a1,0x28c2,0x1061,0x8a86,0x8286,
0xab27,0x6225,0x6a25,0x9308,0x59c4,0x3902,0x59e4,0x71a3,0xdba7,0x4206,0x0862,0x0841,0x1081,0x1061,0x1061,0x1081,
0x2903,0x2965,0x0020,0x0820,0x39c7,0x5acb,0x2945,0x18a2,0x0881,0x0841,0x18a1,0x3102,0x0861,0xab24,0xaa83,0x3102,
0x1860,0x1860,0x59a3,0x61e5,0x3163,0x9885,0xfec0,0xfe20,0x5002,0x2923,0x1882,0x1861,0x3944,0x28c2,0x20a1,0x2081,
0x1040,0x3923,0x28a1,0x2881,0x30c1,0x38c1,0x38c1,0x30e1,0x30c1,0x30e2,0x2060,0x1020,0x2081,0x30e2,0x30e2,0x2081,
0x0800,0x0840,0x59c3,0x59a4,0xa328,0x5184,0x59a4,0x9b07,0x7a86,0xb368,0x0800,0x30c1,0x20c2,0xcc08,0xe449,0x3103,
0x0861,0x0840,0x1061,0x1061,0x1061,0x1061,0x2103,0x3165,0x0020,0x0820,0x39c7,0x5acb,0x2945,0x18a2,0x0882,0x0041,
0x18a1,0x3102,0x08a1,0x89c1,0xb201,0x59e3,0x30e1,0x3902,0x4963,0x3902,0x0903,0xa8e2,0xfd60,0xf320,0x5862,0x0062,
0x28e3,0x3924,0x3103,0x0820,0x1020,0x1861,0x3102,0x3102,0x2040,0x2040,0x2880,0x38e1,0x4102,0x30a1,0x2060,0x2060,
0x30c1,0x2081,0x28c1,0x1020,0x1000,0x28c1,0x1881,0x28c2,0x0020,0x6205,0x7246,0x6a25,0x6a25,0x82a6,0x7246,0x9308,
0x82c6,0x4143,0x7a85,0x6143,0xe345,0x51c4,0x0041,0x0840,0x1061,0x1061,0x1061,0x1061,0x2104,0x3165,0x0020,0x0820,
0x39c7,0x52cb,0x2945,0x18a2,0x0881,0x0020,0x18a1,0x3102,0x18c2,0xe3a4,0x99e1,0x49a3,0x28c1,0x30e2,0x59e4,0x20a1,
0x4164,0xb8a0,0xff40,0xdaa0,0x3043,0x1882,0x3103,0x28e3,0x1881,0x1861,0x1040,0x20a1,0x3944,0x2060,0x2880,0x2860,
0x2880,0x38e1,0x38e1,0x30c1,0x2880,0x2881,0x28a1,0x1860,0x28a1,0x1861,0x1840,0x20c1,0x1040,0x1061,0x4984,0x6a25,
0x51a4,0x51a4,0x8265,0x7a86,0xa348,0x6205,0xab68,0x28e2,0x5a04,0x71c3,0xe3c7,0x3144,0x0861,0x0841,0x1061,0x1061,
0x1061,0x1061,0x2103,0x3165,0x0020,0x0820,0x31c7,0x52cb,0x2945,0x18a2,0x0861,0x0020,0x18a1,0x3102,0x0881,0xaae3,
0xaa83,0x28e2,0x2080,0x3922,0x59c4,0x3922,0x5924,0xfb00,0xfee0,0xe2e1,0x2083,0x30e2,0x3944,0x1041,0x1841,0x28c2,
0x2081,0x3103,0x28c2,0x1840,0x28a1,0x28a1,0x30c1,0x38c1,0x38c1,0x30c1,0x30c1,0x30e1,0x2080,0x1020,0x2060,0x28e2,
0x30c2,0x2081,0x0800,0x0861,0x7225,0x61c4,0x6a25,0x3102,0x3903,0x9b07,0xbb88,0x7265,0x82a7,0x28e2,0x18e2,0xbbe7,
0xdc09,0x41a5,0x0882,0x0861,0x1081,0x1061,0x1061,0x1081,0x2103,0x3165,0x0020,0x0820,0x39c7,0x52cb,0x2944,0x18a2,
0x0861,0x0020,0x1881,0x3102,0x08a1,0x8181,0xb201,0x59c3,0x30e1,0x59c4,0x20a1,0x10c2,0x6946,0xec40,0xfe80,0x98e1,
0x0863,0x3103,0x3103,0x1861,0x20a2,0x1040,0x1040,0x3943,0x2060,0x2081,0x2060,0x2040,0x2880,0x4102,0x4102,0x30c1,
0x2860,0x2860,0x28c1,0x2080,0x28c1,0x1020,0x1020,0x20a1,0x1861,0x49a5,0x1061,0x0860,0x5183,0x59c4,0x4163,0xcbc9,
0x5184,0x20c2,0x9307,0x8286,0x6205,0x6963,0xdb45,0x5a46,0x0042,0x0861,0x1081,0x1061,0x1061,0x1081,0x2103,0x3165,
0x0020,0x0820,0x31c7,0x52cb,0x2945,0x18a2,0x0881,0x0840,0x1881,0x3102,0x10c2,0xcb43,0xa1e2,0x4962,0x3902,0x6205,
0x28c1,0x18e3,0x8985,0xfd40,0xfee0,0x78a2,0x2123,0x4164,0x1882,0x1861,0x2081,0x1840,0x30c2,0x3103,0x1820,0x2060,
0x2881,0x2860,0x30a0,0x38e1,0x38e2,0x30c1,0x2880,0x28a0,0x28a1,0x1860,0x20a1,0x1860,0x1040,0x20a1,0x3964,0x28e3,
0x20a1,0x20a1,0x59a4,0x4983,0x30e2,0xd409,0x59e5,0x4163,0x6a25,0x8ac7,0x59e4,0x79a3,0xe3a7,0x39a5,0x0882,0x0841,
0x1081,0x1061,0x1061,0x1081,0x2103,0x2965,0x0020,0x0820,0x31c7,0x52ab,0x2945,0x18a2,0x0861,0x0041,0x1881,0x3102,
0x0881,0x9263,0x9a43,0x20e1,0x4122,0x5183,0x4962,0x2923,0x8923,0xffc0,0xfea0,0x6802,0x5184,0x30e2,0x1861,0x1040,
0x1840,0x28c2,0x4164,0x2081,0x1820,0x2040,0x28c1,0x30a1,0x30c1,0x38e1,0x38e1,0x30c1,0x30c1,0x30e1,0x2060,0x1840,
0x2080,0x28c1,0x28c1,0x3123,0x28e3,0x1040,0x4963,0x61a4,0x6a25,0x3102,0x30e2,0xcbc9,0x92e7,0x8a85,0x2902,0x7a86,
0x49a4,0xbbc7,0xe449,0x3985,0x0862,0x0841,0x1081,0x1061,0x1061,0x1081,0x2103,0x2965,0x0020,0x1040,0x31a6,0x52ab,
0x2945,0x18a2,0x0861,0x0041,0x1881,0x3102,0x08a1,0x7141,0xa9c1,0x4183,0x59c4,0x5183,0x28c1,0x10a3,0xda03,0xed60,
0xfc80,0x50a3,0x4143,0x1041,0x28c3,0x1861,0x2081,0x28a2,0x30e2,0x2061,0x2060,0x2881,0x2060,0x2060,0x3080,0x4102,
0x4102,0x30c1,0x2860,0x2880,0x28c1,0x2080,0x28c1,0x1020,0x20a2,0x4164,0x1040,0x20c2,0x1881,0x1061,0x5183,0x51a4,
0x8265,0x82c7,0x92e7,0x20e2,0x6204,0x7a66,0x7a86,0x5963,0xeb86,0x5a46,0x0062,0x0841,0x1081,0x1061,0x1061,0x1061,
0x2103,0x2965,0x0820,0x1040,0x31a6,0x52ab,0x2945,0x18a2,0x0861,0x0040,0x1881,0x2902,0x10e2,0xd2e3,0x89a1,0x4162,
0x61e4,0x3922,0x2902,0x5104,0xfb21,0xf5c0,0xfae0,0x48c3,0x20c2,0x1861,0x20a2,0x1861,0x1881,0x4143,0x2061,0x2081,
0x2060,0x2080,0x2881,0x2860,0x30a0,0x4101,0x38e2,0x30c1,0x2880,0x28a1,0x28a1,0x2060,0x2081,0x2081,0x4184,0x20a1,
0x1040,0x20a1,0x20a1,0x20a1,0x51a4,0x4983,0x92c7,0x8aa7,0x8aa7,0x49a4,0x51a3,0x59c4,0x82a7,0x69c3,0xeba7,0x2923,
0x0861,0x0840,0x1061,0x1061,0x1061,0x1061,0x2103,0x2965,0x0820,0x1040,0x31a6,0x52aa,0x2944,0x1882,0x0861,0x0040,
0x1881,0x3102,0x08a1,0x9243,0x8a03,0x3122,0x59c4,0x28c1,0x4983,0x7124,0xba80,0xff20,0xe1c1,0x28e3,0x4102,0x28c2,
0x1861,0x1040,0x2081,0x3902,0x20a1,0x2081,0x1840,0x2060,0x30c1,0x30c1,0x30c1,0x38e1,0x38e1,0x30c1,0x30c1,0x30e1,
0x2080,0x1840,0x1860,0x4164,0x3102,0x1861,0x0820,0x1041,0x4943,0x5983,0x6204,0x3943,0x8ae7,0x8286,0x8a86,0xb347,
0x10a1,0x4163,0x6a66,0xab06,0xe469,0x20e2,0x0841,0x0840,0x1061,0x1061,0x1061,0x1061,0x2904,0x3165,0x0020,0x0840,
0x31a6,0x52aa,0x2945,0x1082,0x0861,0x0020,0x1081,0x3102,0x08a1,0x7120,0x99c1,0x51a4,0x6a05,0x3902,0x2943,0xb124,
0xfd00,0xfd80,0x7203,0x28e3,0x2081,0x1841,0x28c2,0x1861,0x3903,0x1840,0x1820,0x2081,0x2060,0x2881,0x2880,0x2860,
0x3080,0x4102,0x4102,0x30c1,0x2860,0x2880,0x28a1,0x2060,0x3923,0x28c2,0x1020,0x28a1,0x1861,0x20a2,0x1881,0x1881,
0x3902,0x92e7,0x82c7,0xab27,0x2102,0x82a6,0x6205,0x5184,0x8ae7,0x61c3,0xeb65,0x3963,0x0041,0x0841,0x1061,0x1061,
0x1061,0x1061,0x2923,0x3185,0x0020,0x0840,0x31a6,0x52aa,0x2945,0x1082,0x0861,0x0020,0x1881,0x28e2,0x10e2,0xe323,
0x91a1,0x4983,0x61e4,0x30e2,0x5184,0x9142,0xfe80,0xecc0,0x3023,0x3902,0x28a1,0x1861,0x2081,0x28a2,0x3923,0x1840,
0x1860,0x2081,0x2060,0x2881,0x2881,0x2880,0x30a1,0x4102,0x4102,0x30c1,0x3080,0x2881,0x2880,0x3102,0x3923,0x1840,
0x1840,0x20a1,0x1861,0x20a2,0x20a1,0x20a1,0x4143,0x8ae7,0x6a25,0xab27,0x2902,0x7245,0x59c4,0x4983,0x92e7,0x69e3,
0xebc7,0x39c5,0x0862,0x0841,0x1081,0x1081,0x1061,0x1081,0x2924,0x3185,0x0820,0x1040,0x31a6,0x52aa,0x2945,0x1082,
0x0861,0x0020,0x1081,0x28e2,0x0881,0x9a82,0xa222,0x2122,0x5184,0x28c1,0x51c4,0x8922,0xdc20,0x9302,0x3042,0x3102,
0x4102,0x28c2,0x1061,0x3924,0x2081,0x28a1,0x28a1,0x2881,0x1840,0x2060,0x30c1,0x30c1,0x38c1,0x40e1,0x40e1,0x38e1,
0x38e1,0x30c1,0x30e2,0x3943,0x2061,0x28c1,0x28c1,0x2081,0x1020,0x1061,0x4123,0x5183,0x7a65,0x7a87,0x7a66,0x8aa6,
0x69c4,0x7a65,0x4163,0x4163,0x7aa6,0xa2e6,0xe429,0x3165,0x0062,0x0841,0x1081,0x1061,0x1061,0x1081,0x2924,0x3166,
0x0020,0x1040,0x31a6,0x52aa,0x2945,0x1082,0x0861,0x0040,0x1081,0x28e2,0x0881,0x7120,0xb1c1,0x4983,0x59c4,0x3943,
0x7965,0xfb00,0xed40,0x9a02,0xaa82,0x18c2,0x2081,0x1040,0x3103,0x4144,0x2081,0x1840,0x1840,0x2881,0x2881,0x28a1,
0x2880,0x2860,0x30a1,0x4102,0x4102,0x30c1,0x2880,0x2880,0x4164,0x2881,0x28a1,0x1840,0x1040,0x28a1,0x1861,0x20a2,
0x1881,0x0840,0x61e4,0x82a7,0xa328,0x4143,0x20c1,0x4143,0x6a25,0x59c4,0x8ac7,0x61a3,0xe365,0x41c5,0x0042,0x0841,
0x1081,0x1061,0x1061,0x1081,0x2924,0x3166,0x0020,0x1060,0x31a6,0x52aa,0x2945,0x1082,0x0861,0x0041,0x1081,0x28e2,
0x10c2,0xe343,0x99a1,0x4162,0x51a4,0x3943,0x68a4,0xfd20,0xb442,0xda61,0xa9c4,0x4143,0x2081,0x1040,0x4164,0x2082,
0x2061,0x2061,0x2061,0x2881,0x2061,0x2881,0x30a1,0x2880,0x28a1,0x5122,0x5922,0x30c1,0x2880,0x4964,0x30c2,0x2060,
0x28a1,0x2061,0x1861,0x28a1,0x1861,0x20a1,0x20a1,0x2060,0x7246,0x82a7,0x59c4,0x51a3,0x3102,0x4163,0x7225,0x6205,
0x7aa7,0x69c3,0xe366,0x39c5,0x0042,0x0841,0x1081,0x1061,0x1061,0x1081,0x2924,0x3166,0x0020,0x1060,0x31a6,0x52aa,
0x2965,0x1081,0x0861,0x0820,0x1081,0x28e2,0x0881,0xa283,0xa242,0x1901,0x4143,0x4964,0x7183,0xe380,0x9262,0xe261,
0x00a3,0x69c4,0x38e1,0x30e2,0x4144,0x1020,0x1861,0x30c2,0x30c2,0x28a1,0x2061,0x2881,0x38e2,0x38c1,0x30c1,0x6142,
0x7142,0x28c1,0x4964,0x4143,0x2080,0x2060,0x2881,0x30e2,0x30e1,0x2081,0x1040,0x1861,0x4122,0x4943,0x9308,0x7a86,
0x30e2,0x61e4,0x69e4,0x6a04,0x51a4,0x7245,0x6205,0xaae6,0xe408,0x2944,0x0041,0x0841,0x1081,0x1061,0x1061,0x1881,
0x2944,0x3166,0x0020,0x1060,0x31a6,0x52aa,0x3165,0x1081,0x0861,0x0040,0x1081,0x28e2,0x0081,0x7920,0xb1c1,0x4962,
0x4963,0x59c5,0x7162,0xe4c1,0xe4c1,0x8142,0x08e2,0x5163,0x4123,0x30e3,0x3103,0x2061,0x28a2,0x2061,0x2061,0x30c2,
0x28a2,0x28c2,0x28c2,0x2082,0x20a2,0x5164,0x4123,0x3944,0x4965,0x28a1,0x30e2,0x28a1,0x30c2,0x1861,0x1860,0x28c1,
0x2081,0x28c2,0x1041,0x3102,0x8286,0x4943,0x5183,0x51a4,0x28c1,0x30e2,0x7245,0x8ac7,0x7266,0x69a3,0xe345,0x2924,
0x0042,0x0841,0x1081,0x1061,0x1061,0x20c2,0x2924,0x3166,0x0820,0x1060,0x31a6,0x52aa,0x3186,0x18a2,0x0861,0x0040,
0x1081,0x28e1,0x10e2,0xe343,0x99a1,0x4962,0x3122,0x71e5,0xa1e1,0x92e3,0xfee0,0x4023,0x28e2,0x3902,0x4943,0x5165,
0x1882,0x1861,0x28c2,0x18a2,0x0883,0x18a3,0x1003,0x3003,0x3883,0x50a3,0x4083,0x9125,0x6864,0x6986,0x2823,0x1843,
0x10a3,0x10a3,0x30e2,0x20a2,0x2081,0x28c2,0x2081,0x20a2,0x1881,0x7a66,0x59c4,0x4143,0x5163,0x59c4,0x3102,0x3922,
0x61e4,0x92e8,0x6205,0x79a3,0xeb65,0x39e5,0x0021,0x0841,0x1081,0x1061,0x1081,0x20e3,0x2924,0x3165,0x0820,0x1060,
0x31a6,0x52aa,0x3185,0x18c2,0x0861,0x0040,0x1081,0x28e2,0x0881,0xa282,0x9a43,0x28e1,0x18a1,0x7a05,0x6123,0xa2e2,
0xdac1,0x3063,0x28c2,0x3102,0x5963,0x4123,0x4124,0x0063,0x0003,0x4803,0x6042,0xa901,0xfb20,0xfd40,0xdb80,0xfc00,
0xdb60,0xfea0,0xfe20,0xec00,0xfaa0,0xc301,0xb1a2,0x60c3,0x2043,0x10a3,0x2903,0x20a2,0x0841,0x28e3,0x51a4,0x6205,
0x59a4,0x3902,0x3102,0x69e4,0x69e4,0x61e4,0x4983,0x8ae8,0x4942,0xab06,0xe407,0x18e3,0x0021,0x0841,0x1081,0x1061,
0x1061,0x20c3,0x2924,0x2965,0x0820,0x1060,0x31a6,0x528a,0x3165,0x18a2,0x0861,0x0020,0x1081,0x28e2,0x0081,0x6920,
0xa1a1,0x4983,0x2902,0x8a25,0xa102,0xffc0,0xfc00,0x2063,0x30e2,0x5163,0x79c5,0x0042,0x60e5,0xb8c3,0x98c0,0xfd80,
0xff80,0xdc00,0xee00,0xc480,0xa2e1,0xa3a2,0x8a02,0x5962,0x5982,0x8222,0xabc2,0xc3c1,0xcc00,0xfda0,0xeae0,0xd241,
0x4003,0x0823,0x4164,0x69c6,0x4123,0x51a4,0x4143,0x4963,0x5183,0x51a3,0x28e2,0x28c2,0xa307,0x8ac7,0x59c4,0x7181,
0xcaa3,0x0882,0x0021,0x0841,0x1081,0x1061,0x1061,0x20e3,0x2924,0x3165,0x0820,0x1060,0x31a6,0x52aa,0x3165,0x18a2,
0x0861,0x0020,0x1081,0x28e1,0x10e2,0xdb03,0x9181,0x4162,0x3923,0x7184,0x6a03,0xff00,0xd981,0x18c3,0x18e2,0x71a4,
0x48c3,0x5002,0xda80,0xffe0,0xf4e0,0xedc1,0x7a42,0x3822,0x9141,0xa961,0xa9e2,0xb142,0x88e2,0xeb01,0xd240,0xa1c2,
0xfb01,0xf461,0xcb21,0xa2e1,0x8282,0xc421,0xfd01,0xf321,0xa945,0x0063,0x61c5,0x4143,0x4143,0x4143,0x4963,0x59a3,
0x28e2,0x49a3,0x8266,0x8286,0x4163,0x6961,0xc283,0x2963,0x0000,0x0841,0x1081,0x1061,0x1061,0x20c2,0x2924,0x3165,
0x0820,0x1060,0x31a6,0x52aa,0x2965,0x18a2,0x0861,0x0020,0x1081,0x28e2,0x0881,0xaaa3,0x9a23,0x20e1,0x3923,0x6124,
0x8a42,0xebe0,0x7123,0x1104,0x08a4,0xa944,0xc1c0,0xfc20,0xff20,0xc3e1,0x4802,0x3002,0xb201,0xa142,0x4903,0x10a3,
0x08c3,0x08c2,0x00c2,0xa943,0xc161,0x00a3,0x1063,0x0003,0x4083,0xe1a1,0xf460,0xc301,0x9ae2,0xa302,0xfd01,0xe202,
0x3144,0x3144,0x5184,0x3923,0x3102,0x61a4,0x69e4,0x8aa6,0x59a4,0x7225,0x20a1,0x8203,0xc2c4,0x0862,0x0020,0x0841,
0x1081,0x1061,0x1081,0x20e2,0x2924,0x3165,0x0020,0x1060,0x31a6,0x528a,0x2965,0x18a2,0x0861,0x0020,0x1061,0x28e2,
0x08a1,0x7140,0xa1a1,0x4162,0x4963,0x7125,0xff00,0xff20,0x6024,0x00a4,0x9042,0xfca0,0xfec0,0xdd01,0x4003,0x7803,
0x48e3,0x1082,0x0042,0x30e2,0x6143,0x6164,0x5923,0x4902,0x40e2,0x7163,0x9141,0x4922,0x5923,0x7163,0x79a5,0xa183,
0x40a1,0x4842,0xfb01,0xfbe1,0xa322,0x8b03,0xaa63,0x7123,0x1925,0x4984,0x5163,0x4984,0x7225,0x8a86,0x61e4,0x7225,
0x30e2,0x60e0,0xa9c1,0x0041,0x0020,0x0841,0x1081,0x1061,0x1061,0x20c2,0x2924,0x3165,0x0820,0x1060,0x31a6,0x528a,
0x2965,0x18a2,0x0861,0x0040,0x1061,0x28c1,0x18e2,0xe302,0x9180,0x4162,0x5184,0x60e4,0xff00,0xffe0,0x2003,0xc881,
0xffe0,0xfd80,0x89e2,0x5003,0x38c3,0x00a3,0x20c2,0x2081,0x2081,0x38e2,0x4103,0x5143,0x5143,0x4902,0x4902,0x4102,
0x5901,0x5123,0x6143,0x7963,0x59a4,0x7964,0x4923,0x10c3,0x0043,0x3002,0xfce0,0xab42,0x5a04,0xfd01,0xa1a3,0x00e5,
0x2944,0x9245,0x8a66,0x4184,0x59c4,0x7225,0x20c1,0x58c0,0xa9e1,0x18e2,0x0020,0x0841,0x1881,0x1061,0x1081,0x20c2,
0x2924,0x3165,0x0820,0x1060,0x31a6,0x528a,0x2965,0x18a2,0x0861,0x0020,0x1061,0x28e1,0x0881,0xaa82,0x9222,0x2102,
0x3104,0xa303,0xd360,0xb060,0x9901,0xffe0,0xff40,0x68a3,0x3843,0x30c3,0x1882,0x1062,0x30c2,0x4123,0x4123,0x38e2,
0x2081,0x2060,0x30c1,0x28a1,0x30c1,0x4902,0x60c0,0x28c1,0x28c1,0x28c1,0x1881,0x2881,0x40e2,0x5143,0x5943,0x3923,
0x1043,0x6943,0xfc01,0xa342,0xc302,0xbaa3,0x7a27,0x8a45,0x9245,0x4983,0x61c4,0x69c4,0x1020,0x5941,0x99e2,0x1081,
0x0020,0x0841,0x1081,0x1081,0x1081,0x20c2,0x2924,0x3165,0x0020,0x1060,0x31a6,0x528a,0x2945,0x1082,0x0861,0x0020,
0x1061,0x28e1,0x0081,0x8160,0x99a0,0x4163,0x3944,0xbac2,0xff80,0xfe00,0xfea0,0xdd81,0x4823,0x5903,0x08a2,0x1861,
0x4103,0x5164,0x4923,0x1861,0x1840,0x28a1,0x2081,0x2881,0x2880,0x2060,0x2880,0x4122,0x40c1,0x30c1,0x2880,0x2880,
0x30c1,0x2080,0x28a1,0x1040,0x1041,0x6143,0x8984,0x4164,0x5802,0xfec0,0xbcc1,0xcb62,0xc282,0x9266,0x2103,0x2902,
0x7225,0x4943,0x1881,0x58c0,0xa9a1,0x0061,0x0020,0x0841,0x1081,0x1081,0x1081,0x20c2,0x2924,0x2966,0x0820,0x1060,
0x31a6,0x528a,0x2945,0x1082,0x0861,0x0020,0x1061,0x28c1,0x18e2,0xd2c2,0x99c1,0x4163,0x3123,0xfac0,0xffa0,0xffe0,
0xf5a1,0x8001,0x99e2,0x1923,0x30c2,0x5123,0x4103,0x0861,0x20a1,0x1861,0x1840,0x28a1,0x2060,0x2881,0x2881,0x2060,
0x30a1,0x3902,0x38c1,0x30c1,0x2880,0x2880,0x28a1,0x2060,0x28c1,0x2061,0x1840,0x0861,0x2902,0x4143,0xb245,0xea41,
0xf6e0,0xb3a2,0xc302,0x8264,0x00c4,0x3923,0x61e5,0x38e2,0x1881,0x4080,0xa9e1,0x2102,0x0020,0x0841,0x1081,0x1061,
0x1061,0x20c2,0x2924,0x2965,0x0020,0x1060,0x31a6,0x528a,0x2965,0x1082,0x0861,0x0020,0x1061,0x28c1,0x0881,0xa283,
0x9223,0x3122,0x49a4,0x8901,0xe281,0xeae0,0x8143,0x18a2,0xa9c1,0x91c2,0x5983,0x3903,0x1061,0x1020,0x1861,0x30e2,
0x28c2,0x28a1,0x1840,0x2040,0x30c1,0x30c1,0x30c1,0x38e2,0x3080,0x30c1,0x30e1,0x30e1,0x2060,0x1840,0x2060,0x28c1,
0x30c2,0x28a1,0x5164,0xd161,0x79c2,0x7a03,0x6003,0xffe0,0xbcc2,0xb283,0x5964,0x59c5,0x59a5,0x28a1,0x0820,0x4921,
0x91e2,0x1081,0x0020,0x0841,0x1081,0x1061,0x1061,0x20c2,0x2924,0x3165,0x0020,0x1060,0x31a6,0x528a,0x2965,0x1082,
0x0861,0x0040,0x1061,0x28c1,0x0081,0x9180,0xa9c1,0x4983,0x6a05,0x3143,0x18c3,0x69a4,0xa203,0x3102,0x6183,0xa203,
0x2881,0x0820,0x28c2,0x2061,0x28c2,0x1840,0x1040,0x28a1,0x2081,0x2881,0x2060,0x1840,0x2880,0x3902,0x30c1,0x30a1,
0x2860,0x2060,0x30c1,0x2881,0x38e2,0x4902,0x5101,0x4922,0x5164,0x20c2,0x0061,0x0082,0xca62,0xfaa0,0xfe00,0x7a23,
0xdb01,0x4124,0x4143,0x30e2,0x1081,0x58c0,0xb1a0,0x0881,0x0020,0x0841,0x1081,0x1061,0x1061,0x20c2,0x2924,0x3165,
0x0020,0x1060,0x31a6,0x528a,0x2965,0x1082,0x0861,0x0020,0x1061,0x20c1,0x10e2,0xc2a2,0x7960,0x49a3,0x61e4,0x4122,
0x51c4,0x61c4,0x4122,0x79c4,0x71a3,0x3122,0x40e1,0x38c2,0x28e2,0x1861,0x28a2,0x1840,0x1840,0x28a1,0x2061,0x2081,
0x2081,0x2040,0x28a0,0x3902,0x30a1,0x30c1,0x30c1,0x3902,0x3902,0x30c1,0x30e2,0x28a1,0x1040,0x3102,0x28e2,0x1881,
0x28e2,0xb1a3,0x5963,0x4903,0xfbe0,0xdc81,0x8a63,0xfb43,0x08c3,0x38e2,0x1081,0x4880,0xb9e1,0x18e2,0x0020,0x0841,
0x1081,0x1061,0x1061,0x20c2,0x2924,0x2965,0x0020,0x1060,0x31a6,0x528a,0x2965,0x1082,0x0861,0x0020,0x1061,0x28c1,
0x0881,0xaaa3,0x81e2,0x41a4,0x5163,0x4122,0x6a25,0x59a4,0x7a04,0x7162,0x0880,0x3902,0x38e2,0x4123,0x3103,0x1861,
0x1861,0x30e2,0x28c2,0x28a1,0x1020,0x1840,0x30e2,0x28a1,0x30c1,0x28c2,0x30a1,0x4123,0x4102,0x3902,0x2060,0x1820,
0x2060,0x28c1,0x28c1,0x4164,0x1861,0x30e2,0x6184,0x4963,0x4984,0x00a4,0x81e2,0xfd20,0xbae1,0x5922,0x1042,0x38e3,
0x0020,0x5941,0x99e2,0x10a1,0x0020,0x0841,0x1061,0x1061,0x1061,0x20c2,0x2904,0x2965,0x0020,0x1040,0x31a6,0x528a,
0x2945,0x1081,0x0841,0x0020,0x1061,0x28c1,0x0881,0x99c1,0x89a0,0x61e4,0x5183,0x6a25,0x5183,0x4942,0x79c4,0x2922,
0x3901,0x4942,0x1040,0x0820,0x3103,0x3103,0x3923,0x1861,0x1040,0x20a1,0x2081,0x2081,0x2081,0x2881,0x30e2,0x30e2,
0x28a1,0x30a1,0x2060,0x2060,0x28a1,0x2060,0x28a1,0x1040,0x1860,0x4143,0x3903,0x3903,0x0861,0x1860,0x4122,0x4984,
0x1064,0xb2a2,0xfee0,0x58c2,0x5842,0x3103,0x1881,0x50c0,0xa9a0,0x18c1,0x0020,0x0840,0x1061,0x1061,0x1061,0x18a2,
0x2103,0x2965,0x0020,0x0000,0x31a6,0x528a,0x2945,0x1081,0x0841,0x0040,0x1061,0x20a1,0x18e2,0xcaa2,0x81a0,0x59c4,
0x4143,0x59c4,0x51a3,0x61a3,0x3922,0x4122,0x38e1,0x4142,0x0840,0x1041,0x28e2,0x1041,0x28c2,0x28c2,0x28c2,0x28e2,
0x2081,0x28c1,0x30e2,0x2081,0x28a1,0x30e2,0x2081,0x30a1,0x2060,0x2080,0x28a1,0x2080,0x30e2,0x28a1,0x3902,0x3102,
0x0840,0x20a1,0x2081,0x2081,0x4122,0x4143,0x4163,0x4005,0xfe60,0xf6a0,0x7822,0x4103,0x1881,0x48a0,0xb9e1,0x18e1,
0x0000,0x0820,0x1061,0x1061,0x1061,0x18c2,0x2103,0x2965,0x0020,0x0000,0x3186,0x528a,0x2965,0x1082,0x0841,0x0020,
0x1061,0x20c1,0x1081,0xb2c3,0x8a03,0x41a4,0x51a4,0x5183,0x6a25,0x59c3,0x59a3,0x2080,0x2880,0x4122,0x4922,0x30e2,
0x1061,0x0820,0x1061,0x30e2,0x28e2,0x3102,0x20a2,0x28c2,0x3923,0x30e2,0x3102,0x28c2,0x2060,0x30e1,0x3902,0x3902,
0x30e2,0x28c2,0x28c2,0x30e2,0x3923,0x1881,0x1020,0x1041,0x3903,0x4143,0x4983,0x30e2,0x3103,0x2124,0xc140,0xd400,
0x71a2,0x60a1,0x0000,0x5121,0x89c1,0x18a1,0x0020,0x0841,0x1061,0x1061,0x1061,0x18c2,0x2103,0x2965,0x0020,0x0820,
0x3186,0x4a8a,0x2944,0x1082,0x0861,0x0020,0x1061,0x20a1,0x18c1,0xa1e1,0x79c1,0x6a46,0x6205,0x59c4,0x59a3,0x1880,
0x3922,0x4122,0x3901,0x4942,0x0820,0x1040,0x28e3,0x1861,0x28c2,0x1840,0x2081,0x30e2,0x2081,0x20a1,0x2081,0x1860,
0x28a1,0x30e2,0x28a1,0x30c1,0x28a1,0x28a1,0x30c2,0x2080,0x20a1,0x1881,0x3123,0x28a1,0x1861,0x20a2,0x1861,0x2080,
0x4122,0x4943,0x3943,0x61c3,0xd920,0xec80,0x92c1,0x8881,0x0881,0x48c0,0x9160,0x28e1,0x0000,0x0040,0x1061,0x1061,
0x1061,0x18a2,0x2103,0x2965,0x0020,0x0000,0x3186,0x4a8a,0x2925,0x1081,0x0861,0x0020,0x0861,0x20a1,0x18c2,0xd2a2,
0x69a1,0x6246,0x51a3,0x61e4,0x3902,0x28a0,0x4122,0x4122,0x38e1,0x4942,0x0820,0x1040,0x28e2,0x1061,0x28c2,0x28c2,
0x2081,0x28a1,0x1860,0x2081,0x2081,0x1840,0x28a1,0x28e2,0x2081,0x30c1,0x2860,0x2080,0x28a1,0x1860,0x20a1,0x28e2,
0x28e2,0x2081,0x1840,0x20a1,0x2081,0x2080,0x3902,0x4143,0x2923,0xa1e3,0x1861,0xd080,0xcbc0,0x5881,0x2881,0x38c0,
0xa1c1,0x20e1,0x0000,0x0820,0x1061,0x1061,0x1061,0x18a2,0x2103,0x2965,0x0020,0x0000,0x3186,0x4a8a,0x2145,0x1081,
0x0861,0x0020,0x1041,0x20c1,0x1081,0xc303,0x8a23,0x51e5,0x4983,0x51a4,0x59c4,0x5183,0x59c4,0x2080,0x2080,0x4122,
0x4922,0x28e2,0x1061,0x1040,0x28e2,0x3923,0x30c2,0x28c2,0x1020,0x1040,0x30e2,0x30c1,0x30e2,0x28a2,0x1860,0x30e1,
0x38e2,0x30e2,0x2060,0x1020,0x1840,0x4143,0x30e2,0x1881,0x1000,0x1041,0x3903,0x4922,0x4983,0x30c2,0x3102,0x9a25,
0x0082,0x4001,0xf5e0,0x7122,0x3021,0x3101,0x81c2,0x18c1,0x0000,0x0820,0x0861,0x1061,0x1061,0x18a2,0x20e3,0x2945,
0x0020,0x0000,0x31a6,0x4a8a,0x2945,0x1081,0x0841,0x0020,0x1061,0x20a1,0x2902,0xb201,0x81e2,0x5a05,0x51a3,0x6204,
0x3942,0x30e1,0x4963,0x5162,0x4122,0x5183,0x1061,0x1861,0x3123,0x3103,0x3102,0x1861,0x1841,0x28e2,0x2081,0x28a1,
0x20a1,0x1860,0x28a1,0x30e2,0x20a1,0x30e1,0x2880,0x2881,0x30c2,0x2061,0x30e2,0x3123,0x1840,0x28c2,0x1861,0x28a2,
0x2081,0x20a1,0x4142,0x4963,0x5983,0x5943,0x0001,0x2801,0xfc60,0xa2a1,0x4001,0x30c1,0x8160,0x3101,0x0000,0x0820,
0x1061,0x1061,0x1061,0x18a2,0x20e3,0x2944,0x0020,0x0000,0x3186,0x4a8a,0x2945,0x1081,0x0861,0x0020,0x0861,0x20a1,
0x18c2,0xcaa2,0x71e2,0x5a05,0x5183,0x51a3,0x4983,0x3922,0x59a3,0x59a3,0x5183,0x59c4,0x20c2,0x20c2,0x3944,0x20c2,
0x3103,0x20c2,0x18a2,0x3103,0x20c2,0x28e2,0x28e2,0x20a1,0x28e2,0x28e2,0x20a1,0x3102,0x28e2,0x28e2,0x3102,0x20a1,
0x3923,0x3123,0x20a2,0x3102,0x30e3,0x3944,0x4144,0x5163,0x61c4,0x7a25,0x9a65,0x28c2,0x0821,0x0802,0xe380,0xcc60,
0x4001,0x30c1,0x89a1,0x20e1,0x0000,0x0820,0x1061,0x1061,0x1061,0x18a2,0x20e3,0x2945,0x0020,0x0000,0x31a6,0x4a8a,
0x2945,0x1082,0x0841,0x0020,0x1061,0x20c1,0x18a2,0xc324,0x9244,0x3962,0x4142,0x3901,0x61e4,0x5183,0x59c3,0x1860,
0x2080,0x4122,0x4143,0x3923,0x1061,0x0800,0x1061,0x3922,0x3102,0x28c2,0x1020,0x1840,0x3102,0x30c2,0x3102,0x20a1,
0x1840,0x30e1,0x3902,0x3902,0x2080,0x1820,0x30e2,0x3902,0x30c1,0x2081,0x1020,0x1040,0x3943,0x4963,0x5183,0x3122,
0x89e4,0x1881,0x28c2,0x2002,0xfc00,0xe640,0x7001,0x38e2,0x79a2,0x20c1,0x0020,0x0041,0x1061,0x1061,0x1061,0x18a2,
0x2103,0x2945,0x0020,0x1040,0x31a6,0x4a8a,0x2945,0x1082,0x0841,0x0020,0x1061,0x18a1,0x3122,0xa9e1,0x81e3,0x59e4,
0x4983,0x4963,0x4942,0x20a0,0x3902,0x4942,0x3901,0x4963,0x30e2,0x1061,0x28e3,0x1861,0x28c2,0x1060,0x1020,0x28c2,
0x2081,0x28a1,0x2081,0x1840,0x28a1,0x30e2,0x28a1,0x30c1,0x2080,0x2080,0x30c1,0x2081,0x3923,0x1020,0x1040,0x28c1,
0x1861,0x20a2,0x1861,0x1860,0x30e2,0x69e4,0x5143,0x1061,0x0021,0x5800,0xca40,0xe520,0x2801,0x30a1,0x7940,0x3901,
0x0020,0x0040,0x1061,0x1061,0x1061,0x18a2,0x20e3,0x2945,0x0020,0x0840,0x3186,0x4a8a,0x2945,0x1081,0x0841,0x0020,
0x1061,0x20a1,0x18c2,0xcac2,0x69e3,0x6204,0x4122,0x4142,0x5183,0x1860,0x4122,0x4142,0x30e1,0x59a4,0x1061,0x1040,
0x28e2,0x1861,0x28c2,0x1040,0x1020,0x28c2,0x2081,0x28a1,0x2081,0x1040,0x28a1,0x28e2,0x20a1,0x30e1,0x2060,0x2880,
0x28c1,0x28a1,0x3102,0x1040,0x1020,0x20a1,0x1861,0x20a2,0x1881,0x1840,0x3102,0x8245,0x1881,0x20a1,0x0020,0xc920,
0xa1c0,0xed20,0x1001,0x38c1,0x8181,0x20c1,0x0020,0x0020,0x0841,0x1061,0x1061,0x18a1,0x20e3,0x2945,0x0040,0x0000,
0x3186,0x4a8a,0x2945,0x1082,0x0841,0x0020,0x1061,0x20a1,0x1082,0xc324,0x8a24,0x3963,0x28c1,0x1881,0x6a04,0x5163,
0x59c4,0x2080,0x30e1,0x51a4,0x4122,0x30e2,0x1061,0x0800,0x1861,0x3923,0x3102,0x28c2,0x1020,0x1840,0x3923,0x30e2,
0x3922,0x20a1,0x1860,0x38e2,0x3902,0x3922,0x2060,0x28c2,0x28c2,0x30e2,0x30e2,0x20a1,0x1020,0x1041,0x3923,0x4122,
0x7a25,0x5963,0x0000,0x20a2,0x40e1,0x78a0,0xfac0,0xee80,0x7001,0x40e2,0x7182,0x18a1,0x0000,0x0020,0x1061,0x1061,
0x1061,0x1881,0x20e3,0x2945,0x0020,0x0000,0x3186,0x4a8a,0x2945,0x1082,0x0841,0x0020,0x1061,0x18a1,0x3142,0xa9e1,
0x79e3,0x5a04,0x3922,0x3922,0x5983,0x30c1,0x3902,0x4942,0x61a4,0x5183,0x0820,0x1040,0x28e3,0x1861,0x28e2,0x1040,
0x1020,0x28c2,0x2081,0x28a1,0x2081,0x1840,0x28a1,0x28e2,0x28a1,0x38e1,0x2080,0x2880,0x30e2,0x3123,0x30e2,0x1040,
0x1040,0x28c2,0x1881,0x20a2,0x1861,0x1040,0x7225,0x3102,0x2081,0x0081,0x58c0,0x6041,0xb260,0xd4c0,0x3001,0x30a1,
0x7140,0x38e1,0x0000,0x0020,0x1061,0x1061,0x1061,0x1882,0x20e3,0x2944,0x0020,0x0000,0x3186,0x4a6a,0x2945,0x1081,
0x0841,0x0020,0x1061,0x20a1,0x18a1,0xcaa2,0x71c2,0x59e4,0x3901,0x3902,0x4942,0x3902,0x28e2,0x7204,0x4122,0x4142,
0x0820,0x1040,0x28e3,0x1861,0x28e2,0x1040,0x1020,0x28c2,0x2081,0x28a1,0x2081,0x1840,0x28a1,0x28e2,0x28a1,0x30e2,
0x2060,0x2080,0x3902,0x28e2,0x28c2,0x1840,0x1040,0x28a1,0x1860,0x20a2,0x0841,0x38e2,0x69e4,0x20a1,0x1861,0x0882,
0xa120,0x0801,0xd300,0xbbe0,0x3801,0x38c1,0x7981,0x20c1,0x0000,0x0020,0x1041,0x1041,0x1061,0x1881,0x20c3,0x2944,
0x0020,0x0000,0x3186,0x4a69,0x2945,0x1062,0x0841,0x0020,0x1061,0x20a1,0x1081,0xcb03,0x79e3,0x51a3,0x30c1,0x2080,
0x69e4,0x71e4,0x6a04,0x4942,0x2080,0x4122,0x4122,0x28e2,0x1861,0x0800,0x1861,0x3102,0x30e2,0x28c2,0x1020,0x1840,
0x3923,0x30e2,0x3923,0x2081,0x1860,0x38e2,0x3902,0x3922,0x30e2,0x2081,0x2060,0x30e2,0x28e2,0x2081,0x0800,0x1041,
0x3923,0x71e4,0x61c4,0x0020,0x0000,0x28c1,0x8160,0x0801,0xff00,0xb341,0x5841,0x30e1,0x7181,0x18a1,0x0000,0x0020,
0x0841,0x1041,0x1061,0x1081,0x18c3,0x2924,0x0020,0x0000,0x3186,0x4a69,0x2945,0x1061,0x0841,0x0020,0x1061,0x1881,
0x3942,0xb201,0x6981,0x61e4,0x4942,0x3902,0x28e1,0x4942,0x71e4,0x4122,0x3901,0x4942,0x0840,0x1040,0x28e2,0x1881,
0x28c2,0x1840,0x1040,0x28c2,0x2081,0x28a1,0x28a1,0x1840,0x28c1,0x28e2,0x28a1,0x30e1,0x2860,0x2880,0x3943,0x2081,
0x28c1,0x1840,0x1020,0x28a1,0x1861,0x20a1,0x3903,0x4102,0x3902,0x30c1,0x0041,0x9121,0x50c1,0x4801,0xcc00,0x6161,
0x38c2,0x30c0,0x7120,0x3901,0x0000,0x0020,0x1041,0x1041,0x1041,0x1081,0x18c2,0x2124,0x0020,0x0000,0x3186,0x4a8a,
0x2945,0x1062,0x0841,0x0020,0x1061,0x18a1,0x10a1,0xca82,0x6961,0x59c4,0x6182,0x3922,0x20c1,0x3922,0x61a3,0x4942,
0x3901,0x4122,0x0820,0x1040,0x28e2,0x1881,0x28e2,0x1040,0x1020,0x28c2,0x2081,0x28a1,0x28a1,0x1840,0x28a1,0x28e2,
0x28a1,0x30e1,0x2060,0x2881,0x3102,0x2060,0x30e2,0x1040,0x1020,0x28a1,0x1861,0x28c2,0x4164,0x2080,0x30e2,0x20a1,
0x0041,0x8961,0x1021,0xe980,0xaae0,0x4081,0x28a1,0x38c0,0x8181,0x18a1,0x0000,0x0020,0x0841,0x0841,0x0841,0x1081,
0x18c2,0x2124,0x0020,0x0000,0x3186,0x4a69,0x2944,0x1061,0x0841,0x0020,0x1061,0x1881,0x1081,0xcac3,0x5982,0x2143,
0xa1a2,0x00c1,0x51a3,0x79e4,0x79e4,0x1080,0x2080,0x4122,0x3902,0x28e2,0x1861,0x0820,0x1861,0x3103,0x3102,0x28e2,
0x1020,0x1840,0x3923,0x38e2,0x4123,0x1881,0x1840,0x38e2,0x3902,0x4143,0x28a1,0x1000,0x2061,0x30e2,0x30e2,0x20a1,
0x0800,0x3903,0x4164,0x3902,0x5163,0x0000,0x3060,0x7961,0x0022,0xc240,0xc460,0x80a2,0x1041,0x5121,0x81a2,0x18a1,
0x0000,0x0020,0x0841,0x0840,0x0840,0x1081,0x18c3,0x2124,0x0020,0x0000,0x3186,0x4a69,0x2124,0x1081,0x0841,0x0020,
0x1061,0x1881,0x3122,0xa9e1,0x8181,0xa1c2,0x91e2,0x4122,0x5163,0x5122,0x5162,0x5142,0x3101,0x4142,0x1040,0x1060,
0x28e2,0x1881,0x28c2,0x1861,0x1040,0x28c2,0x2081,0x28a1,0x28a1,0x1840,0x30c1,0x28e2,0x28a1,0x38e2,0x2880,0x28e2,
0x30e2,0x2061,0x30e2,0x1840,0x1040,0x28c1,0x20a1,0x4964,0x1041,0x1860,0x30e1,0x0061,0x9100,0x30a2,0x6001,0xe540,
0x3861,0x6902,0x1061,0x48c0,0x7140,0x30e1,0x0000,0x0020,0x0840,0x0840,0x0840,0x1081,0x20c2,0x2124,0x0020,0x0000,
0x3186,0x4a69,0x2925,0x1081,0x0041,0x0020,0x1061,0x18a1,0x18c1,0xb222,0xc9c0,0xfd60,0x7a22,0xc362,0x8963,0x20c1,
0x3922,0x81c3,0x3102,0x4122,0x0840,0x1040,0x28e2,0x1881,0x28e2,0x1040,0x1040,0x28a1,0x2081,0x28a1,0x2881,0x1840,
0x28a1,0x28e2,0x28a1,0x38e1,0x2880,0x28e2,0x30e2,0x2060,0x30e2,0x1020,0x0820,0x28c2,0x4123,0x28c2,0x1861,0x1860,
0x18a1,0x30c1,0x7940,0x0022,0xfae0,0xddc0,0x5001,0x1061,0x1881,0x3080,0x8180,0x18a1,0x0000,0x0020,0x0841,0x0841,
0x0841,0x1881,0x18c3,0x2104,0x0040,0x0820,0x3186,0x4a69,0x2945,0x1081,0x0041,0x0020,0x1061,0x20a1,0x18a1,0xb283,
0x4842,0xfe60,0xe601,0xaaa2,0x79c3,0x3943,0x5983,0x6162,0x30e1,0x3902,0x38e2,0x28e2,0x1861,0x0820,0x1861,0x3102,
0x30e2,0x28c2,0x1020,0x1840,0x3923,0x30e2,0x4122,0x2081,0x2040,0x38e2,0x4143,0x4163,0x2060,0x1000,0x2061,0x3102,
0x30e2,0x3923,0x2081,0x1040,0x3923,0x3902,0x2103,0x70e0,0x2861,0x3001,0xcbc0,0x50e0,0x9122,0x0000,0x0000,0x6161,
0x81a1,0x18a1,0x0000,0x0020,0x0841,0x0840,0x0841,0x1882,0x18c2,0x2104,0x0020,0x0820,0x3186,0x4a69,0x2925,0x0881,
0x0041,0x0020,0x1061,0x18a1,0x3122,0xb1e1,0x48e2,0x9a02,0xf6a0,0x68c2,0x9a82,0x00a3,0x3922,0x4942,0x6983,0x3942,
0x1040,0x1061,0x28e2,0x1861,0x28c2,0x1861,0x1040,0x28c2,0x2081,0x28a1,0x28a1,0x1840,0x30a1,0x30e2,0x30a1,0x38e2,
0x28c2,0x28a1,0x30e2,0x2061,0x30e2,0x1040,0x1861,0x4943,0x1861,0x28c2,0x1881,0x0841,0x28c1,0x7961,0x0001,0xeb60,
0xc4e0,0x5001,0x28c2,0x0840,0x1881,0x48c0,0x7120,0x3101,0x0000,0x0020,0x0841,0x0840,0x0840,0x1081,0x18c2,0x2104,
0x0020,0x0820,0x3166,0x4a69,0x2924,0x0862,0x0041,0x0020,0x1061,0x18a1,0x18c2,0xc221,0x6162,0x3022,0xfc00,0xdce0,
0x9a21,0x5983,0x2903,0x4122,0x6163,0x6163,0x0020,0x1040,0x28e2,0x1881,0x28e2,0x1041,0x1020,0x28c2,0x2081,0x28a1,
0x2881,0x1840,0x28a1,0x28c2,0x30a1,0x3902,0x28c2,0x2060,0x30e2,0x2060,0x30e2,0x1040,0x38c2,0x30e2,0x1861,0x28c2,
0x1861,0x0041,0xa180,0x0861,0x9000,0xb380,0x50c0,0x9102,0x08a1,0x1040,0x20a1,0x48a0,0x8960,0x18a1,0x0000,0x0020,
0x0841,0x0840,0x0840,0x1081,0x18c2,0x2104,0x0020,0x0820,0x3186,0x4a69,0x2125,0x1061,0x0041,0x0020,0x0861,0x18a1,
0x10a1,0xba83,0x5182,0x28a2,0x8081,0xff20,0x7122,0xaa82,0x4943,0x18c2,0x10a1,0x69a3,0x20e2,0x28c2,0x1861,0x0820,
0x1861,0x3102,0x30e2,0x28c2,0x1020,0x1040,0x3923,0x30e1,0x4122,0x2060,0x2040,0x38e2,0x4123,0x4122,0x2060,0x1000,
0x1040,0x4943,0x4123,0x20a1,0x0800,0x1041,0x2923,0x7941,0x4102,0x3001,0xf680,0x5220,0x7041,0x38e2,0x0020,0x0000,
0x0000,0x5121,0x79a1,0x10a1,0x0000,0x0020,0x0840,0x0840,0x0840,0x1061,0x18a2,0x2104,0x0020,0x0000,0x3165,0x4a69,
0x2924,0x0861,0x0041,0x0020,0x0841,0x18a1,0x2902,0xa9e1,0x5941,0x4922,0x30a2,0xfa40,0xe4e0,0x6981,0xbae2,0x10a3,
0x28e2,0x5963,0x6102,0x0041,0x28e2,0x1881,0x28c2,0x1861,0x1040,0x28c2,0x2081,0x28a1,0x28a1,0x1860,0x30a1,0x28c1,
0x28a0,0x3102,0x2880,0x2060,0x30c1,0x1860,0x3902,0x38e2,0x0820,0x28c1,0x2081,0x10a2,0x30e1,0x9120,0x0001,0xfc00,
0x9460,0x7061,0x50a1,0x0041,0x2081,0x0840,0x1061,0x48a0,0x6920,0x30e1,0x0000,0x0000,0x0840,0x0840,0x0840,0x1061,
0x18a2,0x2104,0x0020,0x0000,0x2986,0x4a49,0x2124,0x0861,0x0041,0x0020,0x0841,0x18a1,0x10c1,0xba01,0x6120,0x4122,
0x7163,0x2803,0xfc00,0xf620,0x6142,0xb222,0x2103,0x3103,0x48c1,0x38a1,0x20c2,0x1881,0x28e2,0x1040,0x1020,0x20a1,
0x2081,0x28a1,0x2081,0x1840,0x28a1,0x30c1,0x30a0,0x3902,0x2060,0x2060,0x28c1,0x2881,0x4943,0x0840,0x1020,0x28c2,
0x1882,0x08c2,0xc140,0x3841,0xcb40,0x7aa0,0x4000,0x6921,0x0001,0x0800,0x20a1,0x1040,0x1881,0x48a0,0x7940,0x18a1,
0x0000,0x0000,0x0820,0x0840,0x0840,0x1061,0x18a2,0x20e3,0x0020,0x0000,0x2965,0x4a49,0x2124,0x0861,0x0041,0x0020,
0x0841,0x1881,0x0881,0xba42,0x6182,0x30c1,0x6142,0x00c2,0x4843,0xfc40,0xbb60,0x7181,0xaa02,0x2903,0x28c2,0x5123,
0x20a2,0x0020,0x1861,0x30e2,0x28c2,0x28c2,0x1020,0x1040,0x3902,0x30c1,0x3902,0x2860,0x2860,0x38e2,0x38e2,0x3902,
0x2061,0x38a1,0x2081,0x30e2,0x30c2,0x20c2,0x0041,0xa940,0x2001,0xa2c0,0x7240,0x5920,0x88e1,0x0082,0x2081,0x28a1,
0x0020,0x0000,0x0000,0x5101,0x7161,0x0881,0x0000,0x0000,0x0820,0x0820,0x0840,0x1061,0x1882,0x18e3,0x0020,0x0000,
0x2965,0x4a49,0x2124,0x0861,0x0040,0x0020,0x0840,0x1881,0x20e1,0xa1e1,0x5941,0x4942,0x5963,0x3102,0x1103,0x4802,
0xfc20,0xd460,0x60c1,0xaa21,0x1862,0x0842,0x6943,0x1082,0x10a2,0x1861,0x1040,0x28c2,0x1861,0x2081,0x2081,0x1840,
0x2881,0x30a1,0x38c1,0x30c1,0x2060,0x1860,0x4922,0x30a1,0x20a1,0x1861,0x1041,0x00a2,0x8080,0x7800,0xbcc0,0x93e0,
0x4020,0x9141,0x0062,0x20a1,0x0000,0x0820,0x1881,0x0820,0x1060,0x40a0,0x5900,0x20c1,0x0000,0x0000,0x0820,0x0820,
0x0820,0x1061,0x1082,0x18e3,0x0020,0x0000,0x2965,0x4249,0x2124,0x0861,0x0040,0x0020,0x0841,0x1881,0x10a1,0xa201,
0x5920,0x4942,0x5163,0x3902,0x30e2,0x08c2,0x3002,0xeaa0,0xe4a0,0x6181,0xc281,0x58a2,0x00a3,0x8103,0x5102,0x0041,
0x1040,0x20a1,0x1881,0x2081,0x2081,0x1840,0x2880,0x38a1,0x28a1,0x28a1,0x0840,0x58c1,0x40e2,0x0861,0x28c2,0x0041,
0x0001,0x6820,0xe280,0xb300,0x6220,0x70c0,0x9121,0x0041,0x1881,0x1881,0x0000,0x0000,0x2081,0x1040,0x1881,0x4080,
0x7120,0x0880,0x0000,0x0020,0x0820,0x0820,0x0820,0x1061,0x1082,0x18e3,0x0020,0x0000,0x2965,0x4249,0x2124,0x0861,
0x0040,0x0020,0x0840,0x1881,0x0881,0xaa42,0x5961,0x3901,0x4101,0x2080,0x4142,0x3902,0x4943,0x0803,0xd221,0xecc0,
0x6a00,0x79e1,0xb9e1,0x38a2,0x88a2,0x30c2,0x08a2,0x20a2,0x1020,0x1040,0x28c2,0x28a1,0x38c1,0x4080,0x1860,0x10a1,
0x6101,0x6902,0x0861,0x0021,0x0002,0x4082,0x9940,0xc380,0xaba0,0x48e1,0x7141,0x5101,0x10a2,0x0000,0x0000,0x2081,
0x1861,0x2081,0x0020,0x0000,0x0000,0x40e1,0x6941,0x0861,0x0000,0x0000,0x0820,0x0820,0x0820,0x1061,0x1081,0x18c3,
0x0020,0x0000,0x2965,0x4249,0x2104,0x0861,0x0040,0x0020,0x0840,0x1881,0x18a1,0x91e1,0x5921,0x5142,0x4102,0x28c1,
0x30c1,0x28a1,0x38e2,0x3102,0x0043,0x5801,0xfca0,0xd4c0,0x5161,0x9241,0x8961,0xc141,0x9841,0x2062,0x0022,0x0062,
0x1082,0x0841,0x1881,0x48c1,0x0040,0x7101,0x68c1,0x0022,0x2022,0x5001,0xa140,0xed00,0x9ba0,0x38e1,0x7961,0xaa01,
0x0022,0x0001,0x1861,0x1061,0x1040,0x2081,0x0000,0x0820,0x1060,0x0820,0x1040,0x38a0,0x50e0,0x1881,0x0000,0x0000,
0x0820,0x0820,0x0820,0x1061,0x1081,0x18c3,0x0020,0x0000,0x2965,0x4249,0x2124,0x0861,0x0020,0x0020,0x0840,0x1881,
0x10c1,0x9202,0x5900,0x4942,0x4142,0x30e1,0x20a1,0x1860,0x20c1,0x3102,0x20c2,0x18e2,0x0002,0x90a1,0xaaa0,0xbb40,
0x6201,0x8260,0xb320,0xb9a0,0xb980,0x7941,0x4081,0x50e2,0x40c2,0x28a1,0xb180,0x9120,0x8941,0xda40,0xaa80,0xab80,
0x71e0,0x5141,0x8160,0x81e0,0x0041,0x0882,0x0041,0x0000,0x0840,0x1861,0x1861,0x1861,0x0000,0x0000,0x1881,0x1040,
0x1861,0x3060,0x6120,0x1081,0x0000,0x0000,0x0820,0x0820,0x0820,0x1041,0x1081,0x18c3,0x0020,0x0000,0x2965,0x4228,
0x2104,0x0861,0x0020,0x0020,0x0840,0x1881,0x0881,0x9a22,0x5941,0x28e1,0x4102,0x4101,0x5163,0x4922,0x5942,0x50e1,
0x58e0,0x6121,0x50c1,0x2881,0x7020,0xe8e0,0xfc00,0xaa60,0x81a0,0x5960,0x7a80,0xa320,0x89e0,0xaa80,0x81a0,0x3040,
0xc480,0x8aa0,0x92a0,0x8260,0x4920,0x81a0,0xaa80,0x9121,0x68e1,0x40a2,0x48a1,0x40c2,0x4102,0x30c1,0x38e2,0x2881,
0x2081,0x30c2,0x28a1,0x28a1,0x2081,0x1860,0x0820,0x30a0,0x6121,0x0861,0x0000,0x0000,0x0020,0x0820,0x0820,0x0841,
0x1061,0x18a3,0x0020,0x0000,0x2965,0x4228,0x2104,0x0861,0x0020,0x0020,0x0840,0x1881,0x0041,0x7181,0x5920,0x38e1,
0x2080,0x30e1,0x28c1,0x1880,0x30e1,0x38e1,0x30c1,0x38c1,0x0840,0x1860,0x38c1,0x0042,0x0802,0x2801,0x98c1,0xa160,
0xe3a0,0xb2e0,0xb240,0x9a20,0x79a1,0x7a61,0x8261,0x8221,0xa220,0xa1a0,0x8901,0x5081,0x1861,0x0001,0x0021,0x20a1,
0x1061,0x2081,0x1061,0x0000,0x1060,0x1061,0x1040,0x1881,0x0000,0x0020,0x1060,0x0820,0x0840,0x3080,0x5100,0x0041,
0x0000,0x0020,0x0020,0x0020,0x0020,0x0840,0x1061,0x10a2,0x0020,0x0000,0x2965,0x4228,0x2104,0x0861,0x0020,0x0000,
0x0840,0x1861,0x18c1,0xa222,0x50c0,0x30e1,0x28c1,0x30e2,0x2080,0x1040,0x2081,0x30e2,0x28c1,0x28a1,0x0000,0x0000,
0x18a2,0x0861,0x20a2,0x0041,0x0021,0x0042,0x0001,0x0822,0x2821,0x5020,0xb362,0xb342,0x8261,0xdba2,0x8242,0x0001,
0x0881,0x0041,0x1881,0x0020,0x0000,0x1881,0x1061,0x1881,0x0820,0x0000,0x0820,0x1061,0x1061,0x1061,0x0000,0x0000,
0x1860,0x0840,0x1060,0x2860,0x5920,0x18a1,0x0000,0x0000,0x0020,0x0020,0x0020,0x0840,0x1061,0x10a2,0x0020,0x0000,
0x2945,0x4208,0x2104,0x0861,0x0020,0x0000,0x0820,0x1860,0x0881,0xa242,0x5900,0x1880,0x1020,0x1860,0x30e1,0x2080,
0x30c1,0x1040,0x1020,0x2081,0x1040,0x1061,0x0820,0x0000,0x0820,0x1881,0x1061,0x1061,0x0000,0x0020,0x0001,0xa361,
0xa322,0x0000,0x0000,0x1840,0xa2e2,0x4161,0x0000,0x0000,0x0820,0x1861,0x1860,0x1061,0x0000,0x0000,0x18a1,0x1040,
0x1861,0x0000,0x0000,0x1040,0x0820,0x1040,0x0000,0x0000,0x0000,0x3080,0x5120,0x0881,0x0000,0x0000,0x0020,0x0020,
0x0020,0x0840,0x1061,0x10a2,0x0020,0x0000,0x2945,0x4208,0x2104,0x0861,0x0020,0x0000,0x0820,0x1860,0x0041,0x9a42,
0x6981,0x30e1,0x1860,0x20a1,0x30e2,0x2081,0x30e2,0x2081,0x1860,0x28c2,0x0840,0x1061,0x20a1,0x0820,0x1081,0x1061,
0x0841,0x1881,0x0820,0x0840,0x1041,0xcba2,0x5961,0x0000,0x1020,0x0000,0x9ae2,0x59e2,0x0021,0x0820,0x1881,0x1061,
0x1041,0x20a1,0x0820,0x1061,0x1881,0x0840,0x1081,0x0840,0x0820,0x1881,0x0840,0x1040,0x0840,0x0020,0x0820,0x2880,
0x6121,0x0040,0x0000,0x0000,0x0020,0x0020,0x0020,0x0820,0x0841,0x1082,0x0020,0x0000,0x2945,0x4208,0x2104,0x0841,
0x0020,0x0000,0x0820,0x1060,0x1881,0x3923,0x3923,0x4184,0x49a4,0x49a4,0x49a4,0x49a4,0x49a4,0x51c4,0x51a5,0x4184,
0x3123,0x2903,0x3144,0x3144,0x3123,0x3123,0x2923,0x2903,0x28e2,0x20c2,0x1062,0xbba3,0x7222,0x0000,0x0000,0x0000,
0x82c3,0x2902,0x28e2,0x3102,0x3103,0x3123,0x3123,0x3123,0x3123,0x3123,0x3123,0x2903,0x28e2,0x28e2,0x28e2,0x20e2,
0x20c2,0x20c2,0x20a1,0x20a1,0x18a1,0x18a1,0x20c2,0x0861,0x0000,0x0000,0x0020,0x0020,0x0020,0x0820,0x0841,0x1082,
0x0020,0x0000,0x2945,0x3a08,0x2104,0x0841,0x0020,0x0000,0x0820,0x1060,0x1060,0x3123,0x3123,0x4184,0x4184,0x4184,
0x4184,0x4184,0x49a4,0x49a4,0x49a4,0x3964,0x3123,0x2903,0x2924,0x2944,0x2923,0x2923,0x2903,0x28e2,0x20e2,0x20c2,
0x10a2,0x20a1,0xab03,0x71c2,0x3901,0x7a42,0x6203,0x1082,0x28e2,0x28e2,0x2902,0x3103,0x3123,0x3103,0x3123,0x3123,
0x3123,0x2903,0x2903,0x28e2,0x20e2,0x20e2,0x20c2,0x20c2,0x20c2,0x20a2,0x20a2,0x18a2,0x20c2,0x1061,0x0000,0x0000,
0x0000,0x0020,0x0020,0x0820,0x0841,0x1082,0x0020,0x0000,0x2145,0x39e7,0x18e3,0x0020,0x0020,0x0000,0x0020,0x1040,
0x1040,0x28e3,0x2903,0x3943,0x3964,0x3964,0x4184,0x4984,0x4184,0x41a5,0x41a4,0x3964,0x3123,0x2923,0x2924,0x2944,
0x2903,0x2903,0x2903,0x2903,0x28e2,0x20e2,0x20e2,0x1081,0x0041,0x5982,0x5981,0x2901,0x10a1,0x28e2,0x2902,0x2902,
0x3103,0x3123,0x3123,0x3123,0x3123,0x3143,0x3143,0x2923,0x2903,0x2903,0x2902,0x28e2,0x20e2,0x20c2,0x20c2,0x20c2,
0x20c2,0x20c2,0x20c2,0x0841,0x0000,0x0000,0x0000,0x0000,0x0000,0x0020,0x0841,0x1082,0x0020,0x0000,0x2124,0x39e7,
0x2924,0x18a2,0x1061,0x0840,0x2081,0x28c1,0x28c1,0x28e2,0x4143,0x49a4,0x4963,0x4943,0x49a4,0x4983,0x59e4,0x51c4,
0x59c4,0x4983,0x3943,0x3923,0x3943,0x3123,0x4163,0x4143,0x3943,0x3102,0x30e2,0x28c1,0x28c1,0x28c1,0x28a1,0x1061,
0x1060,0x20a1,0x30e1,0x30e2,0x3902,0x3902,0x3922,0x3922,0x4122,0x3902,0x3922,0x4143,0x3923,0x3923,0x4143,0x3922,
0x3922,0x3102,0x30e2,0x28e2,0x28c2,0x3102,0x28e2,0x2902,0x3102,0x1081,0x0840,0x1061,0x1061,0x1861,0x1061,0x1061,
0x0840,0x0861,0x0000,0x0000,0x2124,0x39c7,0x2104,0x1081,0x0840,0x0820,0x1881,0x30c1,0x0820,0x7ac4,0xdd67,0xc507,
0xbcc8,0xd56a,0x7a02,0x38e1,0x1880,0x1040,0x2080,0x0820,0x1860,0x1040,0x0840,0x0840,0x3101,0x4962,0x4942,0x0020,
0x0020,0x0000,0x0000,0x0820,0x0820,0x0820,0x0820,0x0020,0x0820,0x0020,0x0000,0x0020,0x0020,0x0020,0x0020,0x0000,
0x0020,0x0840,0x0020,0x0820,0x0840,0x1040,0x1860,0x1860,0x1040,0x0820,0x0000,0x3102,0x5183,0x5182,0x4962,0x4983,
0x0840,0x1060,0x1040,0x1081,0x1060,0x1040,0x0820,0x0861,0x0000,0x0000,0x2124,0x39e7,0x18e3,0x0040,0x0000,0x0000,
0x0840,0x1860,0x0021,0x9ae4,0x9b44,0xa3c5,0xb4a8,0xa408,0x1800,0x0020,0x0820,0x1040,0x1040,0x0820,0x0000,0x0000,
0x0020,0x0020,0x0000,0x0000,0x0000,0x0000,0x0000,0x0000,0x0000,0x0000,0x0000,0x0000,0x0000,0x0000,0x0000,0x0000,
0x0000,0x0000,0x0000,0x0000,0x0000,0x0000,0x0020,0x0000,0x0020,0x0000,0x0000,0x0820,0x0820,0x0820,0x0820,0x0820,
0x0000,0x0000,0x61e3,0x5162,0x3901,0x3901,0x0000,0x0000,0x0020,0x0000,0x0820,0x0000,0x0020,0x0861,0x0000,0x0000,
0x2124,0x39e7,0x20e3,0x0841,0x0020,0x0000,0x0820,0x1040,0x3122,0xbc25,0x9324,0x9b85,0xc56a,0x6183,0x0000,0x1040,
0x1040,0x1040,0x1060,0x0820,0x0000,0x0000,0x0020,0x0020,0x0020,0x0020,0x0000,0x0000,0x0000,0x0000,0x0000,0x0000,
0x0000,0x0000,0x0000,0x0000,0x0000,0x0000,0x0000,0x0000,0x0000,0x0000,0x0000,0x0000,0x0020,0x0020,0x0000,0x0000,
0x0820,0x0820,0x0820,0x0820,0x0820,0x0820,0x0820,0x0000,0x1840,0x5962,0x3902,0x3901,0x0020,0x0000,0x0020,0x0020,
0x0020,0x0000,0x0020,0x0861,0x0020,0x0000,0x2124,0x39c7,0x18e3,0x0041,0x0000,0x0000,0x0820,0x1860,0x0000,0xb446,
0xabe6,0xa447,0x8306,0x1020,0x1040,0x1040,0x1040,0x1040,0x1040,0x0820,0x0000,0x0000,0x0020,0x0020,0x0020,0x0020,
0x0020,0x0000,0x0000,0x0000,0x0000,0x0000,0x0000,0x0800,0x0820,0x0000,0x0000,0x0000,0x0000,0x0000,0x0000,0x0000,
0x0000,0x0000,0x0020,0x0020,0x0000,0x0000,0x0820,0x0820,0x0820,0x0820,0x0820,0x0820,0x0000,0x0000,0x0000,0x0020,
0x4921,0x18a1,0x0000,0x0000,0x0020,0x0820,0x0020,0x0020,0x0020,0x0841,0x0000,0x0000,0x2124,0x39c7,0x18e3,0x0040,
0x0000,0x0000,0x0020,0x1881,0x0020,0x4982,0x6a23,0x59c2,0x1820,0x0820,0x1860,0x1040,0x1040,0x1040,0x1040,0x0820,
0x0000,0x0000,0x0020,0x0020,0x0020,0x0020,0x0000,0x0000,0x0000,0x0000,0x0000,0x0000,0x0000,0x0000,0x0000,0x0020,
0x0000,0x0000,0x0000,0x0000,0x0000,0x0000,0x0000,0x0000,0x0020,0x0020,0x0000,0x0000,0x0820,0x0820,0x0820,0x0820,
0x0820,0x0000,0x0000,0x0000,0x0000,0x0000,0x0000,0x0020,0x0000,0x0000,0x0020,0x0820,0x0020,0x0020,0x0020,0x0841,
0x0000,0x0000,0x2124,0x39c7,0x18e3,0x0041,0x0000,0x0000,0x0820,0x1881,0x1060,0x0020,0x0820,0x0840,0x1060,0x1860,
0x1060,0x1040,0x1040,0x1040,0x1040,0x0820,0x0000,0x0000,0x0000,0x0020,0x0020,0x0000,0x0000,0x0000,0x0000,0x0000,
0x0000,0x0000,0x0000,0x0000,0x0000,0x0000,0x0000,0x0000,0x0000,0x0000,0x0000,0x0000,0x0000,0x0000,0x0000,0x0020,
0x0000,0x0000,0x0000,0x0820,0x0820,0x0820,0x0000,0x0000,0x0820,0x0000,0x0000,0x0000,0x0000,0x0020,0x0000,0x0000,
0x0000,0x0020,0x0020,0x0020,0x0020,0x0841,0x0000,0x0000,0x2124,0x31c7,0x18e3,0x0040,0x0000,0x0000,0x0020,0x1881,
0x1060,0x0820,0x0820,0x1040,0x1860,0x1860,0x1060,0x1040,0x1040,0x1040,0x1040,0x0820,0x0000,0x0000,0x0000,0x0020,
0x0020,0x0000,0x0000,0x0000,0x0000,0x0000,0x0000,0x0000,0x0000,0x0000,0x0000,0x0000,0x0000,0x0000,0x0000,0x0000,
0x0000,0x0000,0x0000,0x0000,0x0000,0x0020,0x0000,0x0000,0x0000,0x0820,0x0820,0x0020,0x0000,0x0820,0x0820,0x0000,
0x0000,0x0000,0x0000,0x0020,0x0000,0x0000,0x0000,0x0020,0x0020,0x0020,0x0020,0x0841,0x0000,0x0000,0x2104,0x31a6,
0x18c3,0x0040,0x0000,0x0000,0x0020,0x1881,0x1860,0x0820,0x1040,0x1060,0x1860,0x1060,0x1060,0x1040,0x1040,0x1040,
0x1040,0x0820,0x0000,0x0000,0x0000,0x0020,0x0000,0x0000,0x0000,0x0000,0x0000,0x0000,0x0000,0x0000,0x0000,0x0000,
0x0000,0x0000,0x0000,0x0000,0x0000,0x0000,0x0000,0x0000,0x0000,0x0000,0x0020,0x0020,0x0000,0x0000,0x0000,0x0820,
0x0000,0x0000,0x0000,0x0820,0x0820,0x0000,0x0000,0x0000,0x0000,0x0020,0x0000,0x0000,0x0000,0x0020,0x0020,0x0000,
0x0000,0x0040,0x0000,0x0000,0x2104,0x31a6,0x18c3,0x0020,0x0000,0x0000,0x0020,0x1861,0x1860,0x0840,0x1040,0x1060,
0x1860,0x1060,0x1060,0x1040,0x1040,0x1040,0x1040,0x0820,0x0000,0x0000,0x0000,0x0000,0x0000,0x0000,0x0000,0x0000,
0x0000,0x0000,0x0000,0x0000,0x0000,0x0000,0x0000,0x0000,0x0000,0x0000,0x0000,0x0000,0x0000,0x0000,0x0000,0x0000,
0x0000,0x0020,0x0000,0x0000,0x0000,0x0000,0x0000,0x0000,0x0820,0x0820,0x0820,0x0000,0x0000,0x0000,0x0000,0x0000,
0x0000,0x0000,0x0000,0x0000,0x0000,0x0000,0x0000,0x0020,0x0000,0x0000,0x2104,0x31a6,0x18c3,0x0020,0x0000,0x0000,
0x0020,0x1861,0x1880,0x0840,0x1040,0x1060,0x1860,0x1060,0x1060,0x1040,0x1040,0x1040,0x1040,0x0820,0x0000,0x0000,
0x0000,0x0020,0x0020,0x0020,0x0020,0x0000,0x0000,0x0000,0x0000,0x0000,0x0000,0x0000,0x0000,0x0000,0x0000,0x0000,
0x0000,0x0000,0x0000,0x0000,0x0000,0x0000,0x0000,0x0000,0x0000,0x0000,0x0000,0x0000,0x0820,0x0820,0x0820,0x0820,
0x0820,0x0000,0x0000,0x0000,0x0000,0x0000,0x0000,0x0000,0x0000,0x0000,0x0000,0x0000,0x0000,0x0020,0x0000,0x0000,
0x2104,0x3186,0x18c3,0x0020,0x0000,0x0000,0x0020,0x1861,0x1860,0x0840,0x0840,0x1060,0x1860,0x1060,0x1060,0x1040,
0x1040,0x1040,0x1020,0x0820,0x0000,0x0000,0x0000,0x0020,0x0020,0x0020,0x0000,0x0000,0x0000,0x0000,0x0000,0x0000,
0x0000,0x0000,0x0000,0x0000,0x0000,0x0000,0x0000,0x0000,0x0000,0x0000,0x0000,0x0000,0x0000,0x0020,0x0000,0x0000,
0x0000,0x0820,0x0820,0x0820,0x0820,0x0820,0x0820,0x0000,0x0000,0x0000,0x0000,0x0000,0x0000,0x0000,0x0000,0x0000,
0x0000,0x0000,0x0000,0x0020,0x0000,0x0000,0x18e3,0x3186,0x18c3,0x0040,0x0000,0x0000,0x0020,0x1861,0x1860,0x0820,
0x0820,0x1060,0x1860,0x1060,0x1040,0x1040,0x1040,0x1040,0x1040,0x0820,0x0000,0x0000,0x0000,0x0020,0x0000,0x0000,
0x0000,0x0000,0x0000,0x0000,0x0000,0x0000,0x0000,0x0000,0x0000,0x0000,0x0000,0x0000,0x0000,0x0000,0x0000,0x0000,
0x0000,0x0000,0x0000,0x0000,0x0000,0x0000,0x0000,0x0800,0x0820,0x0820,0x0820,0x0800,0x0820,0x0000,0x0000,0x0000,
0x0000,0x0000,0x0000,0x0000,0x0000,0x0000,0x0000,0x0000,0x0000,0x0020,0x0000,0x0000,0x18e3,0x2986,0x10c3,0x0040,
0x0000,0x0000,0x0020,0x1061,0x1860,0x0820,0x0820,0x1060,0x1860,0x1060,0x1040,0x1040,0x1040,0x1040,0x0820,0x0000,
0x0000,0x0000,0x0000,0x0000,0x0000,0x0000,0x0000,0x0000,0x0000,0x0000,0x0000,0x0000,0x0000,0x0000,0x0000,0x0000,
0x0000,0x0000,0x0000,0x0000,0x0000,0x0000,0x0000,0x0000,0x0000,0x0000,0x0000,0x0000,0x0000,0x0000,0x0000,0x0000,
0x0000,0x0800,0x0000,0x0000,0x0000,0x0000,0x0000,0x0000,0x0000,0x0000,0x0000,0x0000,0x0000,0x0000,0x0000,0x0020,
0x0000,0x0000,0x18e3,0x2965,0x10c2,0x0020,0x0000,0x0000,0x0020,0x1060,0x1060,0x0820,0x0820,0x1060,0x1860,0x1060,
0x1040,0x1040,0x1040,0x0820,0x0820,0x0000,0x0000,0x0000,0x0000,0x0000,0x0000,0x0000,0x0000,0x0000,0x0000,0x0000,
0x0000,0x0000,0x0000,0x0000,0x0000,0x0000,0x0000,0x0000,0x0000,0x0000,0x0000,0x0000,0x0000,0x0000,0x0000,0x0000,
0x0000,0x0000,0x0000,0x0000,0x0000,0x0000,0x0000,0x0000,0x0000,0x0000,0x0000,0x0000,0x0000,0x0000,0x0000,0x0000,
0x0000,0x0000,0x0000,0x0000,0x0000,0x0020,0x0000,0x0000,0x18e3,0x2945,0x10a2,0x0020,0x0000,0x0000,0x0020,0x1040,
0x1040,0x0000,0x0000,0x1040,0x1860,0x1040,0x1040,0x1040,0x1040,0x1040,0x0820,0x0820,0x0000,0x0000,0x0000,0x0000,
0x0000,0x0000,0x0000,0x0000,0x0000,0x0000,0x0000,0x0000,0x0000,0x0000,0x0000,0x0800,0x0000,0x0000,0x0000,0x0000,
0x0000,0x0000,0x0000,0x0000,0x0000,0x0000,0x0000,0x0000,0x0000,0x0000,0x0000,0x0000,0x0000,0x0000,0x0000,0x0000,
0x0000,0x0000,0x0000,0x0000,0x0000,0x0000,0x0000,0x0000,0x0000,0x0000,0x0000,0x0000,0x0000,0x0000,0x18e3,0x2144,
0x1082,0x0020,0x0000,0x0000,0x0000,0x0840,0x0820,0x0000,0x0000,0x0840,0x1040,0x1040,0x1040,0x1040,0x1040,0x0820,
0x0820,0x0820,0x0820,0x0020,0x0020,0x0020,0x0000,0x0000,0x0000,0x0000,0x0000,0x0000,0x0000,0x0000,0x0000,0x0820,
0x0000,0x0000,0x0000,0x0000,0x0000,0x0000,0x0000,0x0000,0x0000,0x0000,0x0000,0x0000,0x0000,0x0000,0x0000,0x0000,
0x0000,0x0000,0x0000,0x0000,0x0000,0x0000,0x0000,0x0000,0x0000,0x0000,0x0000,0x0000,0x0000,0x0000,0x0000,0x0000,
0x0000,0x0000,0x0000,0x0000,};

const uint16_t N60[9380]={
0x0000,0x0000,0x0000,0x0000,0x0000,0x0000,0x0000,0x0000,0x0000,0x0000,0x0000,0x0000,0x0000,0x0000,0x0000,0x0000,
0x0000,0x0000,0x0000,0x0000,0x0000,0x0000,0x0000,0x0000,0x0000,0x0000,0x0000,0x0000,0x0000,0x0000,0x0000,0x0000,
0x0000,0x0000,0x72a6,0x5205,0x0000,0x0000,0x0000,0x0000,0x0000,0x0000,0x0000,0x0000,0x0000,0x0000,0x0000,0x0000,
0x0000,0x0000,0x0000,0x0000,0x0000,0x0000,0x0000,0x0000,0x0000,0x0000,0x0000,0x0000,0x0000,0x0000,0x0000,0x0000,
0x0000,0x0000,0x0000,0x0000,0x0000,0x0000,0x0000,0x0000,0x0000,0x0000,0x0000,0x0000,0x0000,0x0000,0x0000,0x0000,
0x0000,0x0000,0x0000,0x0000,0x0000,0x0000,0x0000,0x0000,0x0000,0x0000,0x0000,0x0000,0x0000,0x0000,0x0000,0x0000,
0x0000,0x0000,0x0000,0x0000,0x0000,0x0000,0x0000,0x6267,0x4963,0x6a26,0x2986,0x0000,0x0000,0x0000,0x0000,0x0000,
0x0000,0x0000,0x0000,0x0000,0x0000,0x0000,0x0000,0x0000,0x0000,0x0000,0x0000,0x0000,0x0000,0x0000,0x0000,0x0000,
0x0000,0x0000,0x0000,0x0000,0x0000,0x0000,0x0000,0x0000,0x0000,0x0000,0x0000,0x0000,0x0000,0x0000,0x0000,0x0000,
0x0000,0x0000,0x0000,0x0000,0x0000,0x0000,0x0000,0x0000,0x0000,0x0000,0x0000,0x0000,0x0000,0x0000,0x0000,0x0000,
0x0000,0x0000,0x0000,0x0000,0x0000,0x0000,0x0000,0x0000,0x0000,0x0000,0x0000,0x0000,0x0000,0x6aa8,0x20c2,0x2124,
0x18e3,0x0000,0x0000,0x0000,0x0000,0x0000,0x0000,0x0000,0x0000,0x0000,0x0000,0x0000,0x0000,0x0000,0x0000,0x0000,
0x0000,0x0000,0x0000,0x0000,0x0000,0x0000,0x0000,0x0000,0x0000,0x0000,0x0000,0x0000,0x0000,0x0000,0x0000,0x0000,
0x0000,0x0000,0x0000,0x0000,0x0000,0x0000,0x0000,0x0000,0x0000,0x0000,0x0000,0x0000,0x0000,0x0000,0x0000,0x0000,
0x0000,0x0000,0x0000,0x0000,0x0000,0x0000,0x0000,0x0000,0x0000,0x0000,0x0000,0x0000,0x0000,0x0000,0x0000,0x0000,
0x0000,0x0000,0x0000,0x49e6,0x3102,0x4a07,0x2945,0x0000,0x0000,0x0000,0x0000,0x0000,0x0000,0x0000,0x0000,0x0000,
0x0000,0x0000,0x0000,0x0000,0x0000,0x0000,0x0000,0x0000,0x0000,0x0000,0x0000,0x0000,0x0000,0x0000,0x0000,0x0000,
0x0000,0x0000,0x0000,0x0000,0x0000,0x0000,0x0000,0x0000,0x0000,0x0000,0x0000,0x0000,0x0000,0x0000,0x0000,0x0000,
0x0000,0x0000,0x0000,0x0000,0x0000,0x0000,0x0000,0x0000,0x0000,0x0000,0x0000,0x0000,0x0000,0x0000,0x0000,0x0000,
0x0000,0x0000,0x0000,0x0000,0x0000,0x0000,0x0000,0x0000,0x0000,0x51e5,0x3102,0x49e7,0x3165,0x0000,0x0000,0x0000,
0x0000,0x0000,0x0000,0x0000,0x0000,0x0000,0x0000,0x0000,0x0000,0x0000,0x0000,0x0000,0x0000,0x0000,0x0000,0x0000,
0x0000,0x0000,0x0000,0x0000,0x0000,0x0000,0x0000,0x0000,0x0000,0x0000,0x0000,0x0000,0x0000,0x0000,0x0000,0x0000,
0x0000,0x0000,0x0000,0x0000,0x0000,0x0000,0x0000,0x0000,0x0000,0x0000,0x0000,0x0000,0x0000,0x0000,0x0000,0x0000,
0x0000,0x0000,0x0000,0x0000,0x0000,0x0000,0x0000,0x0000,0x0000,0x0000,0x0000,0x0000,0x0000,0x0000,0x0841,0x4185,
0x28c1,0x3964,0x2966,0x0000,0x0000,0x0000,0x0000,0x0000,0x0000,0x0000,0x0000,0x0000,0x0000,0x0000,0x0000,0x0000,
0x0000,0x0000,0x0000,0x0000,0x0000,0x0000,0x0000,0x0000,0x0000,0x0000,0x0000,0x0000,0x0000,0x0000,0x0000,0x0000,
0x0000,0x0000,0x0000,0x0000,0x0000,0x0000,0x0000,0x0000,0x0000,0x0000,0x0000,0x0000,0x0000,0x0000,0x0000,0x0000,
0x0000,0x0000,0x0000,0x0000,0x0000,0x0000,0x0000,0x0000,0x0000,0x0000,0x0000,0x0000,0x0000,0x0000,0x0000,0x0000,
0x0000,0x0000,0x0000,0x0000,0x1062,0x7266,0x4163,0x5206,0x7ae8,0x0000,0x0000,0x0000,0x0000,0x0000,0x0000,0x0000,
0x0000,0x0000,0x0000,0x0000,0x0000,0x0000,0x0000,0x0000,0x0000,0x0000,0x0000,0x0000,0x0000,0x0000,0x0000,0x0000,
0x0000,0x0000,0x0000,0x0000,0x0000,0x0000,0x0000,0x0000,0x0000,0x0000,0x0000,0x0000,0x0000,0x0000,0x0000,0x0000,
0x0000,0x0000,0x0000,0x0000,0x0000,0x0000,0x0000,0x0000,0x0000,0x0000,0x0000,0x0000,0x0000,0x0000,0x0000,0x0000,
0x0000,0x0000,0x0000,0x0000,0x0000,0x0000,0x0000,0x0000,0x0000,0x0000,0x1040,0x6182,0x59a2,0x4142,0x5182,0x0041,
0x0000,0x0000,0x0000,0x0000,0x0000,0x0000,0x0000,0x0000,0x0000,0x0000,0x0000,0x0000,0x0000,0x0000,0x0000,0x0000,
0x0000,0x0000,0x0000,0x0000,0x0000,0x0000,0x0000,0x0000,0x0000,0x0000,0x0000,0x0000,0x0000,0x0000,0x0000,0x0000,
0x0000,0x0000,0x0000,0x0000,0x0000,0x0000,0x0000,0x0000,0x0000,0x0000,0x0000,0x0000,0x0000,0x0000,0x0000,0x0000,
0x0000,0x0000,0x0000,0x0000,0x0000,0x0000,0x0000,0x0000,0x0000,0x0000,0x0000,0x0000,0x0000,0x0000,0x0000,0x2943,
0xa4af,0x0000,0x59a2,0x0000,0x0000,0xa40b,0x6b29,0x0000,0x0000,0x0000,0x0000,0x0000,0x0000,0x0000,0x0000,0x0000,
0x0000,0x0000,0x0000,0x0000,0x0000,0x0000,0x0000,0x0000,0x0000,0x0000,0x0000,0x0000,0x0000,0x0000,0x0000,0x0000,
0x0000,0x0000,0x0000,0x0000,0x0000,0x0000,0x0000,0x0000,0x0000,0x0000,0x0000,0x0000,0x0000,0x0000,0x0000,0x0000,
0x0000,0x0000,0x0000,0x0000,0x0000,0x0000,0x0000,0x0000,0x0000,0x0000,0x0000,0x0000,0x0000,0x0000,0x0000,0x0000,
0x0000,0x0000,0x0000,0x0000,0x1881,0xbdd4,0xc48f,0xa3c9,0xa40b,0x82c6,0x9348,0x9bab,0x6ac9,0x0000,0x0800,0x0000,
0x0000,0x0000,0x0000,0x0000,0x0000,0x0000,0x0000,0x0000,0x0000,0x0000,0x0000,0x0000,0x0000,0x0000,0x0000,0x0000,
0x0000,0x0000,0x0000,0x0000,0x0000,0x0000,0x0000,0x0000,0x0000,0x0000,0x0000,0x0000,0x0000,0x0000,0x0000,0x0000,
0x0000,0x0000,0x0000,0x0000,0x0000,0x0000,0x0000,0x0000,0x0000,0x0000,0x0000,0x0000,0x0000,0x0000,0x0000,0x0000,
0x0000,0x0000,0x0000,0x0000,0x0000,0x0000,0x0000,0x0000,0x0000,0x2103,0x8bee,0x59c4,0x40c0,0xbc2c,0xe5d1,0xdd90,
0xbc6c,0x7245,0x4143,0x49e5,0x0841,0x0000,0x0000,0x0000,0x0000,0x0000,0x0000,0x0000,0x0000,0x0000,0x0000,0x0000,
0x0000,0x0000,0x0000,0x0000,0x0000,0x0000,0x0000,0x0000,0x0000,0x0000,0x0000,0x0000,0x0000,0x0000,0x0000,0x0000,
0x0000,0x0000,0x0000,0x0000,0x0000,0x0000,0x0000,0x0000,0x0000,0x0000,0x0000,0x0000,0x0000,0x0000,0x0000,0x0000,
0x0000,0x0000,0x0000,0x0000,0x0000,0x0000,0x0000,0x0000,0x0000,0x0000,0x0000,0x0000,0x0000,0x0000,0x41e7,0x6289,
0x1000,0x1840,0x20a1,0x0000,0x1800,0x30c1,0x0000,0x1020,0x0020,0x30e2,0x3964,0x0020,0x0800,0x0000,0x0000,0x0000,
0x0000,0x0000,0x0000,0x0000,0x0000,0x0000,0x0000,0x0000,0x0000,0x0000,0x0000,0x0000,0x0000,0x0000,0x0000,0x0000,
0x0000,0x0000,0x0000,0x0000,0x0000,0x0000,0x0000,0x0000,0x0000,0x0000,0x0000,0x0000,0x0000,0x0000,0x0000,0x0000,
0x0000,0x0000,0x0000,0x0000,0x0000,0x0000,0x0000,0x0000,0x0000,0x0000,0x0000,0x0000,0x0000,0x0000,0x0000,0x0000,
0x0000,0x0000,0x0000,0x0820,0x1061,0x0020,0x1040,0x1881,0x20a1,0x3102,0x4163,0x4143,0x28e2,0x1881,0x1060,0x1040,
0x0000,0x0820,0x0820,0x1061,0x20e3,0x0820,0x0000,0x0000,0x0000,0x0000,0x0000,0x0000,0x0000,0x0000,0x0000,0x0000,
0x0000,0x0000,0x0000,0x0000,0x0000,0x0000,0x0000,0x0000,0x0000,0x0000,0x0000,0x0000,0x0000,0x0000,0x0000,0x0000,
0x0000,0x0000,0x0000,0x0000,0x0000,0x0000,0x0000,0x0000,0x0000,0x0000,0x0000,0x0000,0x0000,0x0000,0x0000,0x0000,
0x0000,0x0000,0x0000,0x0820,0x0820,0x0820,0x0820,0x0820,0x0820,0x0820,0x0820,0x0820,0x1041,0x20a1,0x38e2,0x51a3,
0x59a3,0x5a05,0x4964,0x28c1,0x1861,0x0820,0x0820,0x0820,0x0820,0x0820,0x1041,0x0820,0x0820,0x0000,0x0000,0x0000,
0x0000,0x0000,0x0000,0x0000,0x0000,0x0000,0x0000,0x0000,0x0000,0x0000,0x0000,0x0000,0x0000,0x0000,0x0000,0x0000,
0x0000,0x0000,0x0000,0x0000,0x0000,0x0000,0x0000,0x0000,0x0000,0x0000,0x0000,0x0000,0x0000,0x0000,0x0000,0x0000,
0x0000,0x0000,0x0000,0x0000,0x0000,0x0000,0x0820,0x0820,0x1040,0x1860,0x1860,0x1040,0x0840,0x0840,0x0820,0x0820,
0x0820,0x0820,0x0820,0x0000,0x0000,0x51e5,0x4142,0x830a,0x0861,0x0000,0x0820,0x0820,0x0820,0x0820,0x0820,0x0820,
0x0820,0x0820,0x0820,0x0820,0x0820,0x0820,0x0820,0x0820,0x0820,0x0000,0x0000,0x0000,0x0000,0x0000,0x0000,0x0000,
0x0000,0x0000,0x0000,0x0000,0x0000,0x0000,0x0000,0x0000,0x0000,0x0000,0x0000,0x0000,0x0000,0x0000,0x0000,0x0000,
0x0000,0x0000,0x0000,0x0000,0x0000,0x0000,0x0000,0x0000,0x0800,0x0800,0x0820,0x0820,0x0820,0x0820,0x0820,0x1860,
0x1860,0x1040,0x0820,0x0820,0x0820,0x0820,0x0820,0x0820,0x0820,0x0820,0x0020,0x51c5,0x28c1,0x6268,0x20e3,0x0000,
0x0820,0x0820,0x0820,0x0820,0x0820,0x0820,0x0820,0x0820,0x0820,0x0820,0x0840,0x0820,0x0820,0x0820,0x0820,0x0820,
0x0820,0x0820,0x0000,0x0000,0x0000,0x0000,0x0000,0x0000,0x0000,0x0000,0x0000,0x0000,0x0000,0x0000,0x0000,0x0000,
0x0000,0x0000,0x0000,0x0000,0x0000,0x0000,0x0000,0x0000,0x0000,0x0000,0x0000,0x0000,0x0800,0x0000,0x0820,0x0820,
0x0840,0x1040,0x1061,0x1881,0x1881,0x1881,0x1881,0x1881,0x1881,0x20a1,0x20a1,0x28c1,0x28c1,0x28c1,0x20c1,0x20c1,
0x1881,0x7246,0x7265,0xa3ec,0x20a1,0x1881,0x20a1,0x1881,0x1881,0x1061,0x1060,0x1040,0x1040,0x0840,0x0840,0x0820,
0x0820,0x0820,0x0820,0x0820,0x0820,0x0820,0x0000,0x0000,0x0000,0x0000,0x0000,0x0000,0x0000,0x0000,0x0000,0x0000,
0x0000,0x0000,0x0000,0x0000,0x0000,0x0000,0x0000,0x0000,0x0000,0x0000,0x0000,0x0000,0x0000,0x0000,0x0000,0x0000,
0x0820,0x0840,0x0861,0x1082,0x18a2,0x18a2,0x18a1,0x18a1,0x1881,0x1881,0x1881,0x1881,0x1061,0x1061,0x1061,0x1041,
0x1061,0x0840,0x0841,0x1040,0x0020,0x0820,0x0000,0x0000,0x0841,0x1081,0x0000,0x0820,0x0840,0x1060,0x1881,0x20a1,
0x20a1,0x20a1,0x20a1,0x20a1,0x20a1,0x20a1,0x1881,0x1881,0x1881,0x1881,0x1061,0x1060,0x0840,0x0820,0x0820,0x0000,
0x0000,0x0000,0x0000,0x0800,0x0000,0x0000,0x0000,0x0000,0x0000,0x0000,0x0000,0x0000,0x0000,0x0000,0x0000,0x0000,
0x0000,0x0000,0x0000,0x2103,0x1061,0x1061,0x10a2,0x1081,0x0800,0x0000,0x0861,0x2944,0x3185,0x3185,0x39c6,0x41c5,
0x49e5,0x5a25,0x6245,0x7285,0x82e7,0x9327,0x9307,0x9b07,0x92e7,0x8ac7,0x9b07,0x9ae7,0xbbc8,0xd46a,0xb40a,0xab88,
0x9368,0x7aa6,0x72a6,0x51e5,0x4183,0x3943,0x3102,0x3123,0x28e2,0x1881,0x1061,0x1061,0x1881,0x20c1,0x28c2,0x28c1,
0x20c1,0x20a1,0x20a1,0x18a1,0x1881,0x1881,0x1061,0x0820,0x0820,0x0000,0x31a7,0x4a69,0x0000,0x0000,0x0000,0x0000,
0x0000,0x0000,0x0000,0x0000,0x0000,0x0000,0x0000,0x1081,0x3185,0x39c7,0x18c3,0x0000,0x0000,0x2945,0x632c,0x94d2,
0xacb0,0xa3cd,0x934a,0x9b4a,0xab89,0xa369,0xa348,0xa348,0x92e7,0x82a6,0x7a86,0x7a66,0x6a25,0x51a4,0x4983,0x4163,
0x4963,0x59c4,0x6a05,0x59c4,0x3943,0x4122,0x59c4,0x59e4,0x6a45,0x8286,0x7a86,0x8286,0x7a86,0x8ae7,0xa348,0x9307,
0x82e7,0x6a46,0x41a4,0x2902,0x18a2,0x18a2,0x20c2,0x3102,0x3102,0x28e2,0x20c2,0x20a2,0x18a1,0x1081,0x1040,0x0861,
0x31e7,0x5acb,0x73ae,0x0862,0x0000,0x0000,0x0000,0x0000,0x0000,0x0000,0x0000,0x0000,0x2102,0x41c6,0x2924,0x0020,
0x2965,0x7bf0,0xa4b1,0x8bcf,0x6aeb,0x6247,0x6a04,0x6a03,0x6a03,0x6a04,0x59c3,0x59c3,0x6a04,0x7a65,0x8ae6,0x8ae5,
0x9306,0x7a65,0x6a04,0x59e3,0x59c3,0x59c3,0x59c3,0x7245,0x9307,0x8ae7,0x6205,0x59e4,0x6205,0x7245,0x7266,0x7a86,
0x7286,0x7266,0x6a45,0x6a45,0x6a25,0x6225,0x6245,0x6225,0x6a25,0x7a66,0x8286,0x9306,0x5a25,0x28e3,0x20c2,0x3123,
0x4163,0x4164,0x4184,0x4184,0x2903,0x2903,0x2104,0x20c2,0x41e7,0x62ca,0x10c3,0x0000,0x0000,0x0000,0x0000,0x0000,
0x0000,0x2903,0x39a5,0x0800,0x2125,0x9cf4,0x9492,0x940e,0x3123,0x2060,0x6a03,0x7a64,0x7244,0x51c3,0x6204,0x7244,
0x7a44,0x7a65,0x8ac5,0xa367,0xbbe7,0x7224,0x61e4,0x7224,0x7224,0x6a04,0x59e3,0x59c3,0x51a3,0x6a04,0xab27,0x8ac6,
0x5a05,0x6205,0x7245,0x7a66,0x8286,0x8ac6,0x92e7,0x9b07,0x9b27,0x92e7,0x9b07,0x9b07,0xa348,0x9b28,0x8ae7,0x7286,
0x5225,0x6a25,0xbbc8,0xcc28,0xab87,0x3963,0x20e2,0x3102,0x3943,0x3963,0x3964,0x41a5,0x41c6,0x2924,0x18c2,0x2903,
0x4a07,0x0861,0x0000,0x0000,0x0000,0x0000,0x1081,0x3186,0x0000,0x5b0b,0x9c92,0x8bae,0x3102,0x0800,0x3122,0x59c3,
0x59c3,0x7244,0x8a84,0x8284,0x7224,0x6203,0x7264,0x9b66,0x8ac4,0x5182,0x5962,0x61e3,0x61e3,0x6a04,0x7224,0x8264,
0x8264,0x6a04,0x51a3,0x3922,0x4143,0x4983,0x4983,0x59e4,0x7a45,0x8285,0x7a86,0x8286,0x82a6,0x8aa6,0x8ac6,0x8ac6,
0x8ac6,0x8ac6,0x8ac6,0x92e6,0x9b07,0xa327,0xb388,0xcc29,0xbc29,0x9347,0x7a86,0x92c7,0x7a86,0x20e2,0x20c1,0x3102,
0x3102,0x28e2,0x3943,0x41c6,0x39a6,0x1081,0x1882,0x2903,0x0000,0x0000,0x0000,0x0020,0x2944,0x10a3,0x73cf,0x8c93,
0x3964,0x2080,0x1881,0x3102,0x4142,0x51a3,0x7224,0x7223,0x69e3,0x4962,0x49a3,0x9b25,0x9283,0x9223,0x61a3,0x5182,
0x59a2,0x59a3,0x51a3,0x5182,0x5183,0x4962,0x3101,0x1881,0x1861,0x1060,0x0820,0x0860,0x1061,0x1881,0x30e2,0x51a4,
0x6204,0x7245,0x7245,0x7245,0x7265,0x7a65,0x7a66,0x7a85,0x8285,0x8285,0x7a86,0x7245,0x6a25,0x7a45,0x92e6,0xbba7,
0xab67,0x8ac7,0x5a25,0x7246,0x4164,0x20c1,0x3102,0x2902,0x28e2,0x2902,0x41a5,0x39c6,0x0841,0x1081,0x18a2,0x0000,
0x0000,0x1061,0x10c2,0x634d,0x8c93,0x3124,0x20c1,0x20c2,0x20a1,0x3102,0x51a3,0x59c3,0x5182,0x4141,0x28c1,0x5a24,
0x9b87,0x6962,0x5982,0x3942,0x4942,0x4142,0x4142,0x4142,0x4142,0x3921,0x1881,0x0840,0x0840,0x0820,0x0820,0x0820,
0x0840,0x0840,0x0840,0x0820,0x0840,0x1060,0x0861,0x3102,0x59e4,0x51c4,0x59e4,0x61e4,0x61e4,0x61e4,0x61e4,0x61e4,
0x6204,0x61e4,0x61e4,0x59e4,0x59c4,0x41a4,0x49c4,0x6a45,0x7266,0x6226,0x51c5,0x4143,0x30e2,0x3102,0x28e2,0x20c2,
0x28e2,0x39a5,0x2965,0x0840,0x3123,0x0000,0x0000,0x1061,0x4208,0x9451,0x528a,0x1040,0x20c2,0x0841,0x1861,0x28a1,
0x38e1,0x1841,0x1840,0x4982,0xac48,0xabe8,0x51e3,0x3162,0x41a3,0x49c3,0x51e3,0x5a04,0x49c3,0x59e3,0x6a23,0x3942,
0x20a1,0x20c1,0x28c1,0x30e1,0x28c1,0x30e2,0x3902,0x38e2,0x28c1,0x30e2,0x3922,0x28e2,0x3102,0x3922,0x4143,0x7265,
0x82c6,0x7285,0x7286,0x8307,0x82e6,0x8306,0x7aa6,0x7b07,0x8327,0x7ac6,0x7b07,0x7b27,0x6245,0x41a4,0x4184,0x4123,
0x3944,0x3123,0x0820,0x28e2,0x2903,0x3984,0x20e3,0x2124,0x4a27,0x0861,0x20a1,0x1881,0x0000,0x18e3,0x6b8e,0x7c11,
0x6a46,0x6246,0x4164,0x5a04,0x8b46,0x9be8,0x93a7,0x7aa5,0xb3e6,0xdcea,0xc50c,0xab65,0xb386,0xdbe7,0xb325,0xb346,
0xcbc7,0xdc89,0xe4aa,0xe509,0x8a44,0x8244,0x8a44,0x8224,0x5143,0x4943,0x4942,0x4943,0x5163,0x5183,0x5183,0x5183,
0x59a3,0x5183,0x59c4,0x5183,0x4163,0x61e4,0x7225,0x9ae6,0xab48,0xa348,0xab68,0xbba8,0xa327,0xb388,0xbba8,0xbba8,
0xc3e9,0xcc49,0xab27,0x92a6,0xf650,0xd5b1,0xabc9,0xc46b,0xddb0,0x92e6,0x9307,0xa389,0x8b07,0x6267,0x5207,0x2145,
0x1060,0x28c1,0x0000,0x31a6,0x8410,0x830b,0x3902,0x3943,0x1081,0x20a2,0x2040,0xb44c,0xfff6,0xff51,0xff95,0xffff,
0xdc29,0x7962,0x92a6,0x92a6,0x92a6,0x92a6,0x8a66,0x79e5,0x89e5,0x5924,0x3123,0x3964,0x4984,0x49a4,0x49a4,0x41a4,
0x4184,0x4184,0x3963,0x1883,0x2062,0x20a3,0x3964,0x49c4,0x51c5,0x51c5,0x59e5,0x51c5,0x51a4,0x51c5,0xab48,0x9b28,
0x9b28,0xa348,0xa368,0xa368,0xab68,0xab68,0xab68,0xab68,0xab88,0x9aa4,0xcc09,0xf670,0xed4b,0xfdac,0xac8e,0x0000,
0x1061,0x0000,0x0000,0x1881,0x41a5,0x39c6,0x0820,0x28a0,0x0820,0x4229,0x7bef,0x39c7,0x18a2,0x18a2,0x0841,0x18a1,
0x1820,0x8b8a,0xffd1,0xf6d0,0xfff7,0xfe6e,0x7080,0x9264,0xaba9,0x9b48,0x9b48,0x9b28,0x9b07,0x92e7,0x8a86,0x5a06,
0x59e5,0x6205,0x6226,0x6226,0x6206,0x6226,0x5a06,0x5205,0x30e5,0x93a8,0xf68b,0xd58a,0x5206,0x4145,0x6206,0x6226,
0x6a46,0x6a46,0x6a46,0x5a06,0x6a67,0xcc0a,0xaba9,0xbbea,0xc44b,0xc46b,0xccac,0xcccc,0xd4ed,0xdd6f,0xdd8f,0xc304,
0xd365,0xee50,0xe58c,0xe56d,0xcccd,0x0000,0x1881,0x18a1,0x1881,0x20c2,0x3144,0x41e7,0x0841,0x1060,0x0820,0x52aa,
0x7bf0,0x2104,0x2903,0x10a2,0x0841,0x20c1,0x28a1,0x7b07,0xfff7,0xff2e,0xfdc9,0x99c0,0x7181,0x92e6,0xa368,0xb3a9,
0xa368,0xa368,0x8ac7,0x82a6,0x6226,0x51e6,0x5a05,0x6205,0x51c5,0x59e5,0x6a46,0x61e5,0x6a25,0x30e4,0xe609,0xfeea,
0xfde6,0xfec8,0xff29,0x5206,0x49a5,0x6a46,0x6a46,0x6a46,0x6206,0x6a46,0x5a06,0x8b28,0xc44b,0xa389,0xb42a,0xd4ed,
0xc4ac,0xdd2e,0xcccd,0xd54f,0xdd4e,0xb2e5,0xcae4,0xcb04,0xdc6a,0xfff3,0xa46d,0x0000,0x1881,0x18a1,0x1881,0x20c2,
0x2903,0x41e7,0x0882,0x0820,0x0861,0x5aec,0x7bf0,0x20e3,0x20e3,0x1082,0x0840,0x20c1,0x2902,0x6a23,0xd406,0xcae2,
0x4060,0x0000,0x3901,0x20a1,0x1040,0x4122,0x0000,0x1020,0x30e2,0x0020,0x1081,0x0000,0x0000,0x20a2,0x0020,0x1061,
0x0820,0x0000,0x0000,0x3122,0xff06,0x6120,0x1000,0x1000,0xfce4,0xe545,0x0001,0x0000,0x0000,0x28c2,0x0040,0x18a1,
0x0000,0x0000,0x59c4,0x1061,0x1861,0x4963,0x0000,0x30c1,0x28e1,0x0800,0x51c4,0x0840,0x1061,0x4922,0x48c0,0xe4ca,
0x1861,0x1081,0x1881,0x1881,0x1881,0x18a2,0x28e2,0x39c7,0x10c3,0x0820,0x0861,0x632c,0x73cf,0x20c2,0x20c3,0x0861,
0x0840,0x28e2,0x3122,0x51a3,0xa221,0x48c1,0x0020,0x1040,0x30e1,0x4922,0x4942,0x3922,0x0840,0x1860,0x4942,0x28c1,
0x28e2,0x0000,0x0000,0x20a1,0x1881,0x20c2,0x0840,0x0000,0x0001,0x9282,0xdba2,0x0000,0x2880,0x0000,0x79a2,0xfd84,
0x2902,0x0000,0x0000,0x3102,0x20a1,0x3102,0x0820,0x0000,0x4143,0x5183,0x5183,0x3922,0x1860,0x28e1,0x6a45,0x61e4,
0x6245,0x1060,0x1061,0x7224,0x92c5,0xcbc9,0x20e3,0x10a2,0x1081,0x1881,0x1881,0x18c2,0x20e2,0x39a6,0x18e4,0x0000,
0x1082,0x634d,0x6b8e,0x1881,0x18c3,0x0861,0x0840,0x28e2,0x3122,0x5982,0xa241,0x4941,0x6183,0x30e1,0x4962,0x0820,
0x0820,0x4142,0x3901,0x3902,0x1040,0x0000,0x0840,0x20c2,0x18a1,0x1881,0x0000,0x0800,0x3102,0x18a1,0x28e2,0x1800,
0xbb02,0x0000,0x0000,0x0000,0xfca4,0xbb22,0x0001,0x20c2,0x20c2,0x1881,0x0000,0x0840,0x3102,0x18a1,0x5184,0x1060,
0x0840,0x59e4,0x3942,0x6204,0x20a1,0x1060,0x51c3,0x59e4,0x7265,0x5a25,0x5983,0xcb67,0x2987,0x1081,0x1081,0x1881,
0x1081,0x20c2,0x2903,0x39a6,0x2104,0x0000,0x10a2,0x6b4d,0x6b6e,0x20c2,0x18c3,0x0861,0x0841,0x28c2,0x20c2,0x8b65,
0xb303,0x5982,0x20a1,0x1040,0x3902,0x28a1,0x20a1,0x3901,0x1040,0x2081,0x30e1,0x0820,0x1881,0x0820,0x0800,0x2081,
0x0020,0x1861,0x1060,0x0000,0x1881,0x0020,0xd281,0xa221,0x1041,0xec43,0xe3c3,0x0000,0x10a1,0x0820,0x0820,0x28c1,
0x0020,0x1881,0x1061,0x0000,0x4142,0x18a1,0x20a1,0x4963,0x1081,0x4143,0x3943,0x28a1,0x6aa6,0x28c2,0x4163,0x72a6,
0x71e4,0xfd2b,0x1904,0x1081,0x1081,0x1881,0x1081,0x20c2,0x3124,0x39a6,0x1904,0x0000,0x10a2,0x6b4d,0x6b6e,0x2903,
0x20e3,0x0861,0x0841,0x28e2,0x3122,0x4983,0xaac3,0x8263,0x0020,0x0020,0x18a1,0x4942,0x4942,0x3102,0x0020,0x0020,
0x5983,0x30e2,0x4143,0x20e3,0x18a2,0x30e2,0x4123,0x4122,0x10a2,0x10a2,0x18c2,0x3123,0x0061,0xb8c0,0xfb01,0xda40,
0x9100,0x4902,0x5164,0x18a2,0x1081,0x4123,0x4143,0x4963,0x28e2,0x20e2,0x3943,0xa2c7,0x9aa6,0x7a66,0x7a66,0x6206,
0xecab,0xd3e9,0xc42a,0x9b89,0x5a05,0x6a65,0xbbe9,0xbc09,0x2125,0x1081,0x1061,0x1881,0x1061,0x20c2,0x3124,0x39a6,
0x2104,0x0000,0x10a2,0x632c,0x634d,0x2903,0x20e3,0x0861,0x0841,0x28c2,0x3122,0x59a2,0xa221,0x3901,0x61a4,0x61e4,
0x6a04,0x5183,0x4983,0x69e4,0x6a05,0x61e4,0x5983,0x4123,0x3903,0x51a5,0x4964,0x4923,0x3903,0x30e2,0x6184,0x69a4,
0x6983,0x7102,0xc041,0xd240,0xfe80,0xf560,0xfb80,0x3882,0x4123,0x51a4,0x4984,0x3902,0x2081,0x28a1,0x59a4,0x4964,
0x69e5,0x5143,0x3902,0xab07,0x8aa6,0xc3a8,0x8a66,0x71e5,0xab48,0xab88,0xa368,0x7ac7,0x4962,0xc346,0x2986,0x1081,
0x1061,0x1881,0x1061,0x20c2,0x2924,0x39a6,0x2104,0x0000,0x10a2,0x634d,0x634d,0x2903,0x20e3,0x0861,0x0841,0x28e2,
0x20c2,0x8b65,0xb344,0x5962,0x20a1,0x0020,0x4122,0x28c1,0x28c1,0x4922,0x0000,0x1860,0x3902,0x3102,0x20a2,0x0020,
0x0000,0x20a1,0x1861,0x30e2,0x40e2,0x70a0,0x78e1,0x8800,0xfac0,0xe5e0,0xffe0,0xfa40,0x2802,0x0081,0x3902,0x2081,
0x30e2,0x5184,0x28c2,0x20a2,0x0860,0x0000,0x3922,0x3102,0x3942,0x51a3,0x0841,0x59c4,0x59e4,0x4963,0x6a45,0x20e2,
0xa368,0x8b07,0x71e4,0xf4ea,0x18e5,0x1081,0x1061,0x1881,0x1081,0x18c2,0x3124,0x39a6,0x2104,0x0000,0x10a3,0x634c,
0x634d,0x2903,0x20e3,0x0861,0x0841,0x28c2,0x3122,0x49a3,0xb304,0x7a63,0x0020,0x0820,0x20a1,0x4102,0x4102,0x30e1,
0x0820,0x0840,0x5962,0x5983,0x30c2,0x0000,0x0020,0x4102,0x4922,0x38e2,0x40a1,0x6080,0x3801,0xe340,0xe4e0,0xf680,
0xfc20,0x2802,0x2943,0x30e2,0x3922,0x0820,0x0820,0x4943,0x3923,0x51a4,0x3923,0x0000,0x1881,0x5983,0x6a04,0x4163,
0x20a1,0x3122,0x82a6,0x7a25,0x7245,0x2903,0x9b28,0x7a65,0xbbe8,0xb3e9,0x2105,0x1081,0x1061,0x1881,0x1061,0x20c2,
0x2924,0x39a6,0x2124,0x0000,0x10a2,0x632c,0x634d,0x2903,0x20e3,0x0861,0x0841,0x28c2,0x3122,0x5162,0xb281,0x5961,
0x59a3,0x28c1,0x4142,0x0820,0x0820,0x4122,0x30c1,0x30e1,0x28c1,0x3102,0x0840,0x4123,0x4964,0x28a1,0x1820,0x50a1,
0x5123,0x0002,0xc181,0xffe0,0xffe0,0xd980,0x3002,0x6963,0x0881,0x0820,0x28a1,0x28c2,0x28e2,0x28c1,0x0820,0x0841,
0x59c4,0x49a5,0x51a4,0x1881,0x1881,0x6225,0x4983,0x7245,0x28e2,0x1081,0x4983,0xc3e9,0xbbe9,0x51a4,0x5942,0xc346,
0x2986,0x1081,0x1061,0x1881,0x1061,0x18c2,0x2924,0x39a6,0x2124,0x0000,0x10a2,0x632c,0x634d,0x2923,0x20e3,0x0861,
0x0841,0x28c2,0x20c2,0x8b85,0xbb43,0x6982,0x28e1,0x1860,0x3902,0x2080,0x1880,0x3902,0x1860,0x2081,0x4943,0x3902,
0x3903,0x3903,0x0820,0x40e2,0x50c1,0x08a2,0x0003,0xfa60,0xee40,0xff60,0xc840,0x9961,0x60c1,0x7101,0x20c2,0x1861,
0x30e2,0x1861,0x1861,0x30e2,0x1040,0x30e2,0x20a2,0x0020,0x8225,0x9286,0x20e2,0x59c4,0x3102,0x61e4,0x49a3,0x20a2,
0xa347,0x82a6,0x7266,0x6a24,0x81e3,0xf4eb,0x18e5,0x1081,0x1061,0x1881,0x1061,0x18c2,0x2923,0x39a6,0x2124,0x0000,
0x10a2,0x632c,0x632d,0x2903,0x20e3,0x0861,0x0841,0x28c2,0x2922,0x51a3,0xbae3,0x8283,0x0020,0x1040,0x28a1,0x38e1,
0x30e1,0x30e1,0x0820,0x0020,0x61c3,0x6183,0x4123,0x0000,0x3081,0x4902,0x20a2,0x0003,0xf9c0,0xffe0,0xff20,0x7801,
0x7181,0x5141,0x7900,0x60e0,0x3102,0x28c1,0x3902,0x0820,0x0820,0x3922,0x20a1,0x3102,0x1881,0x1061,0x0041,0xa2e6,
0xbb68,0x4984,0x0061,0x3923,0x8285,0x9ae7,0x8ac6,0xa348,0x20e2,0x7265,0xc3c8,0xbbc9,0x2125,0x1081,0x1061,0x1881,
0x1061,0x18a2,0x3143,0x3986,0x2104,0x0000,0x10a2,0x632c,0x632d,0x3103,0x20e3,0x0861,0x0841,0x28c2,0x2922,0x5982,
0xc2c1,0x71a2,0x59c3,0x28c1,0x4142,0x0840,0x0820,0x3922,0x28c1,0x4942,0x59a3,0x2081,0x0841,0x4923,0x4902,0x28c2,
0x0002,0xd0c1,0xdc60,0xff60,0xa0a1,0x0042,0xe261,0x30e2,0x7941,0x7142,0x0861,0x1840,0x28a1,0x28c2,0x28e2,0x20a1,
0x0800,0x1040,0x3102,0x28c2,0x4964,0x0021,0xab48,0xc3a8,0x7245,0x5a04,0x6a25,0x6205,0x4143,0xcc09,0x59e4,0x5a05,
0x69a3,0xcb46,0x2186,0x1081,0x1061,0x1881,0x1081,0x1881,0x20e2,0x3985,0x2104,0x0000,0x10c2,0x630c,0x632d,0x2902,
0x18c3,0x0861,0x0841,0x28e2,0x20a2,0x83a5,0xcbe4,0x81c2,0x28e1,0x1880,0x3902,0x20a1,0x2081,0x30e1,0x4122,0x61a3,
0x69c4,0x0020,0x28c2,0x40c2,0x0861,0x18e3,0x9801,0xfdc0,0xf620,0xfa20,0x0003,0x89c2,0x6962,0x28c1,0x7121,0x5122,
0x20c1,0x2081,0x30c2,0x1861,0x2081,0x30e2,0x1041,0x20a1,0x20a1,0x0020,0x4143,0x4143,0x18a2,0xab48,0x8266,0xa327,
0xb368,0x2102,0x92e6,0x82a6,0x3102,0x7a85,0x8a44,0xed4c,0x1905,0x1081,0x1061,0x1881,0x1081,0x1061,0x18a2,0x3185,
0x2104,0x0000,0x10c2,0x630c,0x634d,0x1881,0x18c2,0x0861,0x0841,0x28c2,0x2902,0x4983,0xd3a5,0x92c4,0x0800,0x1840,
0x28c1,0x4122,0x3901,0x4122,0x4122,0x5183,0x59a3,0x38e2,0x4923,0x0841,0x0042,0x3803,0xfbe0,0xd440,0xfbe0,0x0802,
0x18c2,0x89e3,0x10a2,0x38e1,0x6921,0x40e1,0x3902,0x30e2,0x3102,0x1020,0x0820,0x3902,0x28e2,0x3923,0x0820,0x0000,
0x0861,0x8245,0x8286,0x6a25,0x6a46,0xa307,0xab67,0x6a24,0xbbe9,0x2081,0x20a1,0x82c6,0xdc6a,0xbc0a,0x2104,0x1081,
0x1061,0x1881,0x1081,0x1081,0x18a2,0x3186,0x2104,0x0000,0x18a3,0x632c,0x634d,0x18a1,0x18c2,0x0861,0x0841,0x28e2,
0x2922,0x5122,0xd301,0x71c2,0x59c3,0x28c1,0x4142,0x1840,0x1060,0x61c3,0x4963,0x5183,0x4102,0x50c1,0x1881,0x28e3,
0x0003,0xfb41,0xfee0,0xfd40,0x3803,0x0882,0x89a3,0x7942,0x0820,0x4102,0x6142,0x5122,0x1880,0x1840,0x28a1,0x28c1,
0x28c2,0x20a1,0x0800,0x1841,0x3102,0x1881,0x3923,0x0040,0x69c4,0x6a45,0xab28,0x92e7,0x9266,0x2903,0xb348,0x4983,
0x6204,0x6225,0x79a3,0xd386,0x2186,0x1081,0x1061,0x1881,0x1081,0x1081,0x18a2,0x3185,0x2124,0x0000,0x10a2,0x632c,
0x632d,0x18a2,0x18c2,0x0861,0x0841,0x28e2,0x20c2,0x7324,0xdba4,0x8a03,0x3101,0x2080,0x3902,0x1881,0x61a3,0x4942,
0x5163,0x3922,0x6982,0x2081,0x10a2,0x0004,0xf940,0xdd60,0xfe80,0xa002,0x00a3,0x1881,0x81e4,0x0040,0x2080,0x38e1,
0x5922,0x4102,0x28a1,0x2080,0x30c1,0x2081,0x2081,0x28c2,0x1041,0x20a1,0x20a1,0x0840,0x30e2,0x20c2,0x28a2,0x9ae7,
0x8266,0xa369,0x4983,0xab06,0xab47,0x28c2,0x4143,0x7265,0x9a64,0xed6b,0x1905,0x1081,0x1061,0x1881,0x1061,0x1081,
0x18a2,0x3185,0x2124,0x0000,0x10a2,0x630c,0x634d,0x18a2,0x18c3,0x0861,0x0841,0x28e2,0x2902,0x3922,0xd344,0x92a4,
0x0820,0x1840,0x20a1,0x59a3,0x5183,0x4942,0x28c1,0x4943,0x6983,0x30e2,0x1904,0xa002,0xffe0,0xed40,0xa001,0x1903,
0x1061,0x7122,0x8163,0x18a1,0x30c1,0x38e1,0x5122,0x38e2,0x30e2,0x30e1,0x3102,0x1040,0x1020,0x3102,0x28e2,0x3102,
0x0820,0x0000,0x1881,0x5183,0x8ac6,0x8ac7,0x3102,0x9b27,0x8ac6,0xbb88,0x8b07,0x0000,0x1061,0x7a65,0xe4aa,0xb42a,
0x1040,0x1081,0x0841,0x1081,0x1061,0x1061,0x1882,0x3185,0x2124,0x0000,0x10a2,0x630c,0x632d,0x18a2,0x18c2,0x0861,
0x0841,0x28e2,0x2902,0x40e1,0xda81,0x9222,0x59c3,0x28c1,0x5162,0x5162,0x1860,0x5183,0x30e1,0x59a4,0x1881,0x0862,
0x2002,0xfc60,0xf620,0xe1c0,0x2003,0x1082,0x3102,0x89e4,0x10a2,0x1840,0x1860,0x3902,0x5142,0x4922,0x2080,0x2060,
0x28a1,0x28a1,0x28c1,0x2081,0x0800,0x1860,0x28e2,0x1881,0x3102,0x0041,0x9b07,0x7a66,0x7225,0x82a6,0x6205,0xa327,
0xcbc8,0x4143,0x6204,0x6225,0x8203,0xdbc6,0x10a2,0x1081,0x0840,0x1081,0x1061,0x1061,0x1881,0x3185,0x2124,0x0000,
0x10a2,0x630c,0x632c,0x18a2,0x18a2,0x0841,0x0040,0x28e2,0x20c2,0x72e4,0xdb23,0x81c2,0x3901,0x2080,0x5983,0x4922,
0x28a1,0x5163,0x3902,0x61c4,0x3102,0x0002,0xe160,0xffe0,0xfd60,0x4803,0x00a3,0x0881,0x7143,0x6943,0x0881,0x2081,
0x2880,0x38e1,0x4922,0x3902,0x28a1,0x2881,0x30c1,0x2081,0x2081,0x28c2,0x1040,0x2081,0x2081,0x0840,0x1081,0x8a86,
0x51a4,0x51a4,0x51a3,0x7225,0x9307,0x8ae7,0x8ac6,0x7245,0x4142,0x7265,0x9a85,0xed8c,0x0841,0x1081,0x1061,0x1881,
0x1081,0x1061,0x1881,0x3165,0x2124,0x0000,0x10a2,0x5aeb,0x632d,0x18a2,0x18a2,0x0841,0x0040,0x28e2,0x2902,0x3922,
0xcae3,0x8243,0x0840,0x1060,0x59a3,0x4121,0x4922,0x5142,0x5963,0x5963,0x2903,0x9081,0xcbc0,0xffe0,0xc801,0x00a3,
0x30e2,0x28e2,0x79a4,0x0040,0x2061,0x30c1,0x30c1,0x30e1,0x4922,0x38e2,0x30e2,0x30e1,0x30e2,0x1840,0x1040,0x30e2,
0x28e2,0x30e2,0x0820,0x0000,0x4143,0x61c4,0x7204,0x5183,0x28e2,0x61c4,0xaba9,0x7a65,0x8ac6,0xa2e7,0x1881,0x6a24,
0xcc69,0xbc29,0x2146,0x1081,0x1061,0x1881,0x1081,0x1081,0x1881,0x3165,0x2124,0x0000,0x10a2,0x5aec,0x632c,0x18a1,
0x18a2,0x0841,0x0040,0x28c2,0x2902,0x38e1,0xca20,0x9a42,0x5182,0x3902,0x69c3,0x0820,0x28c1,0x61a3,0x61a3,0x4963,
0x2802,0xfd60,0xfec0,0xea20,0x2824,0x20e3,0x0820,0x38c2,0x6163,0x1060,0x28c1,0x2060,0x2060,0x3902,0x4942,0x4122,
0x2880,0x2060,0x28a1,0x28a1,0x28a1,0x2081,0x0800,0x1840,0x20c2,0x3103,0x4164,0x0840,0x1881,0x6a25,0x4163,0x8ae6,
0xbbc9,0x0000,0x3902,0x9b27,0x6225,0x5a04,0x89e2,0xdba6,0x2166,0x1061,0x1061,0x1881,0x1081,0x1081,0x1882,0x3165,
0x2124,0x0000,0x10a2,0x5b0c,0x632c,0x18a2,0x18c2,0x0841,0x0841,0x28c2,0x20c1,0x6a83,0xcaa2,0x89e2,0x28e1,0x5162,
0x61a3,0x1880,0x3922,0x6183,0x61a4,0x18e3,0xd9c1,0xffe0,0xfd40,0x6003,0x00a3,0x28c2,0x0841,0x71a4,0x1081,0x1840,
0x28a1,0x2880,0x2880,0x38e2,0x4922,0x3902,0x28c1,0x28a1,0x30c1,0x2081,0x2081,0x28a2,0x1040,0x1861,0x3102,0x4185,
0x20c2,0x20a1,0x3922,0x59e4,0x3122,0x6a05,0xcc0a,0x2081,0x51a3,0x7a45,0x7a86,0x6204,0xaa84,0xed4b,0x10e4,0x1081,
0x1061,0x1881,0x1081,0x1081,0x1882,0x3165,0x2124,0x0000,0x10a2,0x5b0c,0x5b2c,0x18a2,0x18c2,0x0841,0x0040,0x28c2,
0x2902,0x3101,0xb262,0x7a03,0x18a0,0x61a3,0x30e1,0x3902,0x5162,0x4942,0x69a5,0x6862,0xd340,0xe500,0xa081,0x0064,
0x1862,0x18a1,0x5943,0x6184,0x0020,0x1840,0x2080,0x30c1,0x30c1,0x38e1,0x4122,0x30e1,0x30e2,0x30e1,0x30e2,0x1860,
0x1840,0x28e2,0x28c1,0x3122,0x4164,0x0840,0x1881,0x5163,0x7204,0x4983,0x18a1,0x7a66,0xb389,0x7a65,0x6a24,0x3122,
0x82a6,0x5a04,0xecca,0xbc09,0x1905,0x1081,0x1061,0x1881,0x1081,0x1081,0x18a2,0x3165,0x2125,0x0000,0x10a2,0x5b0c,
0x5b0c,0x18a2,0x18a2,0x0841,0x0840,0x20c2,0x2902,0x38c0,0xb9e0,0x81e2,0x5183,0x69e4,0x4942,0x1860,0x5163,0x59a3,
0x7184,0xb900,0xffc0,0xfe40,0x4803,0x18e4,0x28a2,0x1081,0x6163,0x0881,0x20a1,0x2080,0x28c1,0x2060,0x2060,0x38e2,
0x4922,0x4122,0x28a0,0x2060,0x28a1,0x28a1,0x28a1,0x2081,0x0800,0x4164,0x3923,0x1861,0x28e2,0x1060,0x1061,0x61e4,
0x4983,0xa347,0x92e7,0x59c4,0x3942,0x59c4,0xab68,0x6a04,0x9a23,0xe427,0x2167,0x1061,0x1061,0x1881,0x1081,0x1081,
0x1881,0x3165,0x2124,0x0000,0x10a2,0x5aec,0x630c,0x18a2,0x18a2,0x0841,0x0841,0x20c2,0x20e2,0x6a42,0xba61,0x69a2,
0x4962,0x61c3,0x38e1,0x18c1,0x91e4,0x41a4,0xb822,0xfda0,0xfee0,0xe0c1,0x0064,0x20a3,0x1061,0x4923,0x6964,0x0841,
0x2081,0x2060,0x28a1,0x2880,0x2880,0x38e1,0x4122,0x3902,0x30c1,0x28a0,0x30c1,0x2080,0x2081,0x2081,0x3943,0x4164,
0x1040,0x1040,0x28c2,0x20a1,0x3102,0x59a3,0x5183,0x9b07,0x9b28,0xaae6,0x4983,0x3102,0xab47,0x7245,0xaaa4,0xe5ab,
0x0821,0x1081,0x0841,0x1061,0x1061,0x1061,0x18a1,0x3165,0x2124,0x0000,0x10a2,0x5aeb,0x5b0c,0x18a2,0x18a2,0x0841,
0x0840,0x20c1,0x2902,0x2901,0xa222,0x59a2,0x4122,0x5962,0x28a1,0x6982,0x5963,0x6904,0xfb80,0xfee0,0xb9c0,0x3843,
0x3124,0x1862,0x0841,0x5943,0x28c2,0x28a1,0x1860,0x1840,0x2081,0x30c1,0x30c1,0x38e1,0x4102,0x30e1,0x30e2,0x38e1,
0x30e1,0x1860,0x1020,0x3922,0x4984,0x28c2,0x1020,0x0820,0x1881,0x4943,0x61c3,0x28e2,0x8286,0x7245,0x92e7,0xa2c6,
0x8aa6,0x20a1,0x7245,0x7245,0xdc49,0xb409,0x0820,0x1061,0x0841,0x1061,0x1061,0x1061,0x1881,0x3185,0x2124,0x0000,
0x1082,0x5aeb,0x5b0c,0x1881,0x10a2,0x0041,0x0040,0x20c1,0x2902,0x40c0,0xb9c0,0x69a1,0x69e4,0x5963,0x3101,0x5942,
0x20e2,0x80c2,0xfea0,0xfdc0,0xc921,0x0042,0x20a2,0x28a2,0x28c2,0x5123,0x0020,0x1840,0x28a1,0x2060,0x28a1,0x2060,
0x2060,0x38e2,0x4922,0x4102,0x28a0,0x2060,0x28a1,0x28a1,0x2081,0x4164,0x0820,0x1840,0x28c2,0x1881,0x28c2,0x1860,
0x1061,0x6a04,0xa328,0x7a86,0x6205,0x3922,0x8a65,0x4142,0x9ae6,0x6a25,0x9a43,0xdba6,0x0882,0x1061,0x0841,0x1081,
0x1081,0x1061,0x1882,0x3185,0x2124,0x0000,0x10a2,0x5aeb,0x5b0c,0x18a1,0x10a2,0x0041,0x0040,0x20c1,0x18c2,0x6a62,
0xba61,0x6981,0x5983,0x4942,0x3902,0x79a3,0x0802,0xe2c0,0xfea0,0xfc80,0x3003,0x18a2,0x20a2,0x1081,0x5964,0x28e2,
0x1840,0x2081,0x2081,0x2060,0x28a1,0x2881,0x2880,0x38e2,0x4122,0x38e2,0x30c1,0x28a0,0x28a1,0x28a1,0x4984,0x28c2,
0x1040,0x2081,0x2081,0x1061,0x28c2,0x20a1,0x2081,0x7a45,0x8286,0x82a6,0x4984,0x3922,0x92a6,0x3902,0x92c6,0x7265,
0xa283,0xedcc,0x10e5,0x1061,0x1061,0x1881,0x1081,0x1061,0x18a2,0x3185,0x2124,0x0000,0x10a2,0x5aeb,0x5b0c,0x1881,
0x10a2,0x0841,0x0040,0x20a1,0x28e2,0x28e1,0xb242,0x61a2,0x28e1,0x4102,0x28e1,0x7183,0x4802,0xfec0,0xffe0,0xc8c1,
0x4143,0x4902,0x28c2,0x20a2,0x5964,0x1061,0x30c1,0x30c1,0x1860,0x1840,0x2081,0x30c1,0x30c1,0x38e1,0x4102,0x38c1,
0x38e2,0x38e1,0x30c1,0x4143,0x28e2,0x28a1,0x28c1,0x30e2,0x1040,0x1020,0x1881,0x4122,0x5983,0x8ac7,0x6a45,0x9b07,
0x7a45,0x61c4,0x9286,0x30c1,0x7245,0x7245,0xdc49,0xbc49,0x10e4,0x0861,0x1061,0x1881,0x1081,0x1061,0x18c2,0x3185,
0x2124,0x0000,0x10a2,0x5aeb,0x5b0c,0x18a2,0x10a2,0x0841,0x0840,0x20a1,0x20e2,0x48e0,0xb9c0,0x71a1,0x5983,0x4942,
0x6183,0x2822,0xf2a0,0xe4c0,0xfea0,0x58e2,0x1082,0x1061,0x0841,0x6184,0x38e2,0x1861,0x1020,0x1841,0x28a1,0x2081,
0x30c1,0x2060,0x2060,0x4102,0x4922,0x4102,0x2881,0x2060,0x4123,0x4964,0x2081,0x2081,0x1020,0x1861,0x28a1,0x1881,
0x28c2,0x1860,0x1020,0x92a6,0x7a66,0x92c6,0x1061,0x1081,0x61c4,0x4963,0xa2e6,0x6a04,0x9223,0xdb86,0x1105,0x0841,
0x1061,0x1881,0x1081,0x1061,0x20c2,0x3185,0x2124,0x0000,0x1082,0x5acb,0x5b0c,0x18a2,0x10a2,0x0841,0x0840,0x20a1,
0x18a2,0x6a62,0xba61,0x7181,0x4142,0x5963,0x4963,0x4802,0xfe40,0xe520,0xfa40,0xda62,0x10a2,0x1061,0x28c2,0x6185,
0x0040,0x20a1,0x1860,0x2061,0x2881,0x2060,0x28a1,0x2881,0x2881,0x38e2,0x5963,0x4102,0x28a1,0x30c1,0x4984,0x1860,
0x2081,0x28a1,0x1861,0x2081,0x2081,0x1861,0x28c2,0x2081,0x28a1,0x8a86,0x92c6,0x4943,0x4943,0x20c1,0x61e4,0x5183,
0x92c6,0x7224,0x9223,0xed4a,0x08a4,0x0841,0x1061,0x1881,0x1081,0x1061,0x20e2,0x3185,0x2124,0x0020,0x10a2,0x5acb,
0x5b0c,0x18a2,0x10a2,0x0841,0x0840,0x20a1,0x20e2,0x3101,0xb262,0x69c3,0x28a1,0x6183,0x5964,0xb181,0xdc00,0xfda0,
0x5061,0x7983,0xa1e3,0x20a1,0x5964,0x28a2,0x0820,0x28a1,0x30c1,0x30c2,0x2061,0x1840,0x28a1,0x38e2,0x38e1,0x30e2,
0x6163,0x38e1,0x3902,0x51a4,0x38e2,0x1860,0x1860,0x30e2,0x30c2,0x30e2,0x1040,0x1040,0x20a1,0x4922,0x69e4,0x92e7,
0x28e2,0x3902,0x6a04,0x61c4,0x7205,0x4963,0x82a7,0x6a04,0xdc28,0xc408,0x0884,0x0841,0x1061,0x1881,0x1061,0x1061,
0x20e3,0x3185,0x2124,0x0020,0x10a2,0x52cb,0x5b0c,0x18c2,0x10a2,0x0841,0x0840,0x18a1,0x18e2,0x48c1,0xc1e0,0x79a2,
0x4942,0x79c4,0x6083,0xfbc0,0xff40,0xeaa1,0x2842,0x2102,0x79a3,0x30c2,0x5144,0x1881,0x2081,0x28a1,0x1040,0x1881,
0x38e2,0x28a1,0x38e2,0x2881,0x2081,0x4123,0x59a5,0x3902,0x51a5,0x30e3,0x30c1,0x30c1,0x30c1,0x28a1,0x1040,0x2081,
0x30c2,0x2081,0x28c2,0x0020,0x8245,0x8265,0x3902,0x59a3,0x3102,0x18a1,0x4142,0x7a24,0xa328,0x61c3,0x8a43,0xd304,
0x08c4,0x0841,0x1061,0x1881,0x1061,0x1881,0x2923,0x3185,0x2124,0x0020,0x10a2,0x52cb,0x5aeb,0x20e3,0x10a2,0x0041,
0x0840,0x18a1,0x18a2,0x6a83,0xc261,0x81c2,0x3102,0x5963,0xa102,0xff00,0xff20,0xa122,0x18c2,0x38e1,0x3902,0x71a4,
0x4103,0x0841,0x2081,0x28c2,0x1881,0x20a2,0x28c2,0x0082,0x18a3,0x1823,0x1802,0x4063,0x58a5,0x4064,0x4104,0x0043,
0x28c3,0x10a2,0x20c2,0x30e2,0x1881,0x28a1,0x28a1,0x1881,0x20a2,0x3923,0x8287,0x4143,0x3902,0x5183,0x4943,0x28e2,
0x4142,0x7a24,0xa307,0x61c4,0x91e3,0xf548,0x0083,0x0021,0x1061,0x1881,0x1061,0x18a2,0x2923,0x3185,0x2124,0x0000,
0x10a2,0x52ab,0x5aeb,0x20e3,0x10a2,0x0041,0x0040,0x18a1,0x20e2,0x3101,0xba62,0x7a23,0x1881,0x28c2,0xfaa1,0xd3e0,
0xfc20,0x3043,0x18c2,0x20a1,0x6163,0x7183,0x5943,0x30c2,0x0041,0x18c2,0x2083,0x3802,0x4822,0x98e1,0xc1a1,0xb241,
0xca00,0xf340,0xfd00,0xfca0,0xa9c1,0xba22,0x8902,0x78a2,0x3002,0x2063,0x20e3,0x4123,0x0881,0x0041,0x4964,0x7205,
0x7205,0x3102,0x30e1,0x3902,0x71e4,0x61a3,0x61a4,0x9a86,0x7a86,0x51a3,0xdc07,0xb3a7,0x0022,0x0020,0x1061,0x1881,
0x1061,0x18a2,0x2903,0x3165,0x2124,0x0000,0x10a2,0x52cb,0x5aec,0x20e2,0x10a2,0x0041,0x0040,0x18a1,0x20e2,0x48c1,
0xb1c0,0x79a2,0x4143,0x5082,0xeba0,0xfec0,0xfbc0,0x4063,0x3902,0x30e1,0x7183,0x48e2,0x0881,0xb1e5,0x4843,0x4862,
0xc100,0xfb80,0xdbe0,0xffa0,0xdc60,0xff40,0xfea0,0xdca0,0xfe20,0xdd20,0xfe60,0xffc0,0xfe20,0xfdc0,0xfc20,0xe260,
0x9021,0x2002,0x1063,0x9a06,0x4984,0x69e5,0x3102,0x5183,0x4122,0x5183,0x3102,0x10a1,0x5963,0xbb07,0x92c6,0x4963,
0x89e2,0xa9e2,0x0042,0x0020,0x1061,0x1881,0x1061,0x18a2,0x2903,0x3165,0x2124,0x0000,0x1082,0x52cb,0x5aeb,0x20c2,
0x10a2,0x0041,0x0040,0x1881,0x10a1,0x6a42,0xb241,0x71a2,0x2102,0x99a1,0xec60,0xff60,0x9901,0x3903,0x30c1,0x20e1,
0x9a04,0x0062,0x0002,0x5801,0xfb40,0xf4a0,0xff00,0xf580,0xdc20,0xfe20,0xcae0,0xfbe0,0xfaa0,0xaa00,0xfda0,0xb940,
0xeb60,0xfce0,0xf460,0xfe60,0xf620,0xe540,0xffe0,0xfc60,0xfa82,0x3803,0x00c4,0x9a47,0x20e2,0x4963,0x3902,0x4963,
0x4122,0x10a2,0x8204,0x8224,0x7225,0x4142,0x7141,0xdbe5,0x0022,0x0020,0x1061,0x1881,0x1061,0x18a2,0x2903,0x3165,
0x2124,0x0000,0x1082,0x52cb,0x5aeb,0x20c2,0x10a2,0x0041,0x0040,0x1881,0x20c1,0x3922,0xaa42,0x61e3,0x0001,0xfbe0,
0xfea0,0xc2e0,0x7122,0x4122,0x1081,0x6962,0x6123,0x3801,0xba61,0xff80,0xfe60,0xec40,0xda40,0xbac0,0xf9e0,0x6001,
0x1802,0x0002,0x0002,0x2062,0xfa00,0x3001,0x0003,0x0002,0x1802,0x7001,0xfb00,0xe3c0,0xec40,0xc440,0xffc0,0xfd60,
0xc921,0x58a4,0x3984,0x4143,0x30e2,0x3902,0x69c4,0x8204,0x9265,0x4963,0x3922,0x28e1,0xaaa4,0x9ac4,0x0001,0x0020,
0x1061,0x1881,0x1061,0x18a2,0x2903,0x3185,0x2124,0x0000,0x10a2,0x52cb,0x52cb,0x20c2,0x1082,0x0041,0x0840,0x1881,
0x18e2,0x5901,0xa9e0,0x5162,0x4882,0xfc60,0xdc80,0xfec0,0x0002,0x5143,0x18e2,0x8923,0xa980,0xfec0,0xf500,0xf500,
0xfc60,0x9061,0x4002,0x0022,0x4921,0xb1a0,0xa181,0x9142,0x7101,0x6942,0xb183,0x6101,0x6142,0xa181,0xc201,0xc241,
0x89a1,0x0802,0x8022,0xfaa0,0xf520,0xff00,0xed20,0xfc20,0x4003,0x49a5,0x4143,0x4963,0x3943,0x9265,0x69e4,0x79e4,
0x5983,0x28c1,0x6920,0x9961,0x0021,0x0020,0x1061,0x1881,0x1061,0x18a1,0x2903,0x3165,0x2124,0x0000,0x1082,0x52ab,
0x52cb,0x20c2,0x1082,0x0041,0x0840,0x1881,0x10a1,0x7242,0xb221,0x5142,0x6881,0xfe80,0xd480,0xfbc0,0xb102,0x1103,
0x4002,0xfae0,0xf660,0xff20,0xfc80,0xb081,0x0002,0x08c3,0x2082,0x38c2,0x6923,0x8142,0x6942,0x8142,0x7121,0x5922,
0x5922,0x6101,0x7962,0xa182,0xa1a2,0xb9e3,0xa981,0x5122,0x10a2,0x0022,0x5002,0xfb60,0xdd60,0xfec0,0xfe80,0x8883,
0x0024,0x51c4,0xaa86,0x9a65,0x4942,0x9245,0x3923,0x30c1,0x58c0,0xcae3,0x0001,0x0020,0x1061,0x1081,0x1061,0x18a1,
0x2903,0x3165,0x2124,0x0000,0x10a2,0x52aa,0x52cb,0x18a2,0x1082,0x0041,0x0840,0x1881,0x18c1,0x4921,0xa222,0x5943,
0xa8a0,0xffe0,0xfe40,0x5841,0x6122,0x5802,0xfd00,0xfee0,0xbaa0,0xd1c0,0x3003,0x0043,0x28a2,0x6922,0x5943,0x6122,
0x30a1,0x1060,0x1081,0x20c1,0x18a1,0x30c1,0x5922,0x4080,0x18e2,0x18c1,0x18c1,0x0860,0x38a1,0x6142,0x6962,0x7982,
0x18c2,0x5842,0xfb81,0xdb20,0xdce0,0xfe40,0xca22,0x7207,0x9a86,0x71e4,0x69c4,0xb285,0x0041,0x1081,0x79c1,0x9a63,
0x0001,0x0020,0x1061,0x1881,0x1061,0x1881,0x2903,0x3185,0x2124,0x0000,0x10a2,0x52ab,0x52cb,0x18a2,0x1082,0x0041,
0x0040,0x1881,0x18c2,0x5101,0xa1c0,0x40c2,0xca61,0xf600,0xeb40,0x3061,0x0002,0xfbe0,0xfe40,0xfd60,0xd980,0x0002,
0x28a2,0x7164,0x99a4,0x38e2,0x0020,0x0841,0x30c2,0x2061,0x30c1,0x2060,0x2060,0x4102,0x5122,0x40c1,0x28a1,0x2060,
0x30a1,0x28a1,0x2081,0x1881,0x0020,0x18a1,0xda02,0xb1c4,0x4103,0x3801,0xfe80,0xed80,0xff20,0xb922,0x6a26,0x08a2,
0x5983,0xba85,0x20c2,0x1081,0x7140,0xa960,0x0021,0x0020,0x1061,0x1881,0x1061,0x1882,0x2903,0x3165,0x2124,0x0000,
0x1082,0x52cb,0x52cb,0x18a2,0x1082,0x0041,0x0020,0x1881,0x10a2,0x7202,0xa201,0x4862,0xe400,0xfec0,0xb960,0x8081,
0xfdc0,0xdca0,0xff80,0xb920,0x0002,0x6102,0x9963,0x18c2,0x0061,0x28c2,0x1840,0x2081,0x28a1,0x2060,0x28a1,0x2880,
0x2860,0x38e2,0x4102,0x30a1,0x30c1,0x2880,0x28a1,0x2081,0x2081,0x30c1,0x1840,0x1061,0x0081,0x4185,0x81e2,0xeae1,
0xb881,0xd301,0xff80,0xfe20,0x7862,0x00e3,0x69a4,0x71a3,0x20a1,0x20a1,0x68e0,0xdb03,0x0001,0x0020,0x1061,0x1881,
0x1061,0x18a2,0x2903,0x3165,0x2124,0x0000,0x1082,0x52aa,0x52cb,0x18a2,0x1082,0x0040,0x0820,0x1881,0x18c1,0x5941,
0x91c1,0x5082,0xfe80,0xff20,0x4800,0x9960,0xdb80,0xfde0,0xb940,0xb140,0x81c2,0x7142,0x20e3,0x0021,0x1020,0x28c2,
0x30c2,0x30e2,0x1860,0x1840,0x2061,0x30c1,0x30c1,0x30c1,0x38e2,0x2860,0x38e2,0x30e1,0x30c1,0x1840,0x1040,0x28c1,
0x30c1,0x3902,0x20e2,0x81a4,0xb120,0x8202,0xa281,0x6821,0xfe60,0xff60,0xca61,0x70e3,0x9a65,0x28c2,0x1061,0x0860,
0x81e1,0xa283,0x0001,0x0020,0x1061,0x1881,0x1061,0x18a2,0x2903,0x3165,0x2125,0x0000,0x1082,0x52aa,0x52cb,0x18a2,
0x1081,0x0040,0x0040,0x1881,0x10c1,0x6100,0x9980,0x90a1,0xe4a0,0xfd40,0x5840,0xfe60,0xffe0,0xb901,0x0042,0xca02,
0xb181,0x0040,0x1061,0x28c2,0x28a1,0x28a1,0x1020,0x1861,0x30c2,0x2061,0x28c1,0x1840,0x1840,0x30e2,0x3902,0x30a1,
0x2081,0x1840,0x28a1,0x28c1,0x30c1,0x4123,0x4922,0x40e2,0x61a4,0x3923,0x10c2,0x0041,0x30e2,0xf421,0xa8c0,0xdc40,
0xffa0,0xfb40,0x9904,0x18c2,0x30e2,0x1081,0x8160,0xb980,0x0021,0x0020,0x1061,0x1881,0x1061,0x1881,0x2903,0x3165,
0x2125,0x0000,0x1082,0x52aa,0x52ab,0x18a2,0x1081,0x0040,0x0040,0x1881,0x10a1,0x79c1,0x99a1,0xb140,0xe4c0,0xf400,
0xc160,0xff20,0xfc80,0x3001,0xea02,0x4142,0x18e1,0x40e2,0x38e2,0x20a2,0x2081,0x28a2,0x1840,0x2061,0x28a1,0x2060,
0x28a1,0x2060,0x2060,0x30e2,0x38e2,0x28a1,0x30c1,0x40e2,0x4122,0x4102,0x30e1,0x38e2,0x1860,0x1061,0x4164,0x1881,
0x20c2,0x8163,0x79a4,0x20e3,0xcbe1,0xc160,0xffa0,0xffe0,0xc9e1,0x0862,0x30c2,0x20a1,0x7900,0xd2e2,0x0021,0x0020,
0x1061,0x1881,0x1061,0x1881,0x2903,0x3165,0x2125,0x0000,0x1082,0x52aa,0x52cb,0x18a2,0x1081,0x0040,0x0040,0x1881,
0x10c2,0x6941,0x8961,0x7900,0xff60,0xffa0,0xf540,0xbaa0,0x4001,0xf262,0x28c1,0x10a1,0x5142,0x30e2,0x5164,0x30c2,
0x1041,0x28a2,0x30e2,0x30e2,0x1840,0x1020,0x2081,0x30c2,0x30c1,0x30c1,0x30c2,0x38e1,0x4143,0x4102,0x30e2,0x1020,
0x1020,0x28c1,0x28a1,0x4143,0x4144,0x1861,0x6164,0x79a4,0x5983,0x3923,0x0063,0xe3e1,0xb200,0xd440,0xb1c0,0x6862,
0x0061,0x2080,0x8a02,0xb282,0x0001,0x0020,0x1061,0x1881,0x1061,0x1881,0x2903,0x3165,0x2125,0x0000,0x1082,0x528a,
0x52ab,0x1081,0x1061,0x0040,0x0040,0x1881,0x10c1,0x6121,0x98c0,0xfbe0,0xd460,0xf6a0,0xcb80,0xc3a0,0xb161,0x7182,
0x10c1,0x4922,0x30c1,0x0820,0x0861,0x3103,0x4143,0x3903,0x1840,0x1860,0x28c2,0x1860,0x30c1,0x2080,0x30a1,0x3902,
0x30e2,0x28a1,0x2881,0x1840,0x28a1,0x2881,0x2081,0x2081,0x1020,0x30e2,0x4963,0x4123,0x3103,0x0040,0x1881,0x59a4,
0x4143,0x2144,0xfaa0,0xff80,0xf5c0,0xd101,0x0862,0x20a1,0x7960,0xb980,0x0041,0x0020,0x0841,0x1061,0x1061,0x1881,
0x20e2,0x3165,0x2145,0x0000,0x1082,0x528a,0x52aa,0x1882,0x0861,0x0040,0x0040,0x1881,0x08a1,0x7180,0xa920,0xfca0,
0xdd40,0xff20,0xbb60,0xb140,0x8961,0x3942,0x30e1,0x4102,0x38e1,0x0020,0x20a1,0x1881,0x1061,0x3102,0x30c2,0x30e2,
0x30e2,0x2081,0x3902,0x30c2,0x2860,0x30e2,0x28c2,0x2881,0x28a1,0x2060,0x28a1,0x2081,0x28a1,0x38e2,0x30c2,0x4164,
0x1881,0x0841,0x28e2,0x2081,0x28c1,0x5183,0x4123,0x4984,0x2843,0xfb40,0xed60,0xfc20,0x3001,0x28c1,0x6920,0xdae2,
0x0001,0x0020,0x0861,0x1081,0x1061,0x1881,0x20e2,0x3165,0x2145,0x0000,0x1082,0x4a8a,0x52aa,0x1082,0x1061,0x0040,
0x0020,0x1881,0x10c1,0x7121,0x9120,0x99e0,0xffe0,0xffe0,0xebe0,0x9121,0x5963,0x4122,0x2080,0x28a0,0x61a3,0x3902,
0x3123,0x0820,0x0820,0x28c1,0x28c2,0x3902,0x28c2,0x28a2,0x30e2,0x3902,0x30e2,0x30c2,0x28a1,0x2080,0x3922,0x3922,
0x3923,0x30e2,0x28a1,0x3102,0x3102,0x3943,0x0820,0x1020,0x1861,0x4123,0x5183,0x4143,0x30e2,0x2923,0x61c4,0x8000,
0xc3e0,0xff40,0xa800,0x0081,0x71c2,0xb242,0x0001,0x0020,0x1061,0x1881,0x1061,0x1881,0x20e3,0x3165,0x2125,0x0000,
0x1082,0x4a8a,0x528a,0x1082,0x0861,0x0020,0x0020,0x1881,0x10c2,0x68e0,0xc940,0xfea0,0xdce0,0xfe60,0xa0a0,0x3901,
0x18a1,0x5162,0x38e1,0x4942,0x30c1,0x0000,0x1881,0x20a2,0x2081,0x28a2,0x1840,0x30c2,0x30e2,0x2060,0x30c1,0x2060,
0x2060,0x30e2,0x30e2,0x28c1,0x30c1,0x28a1,0x30c1,0x28a1,0x2081,0x2080,0x28c2,0x30e2,0x28a1,0x1881,0x28c2,0x1860,
0x20a1,0x59a4,0x4963,0x3984,0x9a41,0x2861,0xe240,0xf4c0,0xfa60,0x0041,0x6941,0xb960,0x0061,0x0020,0x0841,0x1061,
0x1061,0x1881,0x20e2,0x3145,0x2945,0x0000,0x1082,0x4a8a,0x52aa,0x1081,0x0861,0x0020,0x0020,0x1881,0x08a2,0x6920,
0xea20,0xf6c0,0xe560,0xfd00,0x9921,0x00a2,0x30c1,0x5962,0x30e1,0x4122,0x30e1,0x0820,0x20a1,0x2081,0x1861,0x3102,
0x28c2,0x2081,0x28c1,0x1840,0x28c1,0x2060,0x2040,0x30e2,0x28c1,0x2881,0x28a1,0x2880,0x30c1,0x2080,0x2081,0x28a1,
0x4144,0x20a1,0x2081,0x1861,0x30e2,0x2081,0x28a1,0x5183,0x4143,0x51a3,0xf2c1,0x0021,0x8060,0xfe80,0xfbe0,0x2001,
0x4901,0xda81,0x0021,0x0020,0x0840,0x1061,0x1061,0x1881,0x20e2,0x3145,0x2145,0x0000,0x0882,0x4a69,0x528a,0x1061,
0x0861,0x0020,0x0000,0x1861,0x10c2,0x7920,0xb160,0xb260,0xff60,0xfae0,0x4861,0x4943,0x6183,0x3922,0x1880,0x20a1,
0x61a3,0x30e2,0x3103,0x0820,0x2081,0x3923,0x28e2,0x30e2,0x1840,0x1020,0x2080,0x30e2,0x30c1,0x30c1,0x28a1,0x2060,
0x3902,0x38e1,0x38e2,0x2060,0x1840,0x30e2,0x4164,0x30e2,0x1020,0x1020,0x1881,0x4123,0x59a3,0x4143,0x20e2,0x6183,
0x7a03,0x18a2,0x7061,0xffc0,0xfe00,0x8800,0x5142,0xba02,0x0021,0x0020,0x0840,0x1061,0x1061,0x1881,0x20e2,0x3144,
0x2125,0x0000,0x1082,0x4a69,0x4a8a,0x1061,0x0861,0x0020,0x0020,0x1081,0x10c1,0x68e0,0xf240,0xef20,0xcb40,0xfb40,
0x6921,0x4101,0x48e1,0x71a3,0x3902,0x5962,0x3902,0x1040,0x20a2,0x3923,0x3103,0x30e2,0x1040,0x2081,0x30e2,0x2061,
0x30e2,0x2060,0x2060,0x3902,0x28c1,0x28c1,0x30c1,0x2880,0x30c1,0x28c1,0x2081,0x3923,0x28e2,0x2081,0x30c2,0x1881,
0x3903,0x18a1,0x20c1,0x71e4,0x3943,0x9a45,0x0000,0x0000,0x1801,0xfce0,0xfdc0,0x8060,0x50e1,0xa120,0x0081,0x0020,
0x0840,0x1061,0x1061,0x1881,0x20e2,0x2945,0x2145,0x0000,0x1082,0x4a69,0x4a8a,0x1061,0x0861,0x0020,0x0020,0x1061,
0x08a1,0x7080,0xfb20,0xe620,0xd280,0xaa20,0x8941,0x8161,0x6942,0x81c3,0x5962,0x61a3,0x5163,0x20a1,0x3923,0x3123,
0x28e2,0x3123,0x20a2,0x28e2,0x3103,0x20a2,0x3103,0x28c2,0x28a2,0x3923,0x28c2,0x28c2,0x3902,0x30e2,0x3903,0x30e2,
0x28c2,0x4184,0x30e2,0x30e2,0x3903,0x3923,0x4984,0x5984,0x71c4,0x9245,0xaaa6,0xaac6,0x0000,0x0020,0x1801,0xfb40,
0xfd00,0xb920,0x40c1,0xba00,0x0041,0x0020,0x0841,0x1061,0x1061,0x1881,0x20e3,0x2945,0x2145,0x0000,0x1082,0x4a69,
0x4a8a,0x1082,0x0861,0x0020,0x0020,0x1061,0x08c1,0x8100,0xc1e0,0xb2c0,0xfde0,0x4041,0x9141,0x3142,0x6182,0x3102,
0x1060,0x2080,0x5183,0x4123,0x4123,0x0800,0x0800,0x28c2,0x30e2,0x3102,0x1840,0x1000,0x2080,0x38e2,0x30e2,0x30c1,
0x2081,0x2040,0x3922,0x3902,0x3902,0x2040,0x2040,0x3943,0x30e2,0x30e2,0x1040,0x0820,0x1061,0x4963,0x61c4,0x2102,
0x69a4,0x38e2,0x4102,0x28c1,0x5861,0xd1e0,0xfd40,0xca60,0x28c1,0xa1c1,0x0041,0x0020,0x1061,0x1081,0x1061,0x1881,
0x20e3,0x3165,0x2145,0x0000,0x0882,0x4a49,0x4a8a,0x1081,0x0861,0x0020,0x0020,0x1061,0x10c1,0x70e0,0xfb60,0xe4e0,
0xd320,0x2081,0x7982,0x10a1,0x20a1,0x4942,0x38e1,0x4922,0x4122,0x2081,0x1881,0x20a2,0x2081,0x28c2,0x0820,0x1860,
0x30e2,0x2061,0x30e2,0x2060,0x2040,0x3902,0x28c1,0x30c1,0x30a1,0x2860,0x30c1,0x28a1,0x30e2,0x30e2,0x0820,0x1860,
0x28c2,0x2081,0x30e2,0x1860,0x1880,0x69e4,0xa285,0x28a2,0x0820,0x0040,0xa0c0,0x99a0,0xec80,0xc9c0,0x40c1,0x8900,
0x10a1,0x0020,0x0861,0x1061,0x1061,0x1881,0x20e3,0x3145,0x2145,0x0000,0x1082,0x4a49,0x4a69,0x1061,0x0861,0x0020,
0x0020,0x1061,0x00a1,0x7860,0xfbe0,0xecc0,0xc340,0x1021,0x6162,0x30c1,0x1880,0x5162,0x30e1,0x4942,0x5963,0x0020,
0x2081,0x20a1,0x1881,0x28c2,0x0820,0x1861,0x28e2,0x2060,0x30e2,0x2060,0x2060,0x3902,0x28a1,0x30c1,0x30c1,0x2880,
0x30c1,0x28a1,0x3902,0x30e2,0x1020,0x2061,0x28a1,0x1861,0x3103,0x1881,0x1020,0x8a45,0x71e4,0x2081,0x0840,0x3060,
0x88a0,0x9180,0xf520,0xca00,0x40a1,0xb9e0,0x0041,0x0020,0x0841,0x1061,0x1061,0x1881,0x20e2,0x2945,0x2945,0x0000,
0x1082,0x4a49,0x4a69,0x0861,0x0861,0x0020,0x0000,0x1061,0x00a1,0x8900,0xd240,0xb2e0,0xfe60,0x0001,0x30e1,0x79a3,
0x5963,0x3902,0x1880,0x5142,0x69c3,0x30e2,0x3103,0x0820,0x0800,0x28c2,0x30e2,0x3103,0x1840,0x1820,0x2881,0x3902,
0x3902,0x30e2,0x2081,0x2060,0x4142,0x4122,0x4122,0x2880,0x3103,0x30e2,0x30e2,0x3102,0x1040,0x1020,0x2081,0x4143,
0x59a4,0x8a86,0x0800,0x0820,0x3902,0x7101,0x2862,0xb180,0xfe00,0xd2c0,0x2081,0x9981,0x0020,0x0020,0x0861,0x1061,
0x1061,0x1081,0x20c2,0x2944,0x2145,0x0000,0x0881,0x4a49,0x4a69,0x1061,0x0861,0x0020,0x0020,0x1061,0x10a1,0x70e0,
0xfb40,0xed00,0xbb20,0x1842,0x5942,0x8162,0x0880,0x4942,0x5962,0x61a3,0x2081,0x0820,0x1881,0x20a2,0x2081,0x28c2,
0x1020,0x1860,0x30e2,0x2081,0x30e2,0x2060,0x2040,0x3902,0x28c1,0x30c1,0x30c1,0x2860,0x30c1,0x3902,0x3943,0x28a1,
0x1020,0x1861,0x28c2,0x2081,0x30e3,0x0840,0x4102,0x9aa6,0x1040,0x20a1,0x0040,0x9140,0x0821,0xca20,0xed60,0xb940,
0x30a1,0x9100,0x0860,0x0020,0x0861,0x1081,0x1061,0x1081,0x20c2,0x2945,0x2945,0x0000,0x0881,0x4249,0x4a69,0x1061,
0x0861,0x0020,0x0020,0x1061,0x0081,0x7880,0xfb20,0xe520,0xbb20,0x2862,0x3102,0x7141,0x10a1,0x5983,0x6183,0x4122,
0x30c1,0x0800,0x2081,0x20a1,0x2081,0x28c2,0x1020,0x2060,0x30e2,0x2060,0x30e2,0x2060,0x2060,0x3902,0x28a1,0x30c1,
0x30c1,0x2880,0x30c1,0x3923,0x28c2,0x28c1,0x1020,0x2061,0x28c1,0x1861,0x30e2,0x0020,0x9a86,0x7204,0x0820,0x1881,
0x40c1,0x9160,0x0001,0xfbe0,0xff20,0xa920,0x40c1,0xba00,0x0040,0x0020,0x0841,0x1081,0x1061,0x1081,0x20c2,0x3144,
0x2145,0x0000,0x0881,0x4228,0x4a49,0x1061,0x0861,0x0020,0x0000,0x1061,0x0881,0x8160,0xb1a0,0xaa40,0xff20,0x2001,
0x20c1,0x8182,0x6983,0x69a3,0x2080,0x2880,0x5183,0x30e2,0x3103,0x1020,0x0800,0x28c2,0x30e2,0x3102,0x1840,0x1820,
0x2881,0x3922,0x3902,0x30e2,0x2061,0x2060,0x4143,0x4122,0x4143,0x2903,0x1820,0x30e2,0x30e2,0x3102,0x1040,0x1020,
0x1041,0x61c4,0x8245,0x30c1,0x0000,0x0000,0x9181,0x5121,0x4002,0xfe40,0xffe0,0xc0e0,0x3902,0xa9e1,0x0000,0x0020,
0x0841,0x1061,0x1061,0x1081,0x20c2,0x2944,0x2925,0x0000,0x0881,0x4228,0x4a49,0x0861,0x0841,0x0020,0x0000,0x1041,
0x1081,0x7960,0xa140,0xe5a0,0xd400,0x5841,0x3102,0x18a1,0x8182,0x69a3,0x30e1,0x4102,0x28c1,0x0800,0x1881,0x20a1,
0x2081,0x28c2,0x1020,0x2060,0x30e2,0x2060,0x30e2,0x2060,0x2060,0x3902,0x28a1,0x30c1,0x30c1,0x2860,0x38e2,0x3923,
0x28a1,0x28a1,0x1020,0x1861,0x28c2,0x1881,0x3103,0x5984,0x28a1,0x5983,0x1060,0x1081,0xa9c0,0x0021,0x2801,0xfe20,
0xfd60,0x4001,0x5101,0x9920,0x1060,0x0020,0x0841,0x1061,0x1061,0x1081,0x20c2,0x2944,0x2945,0x0000,0x0861,0x4228,
0x4249,0x1061,0x0841,0x0020,0x0000,0x1040,0x0041,0x7161,0x8900,0xf480,0xc420,0xa980,0x28c2,0x0081,0x8162,0x4142,
0x30e1,0x4102,0x28a1,0x0800,0x1881,0x20a1,0x2081,0x28c2,0x1020,0x1860,0x30e2,0x2060,0x30e2,0x2060,0x2060,0x3902,
0x28a1,0x30c1,0x30c1,0x2860,0x3902,0x30c1,0x2881,0x28c1,0x0820,0x1861,0x28c2,0x1040,0x5184,0x3902,0x28a1,0x5142,
0x1040,0x4901,0xa160,0x0001,0x7800,0xfde0,0xfc40,0x1801,0x5121,0xca60,0x0020,0x0020,0x0841,0x1061,0x1061,0x1081,
0x20c2,0x2944,0x2945,0x0000,0x0861,0x4228,0x4249,0x0861,0x0841,0x0020,0x0000,0x1040,0x0060,0x91a0,0x7161,0x7920,
0xee00,0xe400,0x0002,0x6982,0x79c3,0x3922,0x1860,0x28a0,0x5163,0x28c1,0x28e2,0x1020,0x0820,0x28c2,0x30e2,0x3102,
0x1860,0x1820,0x2881,0x4122,0x4122,0x38e2,0x2060,0x2060,0x4943,0x4102,0x4963,0x1840,0x1020,0x3102,0x30e2,0x3902,
0x1020,0x0020,0x59a5,0x4123,0x59a3,0x30e2,0x0000,0xb140,0x5162,0x0002,0xba60,0xfdc0,0xfaa0,0x1021,0x79e2,0xb282,
0x0000,0x0020,0x0841,0x1061,0x1061,0x1061,0x20e3,0x2944,0x2945,0x0000,0x0861,0x4208,0x4228,0x0861,0x0841,0x0020,
0x0000,0x1040,0x0060,0x99a0,0x6121,0x80e0,0xd460,0xf540,0x4001,0xa181,0x20a1,0x69a3,0x20c1,0x3902,0x30c1,0x0820,
0x1881,0x20a1,0x2081,0x28c2,0x1020,0x2061,0x30e2,0x2060,0x38e2,0x2860,0x2860,0x3902,0x28a1,0x38e1,0x30c1,0x2880,
0x3903,0x28a1,0x28a1,0x30c2,0x1020,0x2081,0x28c2,0x4923,0x5164,0x0840,0x28a1,0x3102,0x1080,0xa9c1,0x0842,0x3801,
0xfd80,0xf480,0xb860,0x0881,0x6961,0xa140,0x0820,0x0000,0x0841,0x1061,0x1061,0x1081,0x20e3,0x2945,0x2945,0x0000,
0x0861,0x3a07,0x4228,0x0841,0x0041,0x0020,0x0000,0x1040,0x0020,0x79c1,0x7181,0x3001,0xd400,0xdd00,0xa9c0,0x7901,
0x1081,0x7162,0x5922,0x38e1,0x30a1,0x0800,0x1881,0x20a1,0x2081,0x28c2,0x1020,0x1860,0x30c1,0x2060,0x38e2,0x2860,
0x2860,0x3902,0x28a1,0x38c1,0x30c1,0x28a1,0x3902,0x28a1,0x2881,0x28c2,0x0820,0x1040,0x4143,0x4943,0x3103,0x1860,
0x2080,0x10c2,0x8120,0x4901,0x0002,0xea00,0xf5c0,0xeb00,0x2801,0x28c1,0x58e1,0xdaa1,0x0000,0x0020,0x0841,0x1061,
0x1061,0x1081,0x20e3,0x2945,0x2945,0x0000,0x0861,0x39e7,0x4208,0x0841,0x0041,0x0020,0x0000,0x1040,0x0041,0x81a1,
0x81c1,0x2062,0xd2c0,0xee20,0xf5a0,0x2801,0x4922,0x3102,0x7941,0x08a1,0x5142,0x28c1,0x28e2,0x1020,0x0800,0x28c2,
0x30c2,0x30e2,0x1840,0x1820,0x2881,0x3902,0x4102,0x38e2,0x2060,0x2060,0x4963,0x4163,0x4943,0x1020,0x1000,0x3902,
0x30e2,0x4143,0x4923,0x1020,0x2081,0x4143,0x5163,0x38e1,0xb920,0x0841,0x5042,0xd360,0xb2e0,0xf9e0,0x0001,0x28a1,
0x9a22,0xaaa2,0x0001,0x0020,0x0841,0x1081,0x1061,0x1881,0x20e3,0x2945,0x2945,0x0000,0x0861,0x39e7,0x3a08,0x0861,
0x0040,0x0020,0x0000,0x0840,0x0860,0x8981,0x7140,0x40e1,0x5821,0xf560,0xbbc0,0xc980,0x0022,0x3102,0x7141,0x6942,
0x1881,0x1020,0x1881,0x20a1,0x2081,0x28c2,0x1020,0x2061,0x30e2,0x2060,0x30e2,0x2860,0x2060,0x3902,0x28a1,0x38e1,
0x30e1,0x28c2,0x30c1,0x28a1,0x28a1,0x30c2,0x1020,0x4102,0x5163,0x2081,0x3923,0x1861,0x0041,0x8181,0x28c1,0x0002,
0xea40,0xfde0,0xfbc0,0x3001,0x1881,0x40e1,0x7960,0x9160,0x0861,0x0000,0x0841,0x1081,0x1061,0x1081,0x20e3,0x2945,
0x2945,0x0000,0x0861,0x39c7,0x39e7,0x0841,0x0041,0x0020,0x0000,0x0840,0x0040,0x71e1,0x8180,0x4901,0x2061,0x90e0,
0xbc40,0xfec0,0x6801,0x2902,0x20e1,0x7982,0x1081,0x0800,0x1861,0x20a1,0x2081,0x28c2,0x1020,0x1840,0x30e2,0x2060,
0x30e2,0x2060,0x2060,0x38e2,0x2881,0x38c1,0x3902,0x28a1,0x30c1,0x28a1,0x28a1,0x28c1,0x1040,0x4922,0x30e2,0x2081,
0x4123,0x0021,0x40c0,0x8981,0x0842,0x6801,0xfee0,0xfd60,0xb8c0,0x0041,0x2881,0x4901,0x7120,0xca81,0x0001,0x0000,
0x0841,0x1081,0x1061,0x1081,0x20e3,0x3144,0x2945,0x0000,0x0861,0x39e7,0x3a08,0x0861,0x0041,0x0020,0x0000,0x0840,
0x0040,0x69a1,0x79c1,0x3901,0x0860,0x5041,0xf460,0xb3a0,0xd2c0,0x2802,0x1882,0x50e1,0x8982,0x10a1,0x30e2,0x1020,
0x1000,0x28a1,0x30c2,0x30e2,0x1840,0x1020,0x2081,0x3902,0x3902,0x30c1,0x1840,0x2040,0x4963,0x4122,0x4122,0x1020,
0x0800,0x3902,0x5983,0x4923,0x0820,0x0800,0x1081,0x3943,0x9a02,0x18a2,0x1801,0xfd80,0x92a0,0xda20,0x2062,0x0000,
0x0000,0x2081,0x9a02,0xa2c3,0x0001,0x0000,0x0841,0x1081,0x1061,0x1081,0x20e2,0x3144,0x2945,0x0000,0x0861,0x39c7,
0x39e7,0x0841,0x0020,0x0020,0x0000,0x0840,0x0860,0x7981,0x7140,0x4901,0x30c1,0x6102,0x6001,0xf5c0,0xde60,0xb9c0,
0x1802,0x20e2,0x7141,0x2060,0x0881,0x2081,0x2081,0x28a1,0x1020,0x1861,0x30c2,0x2060,0x30c1,0x2060,0x2040,0x38e2,
0x2881,0x30c1,0x30e2,0x2040,0x30c1,0x28a1,0x1081,0x5963,0x1840,0x1861,0x30e2,0x2081,0x1103,0x8981,0x4101,0x0002,
0xfa00,0xcc60,0xfc20,0x4001,0x10a2,0x2081,0x1060,0x40e1,0x7940,0x8140,0x0061,0x0000,0x0841,0x1061,0x1061,0x1081,
0x20c2,0x2944,0x2945,0x0000,0x0861,0x31c7,0x39c7,0x0841,0x0020,0x0000,0x0000,0x0840,0x0040,0x61a1,0x7960,0x38e1,
0x4101,0x6122,0x2082,0x8860,0xfee0,0xb420,0xc980,0x3002,0x30c1,0x78e0,0x1081,0x2081,0x2081,0x28a1,0x1020,0x1840,
0x30c2,0x2060,0x30c2,0x2060,0x2040,0x30c1,0x2880,0x38c1,0x30e1,0x2040,0x30a1,0x2081,0x5102,0x5122,0x0000,0x1861,
0x3902,0x0061,0x8983,0x6921,0x0001,0xc1a0,0xfde0,0xe3c0,0x7001,0x0001,0x2081,0x28a1,0x1881,0x48e1,0x6900,0xc260,
0x0001,0x0000,0x0840,0x1061,0x1061,0x1061,0x20c2,0x2944,0x2945,0x0000,0x0861,0x31a6,0x39c7,0x0841,0x0020,0x0000,
0x0000,0x0840,0x0020,0x5161,0x79a1,0x30e1,0x2880,0x48c1,0x10a1,0x40a2,0x9080,0xd560,0xe7a0,0xca20,0x1802,0x30c2,
0x6922,0x0041,0x0820,0x28a1,0x28c1,0x30e2,0x1840,0x1000,0x2060,0x38e2,0x38e1,0x38c1,0x2840,0x2880,0x4122,0x38e2,
0x3902,0x3080,0x48a1,0x30e2,0x30e2,0x4123,0x0841,0x30c1,0xb181,0x0002,0xb120,0xf5a0,0xfea0,0x9800,0x2903,0x40e2,
0x4122,0x0000,0x0000,0x2081,0x99e2,0x9a82,0x0000,0x0000,0x0840,0x1061,0x1061,0x1061,0x20c2,0x2924,0x2945,0x0000,
0x0861,0x3186,0x31a6,0x0840,0x0020,0x0000,0x0000,0x0840,0x0840,0x6121,0x6940,0x40e1,0x40e1,0x40e1,0x30c1,0x18a1,
0x0802,0x8941,0xe640,0xbd20,0xd220,0x1801,0x0082,0x9902,0x0081,0x28a1,0x1040,0x1861,0x28c1,0x1840,0x28a1,0x2040,
0x2040,0x38c1,0x3080,0x38c1,0x28a1,0x1840,0x30c1,0x7142,0x2081,0x30c2,0x0840,0x0881,0x4102,0x9101,0x0802,0xfba0,
0xfe60,0xcb80,0xa840,0x0023,0x0881,0x0000,0x2081,0x2061,0x1040,0x40e1,0x7140,0x7120,0x0040,0x0000,0x0840,0x1061,
0x1061,0x1081,0x18c2,0x2924,0x2945,0x0000,0x0861,0x3186,0x31a6,0x0841,0x0020,0x0000,0x0000,0x0840,0x0020,0x5981,
0x7160,0x38e0,0x4922,0x38c1,0x38e1,0x1860,0x1881,0x2062,0x8841,0xc340,0xc4c0,0xfcc0,0x6801,0x2022,0x9102,0x10a2,
0x0020,0x1861,0x30c1,0x1860,0x30c1,0x1840,0x1840,0x30a1,0x3080,0x38c1,0x2081,0x1860,0x7121,0x0881,0x28a1,0x30c2,
0x0041,0x2062,0x7801,0x9080,0xc360,0xf580,0xfce0,0x7841,0x0002,0x38e2,0x0841,0x0000,0x1860,0x20a1,0x2081,0x38e1,
0x6900,0xba21,0x0000,0x0020,0x0841,0x1061,0x1061,0x1081,0x20c2,0x2924,0x2945,0x0000,0x0841,0x2986,0x3186,0x0841,
0x0020,0x0000,0x0000,0x0820,0x0020,0x4961,0x7181,0x30e1,0x30a1,0x1840,0x2081,0x38e1,0x38e1,0x38c1,0x0042,0x7081,
0xaa20,0xb480,0xa320,0xcaa0,0x6800,0x7861,0x1061,0x20c2,0x1061,0x0820,0x1861,0x30c1,0x30a1,0x40a1,0x40a1,0x2061,
0x38e1,0x7941,0x4902,0x0021,0x0041,0x1882,0x5002,0x8041,0xf380,0xf740,0xf600,0xa9a0,0x6801,0x0042,0x0021,0x0820,
0x4943,0x30a1,0x38e2,0x0000,0x0000,0x1860,0x89a1,0x9a62,0x0000,0x0020,0x0841,0x1061,0x1061,0x1081,0x20c2,0x2924,
0x2945,0x0000,0x0841,0x2965,0x31a6,0x0840,0x0020,0x0000,0x0000,0x0820,0x0840,0x4921,0x6140,0x40e1,0x4901,0x2080,
0x28a1,0x1860,0x1860,0x38e1,0x28a1,0x08a2,0x2801,0xc1a0,0xcc20,0xbc00,0xbca0,0x9160,0xc860,0x5001,0x1002,0x0001,
0x1882,0x1061,0x1061,0x30a1,0x58c2,0x0061,0xb140,0x1061,0x0042,0x1002,0x2002,0xa160,0xfbc0,0xd5a0,0xbc60,0xfd60,
0xa101,0x0002,0x0041,0x30e2,0x1061,0x28a1,0x1081,0x0000,0x1861,0x1860,0x1040,0x40c1,0x6940,0x7120,0x0021,0x0020,
0x0840,0x1061,0x1041,0x1061,0x20c2,0x2924,0x2945,0x0000,0x0841,0x2965,0x3186,0x0841,0x0020,0x0000,0x0000,0x0820,
0x0020,0x5161,0x6140,0x38c0,0x4922,0x28a1,0x38c1,0x0840,0x0020,0x28c1,0x20a1,0x28a1,0x1861,0x0001,0x3801,0x8960,
0xb3a0,0xa3a0,0xcde0,0xe4a0,0x9140,0xa920,0x6061,0x4861,0x3042,0x3801,0xb100,0x9880,0x5061,0x8101,0xa940,0xdbc0,
0xe4a0,0xbc00,0xfe80,0xecc0,0x6800,0x0002,0x08c3,0x0021,0x0000,0x38c1,0x1081,0x30c1,0x0020,0x0000,0x1840,0x2881,
0x2081,0x30c1,0x6900,0xb221,0x0001,0x0020,0x0841,0x1061,0x1041,0x1061,0x20c2,0x2924,0x2145,0x0000,0x0841,0x2945,
0x2965,0x0820,0x0020,0x0000,0x0000,0x0820,0x0820,0x3921,0x6161,0x28c1,0x2080,0x38a1,0x40e1,0x4901,0x5101,0x5901,
0x48c0,0x50c0,0x5901,0x3880,0x40a1,0x5021,0x9820,0xa140,0xaae0,0x9ac0,0xcce0,0xd500,0xd500,0xb320,0xcb40,0xc460,
0xe620,0xdde0,0xab40,0xdd20,0xb360,0xee80,0xfdc0,0xaa60,0x98a0,0x6801,0x68c1,0x60e2,0x6943,0x7142,0x5922,0x5922,
0x48c1,0x48e2,0x5143,0x48e1,0x5122,0x30c2,0x2081,0x0860,0x7981,0xa242,0x0000,0x0020,0x0841,0x1061,0x1061,0x1061,
0x20c2,0x2924,0x2145,0x0000,0x0841,0x2945,0x2945,0x0820,0x0020,0x0000,0x0000,0x0820,0x0840,0x2080,0x5920,0x38c0,
0x2880,0x1860,0x28a1,0x1040,0x1060,0x48e1,0x2080,0x30a0,0x1060,0x0020,0x1860,0x2081,0x0061,0x0841,0x0801,0x5001,
0x9100,0xd280,0xa2a0,0xdc80,0xc460,0x9a20,0xb240,0xb280,0xbb60,0xcbe0,0xaa00,0x9860,0x5801,0x1821,0x0001,0x0081,
0x30e2,0x1081,0x4902,0x0020,0x0020,0x28a1,0x1061,0x28a1,0x0861,0x0000,0x1061,0x1061,0x1040,0x2881,0x6940,0x6120,
0x0000,0x0000,0x0820,0x1061,0x0861,0x1061,0x20c2,0x2924,0x2125,0x0000,0x0841,0x2945,0x2945,0x0020,0x0020,0x0000,
0x0000,0x0820,0x0020,0x5181,0x5960,0x30a0,0x28c1,0x2080,0x30c1,0x0820,0x0820,0x20a1,0x2081,0x28a1,0x1040,0x0000,
0x0820,0x1061,0x1061,0x2081,0x0000,0x0041,0x1882,0x0001,0x2002,0x0801,0x8980,0xbb41,0x71e0,0x79e0,0xd361,0x2001,
0x0002,0x0062,0x0081,0x2082,0x0000,0x1040,0x38e2,0x1081,0x30e2,0x0000,0x0000,0x28a1,0x1861,0x20a1,0x0020,0x0000,
0x1040,0x1881,0x1861,0x1881,0x7920,0xb241,0x0001,0x0000,0x0820,0x1061,0x1041,0x1061,0x18c2,0x2924,0x2124,0x0000,
0x0840,0x2124,0x2145,0x0020,0x0020,0x0000,0x0000,0x0820,0x0000,0x3941,0x5961,0x30a0,0x0820,0x0800,0x1860,0x2080,
0x2060,0x1860,0x0800,0x0820,0x2081,0x0820,0x1861,0x0000,0x0000,0x1061,0x1040,0x1861,0x0020,0x0000,0x0000,0x28e1,
0xbbc2,0x59a1,0x0800,0x0000,0x7a41,0xdcc3,0x1881,0x0000,0x0000,0x2081,0x2081,0x30a1,0x0000,0x0000,0x1040,0x28a1,
0x2061,0x1040,0x0000,0x0000,0x28c1,0x1860,0x20a1,0x0000,0x0000,0x0820,0x8160,0x9262,0x0001,0x0000,0x0020,0x1061,
0x0861,0x1061,0x18a2,0x2904,0x2124,0x0000,0x0841,0x2124,0x2124,0x0020,0x0020,0x0000,0x0000,0x0020,0x0020,0x28c1,
0x69a1,0x30c1,0x2080,0x1040,0x2081,0x1881,0x1881,0x30e1,0x1040,0x1861,0x1881,0x0840,0x1861,0x1041,0x0820,0x20a1,
0x1040,0x1061,0x1861,0x0820,0x0021,0x4921,0x9b43,0x0000,0x0820,0x0000,0x2860,0xbbc4,0x20a2,0x0820,0x1060,0x38e2,
0x1041,0x20a1,0x20a1,0x0000,0x4102,0x1881,0x1041,0x28c2,0x0020,0x2081,0x20a1,0x1041,0x20a1,0x0840,0x0020,0x2061,
0x89c1,0x9a42,0x0000,0x0000,0x0020,0x1061,0x1041,0x1061,0x18a2,0x2104,0x2124,0x0000,0x0040,0x2104,0x2104,0x0020,
0x0000,0x0000,0x0000,0x0020,0x0820,0x20a1,0x20c1,0x28e2,0x3923,0x3923,0x3923,0x3923,0x3943,0x3943,0x4163,0x4143,
0x3103,0x28e2,0x28e3,0x3124,0x3123,0x3103,0x3103,0x2903,0x28e2,0x28e2,0x20a2,0x3902,0xa364,0x1000,0x0000,0x0000,
0x5162,0xb3c5,0x1882,0x3943,0x4164,0x4184,0x4984,0x49a4,0x49c5,0x51c5,0x49c5,0x49c5,0x49a5,0x4184,0x4184,0x41a5,
0x3964,0x4164,0x3963,0x3963,0x3943,0x3944,0x3143,0x3964,0x0020,0x0000,0x0020,0x1061,0x1041,0x1061,0x18a2,0x2104,
0x2124,0x0000,0x0020,0x2104,0x2104,0x0020,0x0000,0x0000,0x0000,0x0000,0x0800,0x1881,0x20a1,0x28e2,0x3122,0x3122,
0x3122,0x3123,0x3923,0x3943,0x3943,0x3923,0x3103,0x20e2,0x28e3,0x2903,0x2903,0x2903,0x2903,0x28e2,0x28e2,0x20c2,
0x20c2,0x0021,0x6a42,0x9b44,0x5981,0x61a2,0x8b04,0x20e2,0x2902,0x3943,0x3943,0x3963,0x4184,0x4184,0x4184,0x49a5,
0x49a5,0x41a5,0x4185,0x4184,0x4184,0x4185,0x4184,0x3964,0x3964,0x3944,0x3964,0x3964,0x3964,0x49a4,0x0020,0x0000,
0x0020,0x1061,0x1041,0x1061,0x18a2,0x2103,0x2124,0x0000,0x0020,0x18e3,0x2104,0x0020,0x0000,0x0000,0x0000,0x0000,
0x0000,0x1061,0x1881,0x20c2,0x30e2,0x30e2,0x3102,0x3123,0x3923,0x3923,0x3943,0x3923,0x3103,0x20e3,0x20e3,0x2903,
0x2903,0x28e3,0x20e3,0x28e3,0x20e2,0x20e2,0x20e2,0x20c2,0x0021,0x20c1,0x6a22,0x59c2,0x18a2,0x28e2,0x3943,0x3943,
0x3964,0x4164,0x4184,0x49a4,0x49a5,0x49c5,0x51e6,0x49e5,0x49c5,0x49c5,0x49a5,0x41a5,0x41a5,0x4184,0x4984,0x4184,
0x4184,0x4184,0x4184,0x4184,0x0000,0x0000,0x0000,0x0840,0x0820,0x0841,0x1082,0x2103,0x2124,0x0000,0x0040,0x18e3,
0x18e3,0x1041,0x0820,0x0020,0x0820,0x1040,0x1860,0x2081,0x20a1,0x30e2,0x4122,0x3902,0x3922,0x3922,0x4143,0x4963,
0x4943,0x4142,0x3902,0x30e2,0x3902,0x3103,0x3903,0x4143,0x3922,0x3902,0x30e1,0x28c1,0x28c1,0x28c1,0x28c1,0x2081,
0x1040,0x1861,0x38e2,0x4122,0x4142,0x4963,0x5163,0x5183,0x5983,0x59a4,0x5183,0x69e5,0x6a05,0x69e5,0x6a05,0x6a25,
0x6a25,0x6225,0x59c4,0x59c4,0x59c4,0x59c4,0x5a05,0x51e5,0x59e5,0x51e5,0x1041,0x20c2,0x3102,0x3923,0x3943,0x3903,
0x2903,0x20e3,0x2104,0x0000,0x0020,0x18c3,0x18c3,0x0820,0x0000,0x0000,0x0020,0x1040,0x1860,0x0000,0x8365,0x7b46,
0x7b47,0x7b67,0x8368,0x40a0,0x2080,0x0840,0x1040,0x1040,0x0820,0x0820,0x1020,0x0020,0x1060,0x3101,0x4962,0x28a1,
0x0000,0x0000,0x0000,0x0820,0x0820,0x0820,0x0820,0x0000,0x0000,0x0000,0x0000,0x0000,0x0000,0x0820,0x0000,0x0000,
0x0000,0x0840,0x0000,0x0020,0x0820,0x1040,0x1860,0x28c1,0x20a1,0x1040,0x0000,0x0000,0xa409,0x92c5,0x9b06,0xab46,
0x3164,0x28c1,0x28e2,0x2902,0x3923,0x20e2,0x20c2,0x20e3,0x2104,0x0000,0x0020,0x18c3,0x18c3,0x0020,0x0000,0x0000,
0x0000,0x0820,0x0000,0x28e1,0x6a22,0x6284,0x6ac6,0x7b69,0x4921,0x0000,0x0000,0x0800,0x0800,0x0800,0x0000,0x0000,
0x0000,0x0000,0x0000,0x0000,0x0000,0x0000,0x0000,0x0000,0x0000,0x0000,0x0000,0x0000,0x0000,0x0000,0x0000,0x0000,
0x0000,0x0000,0x0000,0x0000,0x0000,0x0000,0x0000,0x0020,0x0020,0x0000,0x0020,0x0840,0x1040,0x1040,0x1060,0x1040,
0x1040,0x0000,0x1860,0xcc48,0x82a5,0x7204,0x7b07,0x0000,0x0841,0x1061,0x1081,0x18a2,0x1061,0x20c3,0x2104,0x0000,
0x0020,0x18c3,0x18c3,0x0020,0x0000,0x0000,0x0000,0x0000,0x0000,0x5223,0x6263,0x5a43,0x6ac6,0x7b29,0x1800,0x0000,
0x0820,0x0820,0x0820,0x0820,0x0000,0x0000,0x0000,0x0000,0x0020,0x0020,0x0000,0x0000,0x0000,0x0000,0x0000,0x0000,
0x0000,0x0000,0x0000,0x0000,0x0000,0x0000,0x0000,0x0000,0x0000,0x0000,0x0000,0x0000,0x0000,0x0020,0x0020,0x0020,
0x0820,0x1040,0x1060,0x1860,0x1860,0x1860,0x1860,0x0820,0x0000,0x8284,0x8a84,0x8265,0x72a5,0x0000,0x0841,0x1881,
0x1881,0x18a2,0x0861,0x18c2,0x2104,0x0000,0x0020,0x10a2,0x10a3,0x0000,0x0000,0x0000,0x0000,0x0000,0x0000,0x20e1,
0x72e4,0x5a84,0x6ac6,0x38e1,0x0000,0x0820,0x0820,0x0820,0x0820,0x0820,0x0000,0x0000,0x0000,0x0000,0x0020,0x0020,
0x0000,0x0000,0x0000,0x0000,0x0000,0x0000,0x0000,0x0000,0x0000,0x0820,0x0000,0x0000,0x0000,0x0000,0x0000,0x0000,
0x0000,0x0000,0x0000,0x0020,0x0020,0x0020,0x0820,0x1040,0x1060,0x1860,0x1860,0x1860,0x1040,0x0820,0x0000,0x0000,
0x4921,0x9366,0x0000,0x0000,0x0841,0x1881,0x18a2,0x18a2,0x1081,0x18e3,0x2104,0x0000,0x0020,0x10a2,0x10a2,0x0020,
0x0000,0x0000,0x0000,0x0000,0x0820,0x0000,0x4982,0x3922,0x30c1,0x0000,0x0820,0x0820,0x0820,0x0820,0x0820,0x0820,
0x0000,0x0000,0x0000,0x0000,0x0020,0x0000,0x0000,0x0000,0x0000,0x0000,0x0000,0x0000,0x0000,0x0000,0x0000,0x0000,
0x0000,0x0000,0x0000,0x0000,0x0000,0x0000,0x0020,0x0020,0x0000,0x0020,0x0020,0x0020,0x0820,0x1040,0x1060,0x1860,
0x1881,0x1060,0x0820,0x1040,0x0000,0x0000,0x0000,0x0000,0x0020,0x0000,0x0840,0x1881,0x18a2,0x18a2,0x1081,0x18c3,
0x20e3,0x0000,0x0020,0x1082,0x10a2,0x0020,0x0000,0x0000,0x0000,0x0000,0x0820,0x0000,0x0000,0x0000,0x0020,0x0820,
0x0820,0x0820,0x0820,0x0820,0x0820,0x0820,0x0000,0x0000,0x0000,0x0000,0x0000,0x0000,0x0000,0x0000,0x0000,0x0000,
0x0000,0x0000,0x0000,0x0000,0x0000,0x0000,0x0000,0x0000,0x0000,0x0000,0x0000,0x0000,0x0000,0x0000,0x0020,0x0020,
0x0020,0x0020,0x0020,0x1040,0x1060,0x1860,0x1060,0x0820,0x1040,0x1040,0x0000,0x0000,0x0820,0x0840,0x0020,0x0000,
0x0841,0x1881,0x1882,0x1882,0x1061,0x18c3,0x18e3,0x0000,0x0020,0x1082,0x1082,0x0020,0x0000,0x0000,0x0000,0x0000,
0x0820,0x0000,0x0000,0x0000,0x0820,0x0820,0x0820,0x0820,0x0820,0x0820,0x0820,0x0000,0x0000,0x0000,0x0000,0x0000,
0x0000,0x0000,0x0000,0x0000,0x0000,0x0000,0x0000,0x0000,0x0000,0x0000,0x0000,0x0000,0x0000,0x0000,0x0000,0x0000,
0x0000,0x0000,0x0000,0x0000,0x0020,0x0020,0x0020,0x0020,0x0020,0x0840,0x1060,0x1060,0x0820,0x0820,0x1860,0x1040,
0x0000,0x0000,0x0820,0x0840,0x0020,0x0000,0x0840,0x1881,0x1882,0x1882,0x1061,0x18c3,0x18e3,0x0000,0x0020,0x1082,
0x1082,0x0020,0x0000,0x0000,0x0000,0x0000,0x0820,0x0000,0x0000,0x0000,0x0820,0x0820,0x0820,0x0820,0x0820,0x0820,
0x0820,0x0820,0x0000,0x0000,0x0000,0x0000,0x0000,0x0000,0x0000,0x0000,0x0000,0x0000,0x0000,0x0000,0x0000,0x0000,
0x0000,0x0000,0x0000,0x0000,0x0000,0x0000,0x0000,0x0000,0x0020,0x0000,0x0020,0x0020,0x0020,0x0020,0x0820,0x1040,
0x1060,0x0820,0x0820,0x1060,0x1860,0x1040,0x0800,0x0000,0x0820,0x0840,0x0020,0x0000,0x0040,0x1081,0x1882,0x1882,
0x1061,0x18c3,0x18e3,0x0000,0x0000,0x0882,0x1082,0x0020,0x0000,0x0000,0x0000,0x0000,0x0820,0x0000,0x0000,0x0000,
0x0820,0x0820,0x0820,0x0820,0x0020,0x0820,0x0820,0x0020,0x0000,0x0000,0x0000,0x0000,0x0000,0x0000,0x0000,0x0000,
0x0000,0x0000,0x0000,0x0000,0x0000,0x0000,0x0000,0x0820,0x0000,0x0000,0x0000,0x0000,0x0000,0x0000,0x0000,0x0020,
0x0020,0x0020,0x0020,0x0020,0x0020,0x0820,0x0820,0x0820,0x1040,0x1860,0x1860,0x1040,0x0000,0x0000,0x0820,0x0820,
0x0020,0x0000,0x0820,0x1081,0x1881,0x1082,0x1061,0x18a2,0x18e3,0x0000,0x0000,0x0861,0x0861,0x0020,0x0000,0x0000,
0x0000,0x0000,0x0820,0x0000,0x0000,0x0000,0x0820,0x0820,0x0820,0x0020,0x0020,0x0820,0x0820,0x0000,0x0000,0x0000,
0x0000,0x0000,0x0020,0x0000,0x0000,0x0000,0x0000,0x0000,0x0000,0x0000,0x0000,0x0000,0x0000,0x0000,0x0000,0x0000,
0x0000,0x0000,0x0000,0x0000,0x0000,0x0020,0x0000,0x0020,0x0020,0x0000,0x0000,0x0820,0x1040,0x1060,0x1860,0x1060,
0x1860,0x1040,0x0000,0x0000,0x0820,0x0820,0x0020,0x0000,0x0820,0x1081,0x1881,0x1081,0x1061,0x18a2,0x18c3,0x0000,
0x0000,0x0861,0x0861,0x0000,0x0000,0x0000,0x0000,0x0000,0x0820,0x0000,0x0000,0x0000,0x0820,0x0820,0x0820,0x0800,
0x0800,0x0020,0x0820,0x0800,0x0000,0x0000,0x0000,0x0000,0x0020,0x0000,0x0000,0x0000,0x0000,0x0000,0x0000,0x0000,
0x0000,0x0000,0x0000,0x0000,0x0000,0x0000,0x0000,0x0000,0x0000,0x0000,0x0000,0x0000,0x0000,0x0020,0x0020,0x0020,
0x0020,0x0840,0x1060,0x1060,0x1060,0x1060,0x1860,0x1040,0x0000,0x0000,0x0820,0x0820,0x0000,0x0000,0x0020,0x1081,
0x1081,0x1081,0x1061,0x18a2,0x18c3,0x0000,0x0000,0x0861,0x0861,0x0000,0x0000,0x0000,0x0000,0x0000,0x0820,0x0000,
0x0000,0x0000,0x0820,0x0820,0x0800,0x0800,0x0800,0x0800,0x0800,0x0800,0x0000,0x0000,0x0000,0x0000,0x0000,0x0000,
0x0000,0x0000,0x0000,0x0000,0x0000,0x0000,0x0000,0x0000,0x0000,0x0000,0x0000,0x0000,0x0000,0x0000,0x0000,0x0000,
0x0000,0x0000,0x0000,0x0000,0x0020,0x0020,0x0020,0x0820,0x1040,0x1060,0x1060,0x1060,0x1860,0x1040,0x0000,0x0000,
0x0820,0x0820,0x0000,0x0000,0x0020,0x1061,0x1081,0x1061,0x1041,0x1082,0x18c3,0x0000,0x0000,0x0841,0x0841,0x0000,
0x0000,0x0000,0x0000,0x0000,0x0820,0x0000,0x0000,0x0000,0x0800,0x0800,0x0800,0x0800,0x0800,0x0800,0x0000,0x0000,
0x0000,0x0000,0x0000,0x0000,0x0000,0x0000,0x0000,0x0000,0x0000,0x0000,0x0000,0x0000,0x0000,0x0000,0x0000,0x0000,
0x0000,0x0000,0x0000,0x0000,0x0000,0x0000,0x0000,0x0000,0x0000,0x0000,0x0000,0x0000,0x0000,0x0000,0x0000,0x0820,
0x1040,0x1040,0x1860,0x1040,0x0000,0x0000,0x0820,0x0820,0x0000,0x0000,0x0020,0x1061,0x1061,0x1061,0x0841,0x1082,
0x18c3,0x0000,0x0000,0x0841,0x0841,0x0000,0x0000,0x0000,0x0000,0x0000,0x0000,0x0000,0x0000,0x0000,0x0800,0x0800,
0x0800,0x0800,0x0000,0x0000,0x0000,0x0000,0x0000,0x0000,0x0000,0x0000,0x0000,0x0000,0x0000,0x0000,0x0000,0x0000,
0x0000,0x0000,0x0000,0x0000,0x0000,0x0820,0x0000,0x0000,0x0000,0x0000,0x0000,0x0000,0x0000,0x0000,0x0000,0x0000,
0x0000,0x0000,0x0000,0x0000,0x0000,0x0000,0x0000,0x0820,0x1040,0x0820,0x0000,0x0000,0x0820,0x0020,0x0000,0x0000,
0x0020,0x1061,0x1061,0x1061,0x0841,0x1082,0x10a2,0x0000,0x0000,0x0041,0x0041,0x0000,0x0000,0x0000,0x0000,0x0000,
0x0000,0x0000,0x0000,0x0000,0x0800,0x0000,0x0800,0x0000,0x0000,0x0000,0x0000,0x0000,0x0000,0x0000,0x0000,0x0000,
0x0000,0x0000,0x0000,0x0000,0x0000,0x0000,0x0000,0x0000,0x0000,0x0000,0x0000,0x0800,0x0000,0x0000,0x0000,0x0000,
0x0000,0x0000,0x0000,0x0000,0x0000,0x0000,0x0000,0x0000,0x0000,0x0000,0x0000,0x0000,0x0000,0x0000,0x0000,0x0000,
0x0000,0x0000,0x0000,0x0000,0x0000,0x0000,0x0000,0x0820,0x0820,0x0840,0x0820,0x1061,0x10a2,0x0000,0x0000,0x0020,
0x0020,0x0000,0x0000,0x0000,0x0000,0x0000,0x0000,0x0000,0x0000,0x0000,0x0000,0x0000,0x0000,0x0000,0x0000,0x0000,
0x0000,0x0000,0x0000,0x0000,0x0000,0x0000,0x0000,0x0000,0x0000,0x0000,0x0000,0x0000,0x0000,0x0000,0x0000,0x0820,
0x0800,0x0000,0x0000,0x0820,0x0000,0x0000,0x0000,0x0000,0x0000,0x0000,0x0000,0x0000,0x0000,0x0000,0x0000,0x0000,
0x0000,0x0000,0x0000,0x0000,0x0000,0x0000,0x0000,0x0000,0x0000,0x0000,0x0000,0x0000,0x0000,0x0000,0x0000,0x0000,
0x0000,0x0000,0x0000,0x0000,};

const uint16_t N70[9380]={
0x0000,0x0000,0x0000,0x0000,0x0000,0x0000,0x0000,0x0000,0x0000,0x0000,0x0000,0x0000,0x0000,0x0000,0x0000,0x0000,
0x0000,0x0000,0x0000,0x0000,0x0000,0x0000,0x0000,0x0000,0x0000,0x0000,0x0000,0x0000,0x0000,0x0000,0x0000,0x0000,
0x0000,0x3102,0x6a86,0x18c3,0x0000,0x0000,0x0000,0x0000,0x0000,0x0000,0x0000,0x0000,0x0000,0x0000,0x0000,0x0000,
0x0000,0x0000,0x0000,0x0000,0x0000,0x0000,0x0000,0x0000,0x0000,0x0000,0x0000,0x0000,0x0000,0x0000,0x0000,0x0000,
0x0000,0x0000,0x0000,0x0000,0x0000,0x0000,0x0000,0x0000,0x0000,0x0000,0x0000,0x0000,0x0000,0x0000,0x0000,0x0000,
0x0000,0x0000,0x0000,0x0000,0x0000,0x0000,0x0000,0x0000,0x0000,0x0000,0x0000,0x0000,0x0000,0x0000,0x0000,0x0000,
0x0000,0x0000,0x0000,0x0000,0x0000,0x0000,0x1082,0x51a4,0x4122,0x7ae9,0x0041,0x0000,0x0000,0x0000,0x0000,0x0000,
0x0000,0x0000,0x0000,0x0000,0x0000,0x0000,0x0000,0x0000,0x0000,0x0000,0x0000,0x0000,0x0000,0x0000,0x0000,0x0000,
0x0000,0x0000,0x0000,0x0000,0x0000,0x0000,0x0000,0x0000,0x0000,0x0000,0x0000,0x0000,0x0000,0x0000,0x0000,0x0000,
0x0000,0x0000,0x0000,0x0000,0x0000,0x0000,0x0000,0x0000,0x0000,0x0000,0x0000,0x0000,0x0000,0x0000,0x0000,0x0000,
0x0000,0x0000,0x0000,0x0000,0x0000,0x0000,0x0000,0x0000,0x0000,0x0000,0x0000,0x0000,0x20e3,0x3985,0x20a1,0x39c7,
0x0020,0x0000,0x0000,0x0000,0x0000,0x0000,0x0000,0x0000,0x0000,0x0000,0x0000,0x0000,0x0000,0x0000,0x0000,0x0000,
0x0000,0x0000,0x0000,0x0000,0x0000,0x0000,0x0000,0x0000,0x0000,0x0000,0x0000,0x0000,0x0000,0x0000,0x0000,0x0000,
0x0000,0x0000,0x0000,0x0000,0x0000,0x0000,0x0000,0x0000,0x0000,0x0000,0x0000,0x0000,0x0000,0x0000,0x0000,0x0000,
0x0000,0x0000,0x0000,0x0000,0x0000,0x0000,0x0000,0x0000,0x0000,0x0000,0x0000,0x0000,0x0000,0x0000,0x0000,0x0000,
0x0000,0x0000,0x0841,0x4184,0x30e1,0x62aa,0x0000,0x0000,0x0000,0x0000,0x0000,0x0000,0x0000,0x0000,0x0000,0x0000,
0x0000,0x0000,0x0000,0x0000,0x0000,0x0000,0x0000,0x0000,0x0000,0x0000,0x0000,0x0000,0x0000,0x0000,0x0000,0x0000,
0x0000,0x0000,0x0000,0x0000,0x0000,0x0000,0x0000,0x0000,0x0000,0x0000,0x0000,0x0000,0x0000,0x0000,0x0000,0x0000,
0x0000,0x0000,0x0000,0x0000,0x0000,0x0000,0x0000,0x0000,0x0000,0x0000,0x0000,0x0000,0x0000,0x0000,0x0000,0x0000,
0x0000,0x0000,0x0000,0x0000,0x0000,0x0000,0x0000,0x0000,0x1082,0x4163,0x3901,0x6289,0x0000,0x0000,0x0000,0x0000,
0x0000,0x0000,0x0000,0x0000,0x0000,0x0000,0x0000,0x0000,0x0000,0x0000,0x0000,0x0000,0x0000,0x0000,0x0000,0x0000,
0x0000,0x0000,0x0000,0x0000,0x0000,0x0000,0x0000,0x0000,0x0000,0x0000,0x0000,0x0000,0x0000,0x0000,0x0000,0x0000,
0x0000,0x0000,0x0000,0x0000,0x0000,0x0000,0x0000,0x0000,0x0000,0x0000,0x0000,0x0000,0x0000,0x0000,0x0000,0x0000,
0x0000,0x0000,0x0000,0x0000,0x0000,0x0000,0x0000,0x0000,0x0000,0x0000,0x0000,0x0000,0x0000,0x0000,0x10a2,0x28e2,
0x28c1,0x4a07,0x0882,0x0000,0x0000,0x0000,0x0000,0x0000,0x0000,0x0000,0x0000,0x0000,0x0000,0x0000,0x0000,0x0000,
0x0000,0x0000,0x0000,0x0000,0x0000,0x0000,0x0000,0x0000,0x0000,0x0000,0x0000,0x0000,0x0000,0x0000,0x0000,0x0000,
0x0000,0x0000,0x0000,0x0000,0x0000,0x0000,0x0000,0x0000,0x0000,0x0000,0x0000,0x0000,0x0000,0x0000,0x0000,0x0000,
0x0000,0x0000,0x0000,0x0000,0x0000,0x0000,0x0000,0x0000,0x0000,0x0000,0x0000,0x0000,0x0000,0x0000,0x0000,0x0000,
0x0000,0x0000,0x0000,0x0000,0x4183,0x59c4,0x4963,0x6288,0x2923,0x0000,0x0000,0x0000,0x0000,0x0000,0x0000,0x0000,
0x0000,0x0000,0x0000,0x0000,0x0000,0x0000,0x0000,0x0000,0x0000,0x0000,0x0000,0x0000,0x0000,0x0000,0x0000,0x0000,
0x0000,0x0000,0x0000,0x0000,0x0000,0x0000,0x0000,0x0000,0x0000,0x0000,0x0000,0x0000,0x0000,0x0000,0x0000,0x0000,
0x0000,0x0000,0x0000,0x0000,0x0000,0x0000,0x0000,0x0000,0x0000,0x0000,0x0000,0x0000,0x0000,0x0000,0x0000,0x0000,
0x0000,0x0000,0x0000,0x0000,0x0000,0x0000,0x0000,0x0000,0x0000,0x0000,0x4122,0x5162,0x4942,0x4142,0x4122,0x0000,
0x0000,0x0000,0x0000,0x0000,0x0000,0x0000,0x0000,0x0000,0x0000,0x0000,0x0000,0x0000,0x0000,0x0000,0x0000,0x0000,
0x0000,0x0000,0x0000,0x0000,0x0000,0x0000,0x0000,0x0000,0x0000,0x0000,0x0000,0x0000,0x0000,0x0000,0x0000,0x0000,
0x0000,0x0000,0x0000,0x0000,0x0000,0x0000,0x0000,0x0000,0x0000,0x0000,0x0000,0x0000,0x0000,0x0000,0x0000,0x0000,
0x0000,0x0000,0x0000,0x0000,0x0000,0x0000,0x0000,0x0000,0x0000,0x0000,0x0000,0x0000,0x0000,0x0000,0x0000,0x4a87,
0x5a66,0x1000,0x3101,0x0020,0x0800,0xb4cd,0x2103,0x0000,0x0000,0x0000,0x0000,0x0000,0x0000,0x0000,0x0000,0x0000,
0x0000,0x0000,0x0000,0x0000,0x0000,0x0000,0x0000,0x0000,0x0000,0x0000,0x0000,0x0000,0x0000,0x0000,0x0000,0x0000,
0x0000,0x0000,0x0000,0x0000,0x0000,0x0000,0x0000,0x0000,0x0000,0x0000,0x0000,0x0000,0x0000,0x0000,0x0000,0x0000,
0x0000,0x0000,0x0000,0x0000,0x0000,0x0000,0x0000,0x0000,0x0000,0x0000,0x0000,0x0000,0x0000,0x0000,0x0000,0x0000,
0x0000,0x0000,0x0000,0x0000,0x4a69,0xbc4d,0xabaa,0xa388,0x8308,0x7a85,0x8308,0x8b49,0x3144,0x0000,0x0000,0x0000,
0x0000,0x0000,0x0000,0x0000,0x0000,0x0000,0x0000,0x0000,0x0000,0x0000,0x0000,0x0000,0x0000,0x0000,0x0000,0x0000,
0x0000,0x0000,0x0000,0x0000,0x0000,0x0000,0x0000,0x0000,0x0000,0x0000,0x0000,0x0000,0x0000,0x0000,0x0000,0x0000,
0x0000,0x0000,0x0000,0x0000,0x0000,0x0000,0x0000,0x0000,0x0000,0x0000,0x0000,0x0000,0x0000,0x0000,0x0000,0x0000,
0x0000,0x0000,0x0000,0x0000,0x0000,0x0000,0x0000,0x0000,0x0000,0x4a28,0x8bce,0x40a0,0x59a2,0xb46d,0xdd2e,0xc46b,
0xa3a9,0x30a0,0x49a4,0x2923,0x0020,0x0000,0x0000,0x0000,0x0000,0x0000,0x0000,0x0000,0x0000,0x0000,0x0000,0x0000,
0x0000,0x0000,0x0000,0x0000,0x0000,0x0000,0x0000,0x0000,0x0000,0x0000,0x0000,0x0000,0x0000,0x0000,0x0000,0x0000,
0x0000,0x0000,0x0000,0x0000,0x0000,0x0000,0x0000,0x0000,0x0000,0x0000,0x0000,0x0000,0x0000,0x0000,0x0000,0x0000,
0x0000,0x0000,0x0000,0x0000,0x0000,0x0000,0x0000,0x0000,0x0000,0x0000,0x0000,0x0000,0x0000,0x0820,0x5248,0x4185,
0x0000,0x20a1,0x0820,0x0000,0x1820,0x1041,0x0000,0x1040,0x0820,0x3123,0x18a2,0x0000,0x0000,0x0000,0x0000,0x0000,
0x0000,0x0000,0x0000,0x0000,0x0000,0x0000,0x0000,0x0000,0x0000,0x0000,0x0000,0x0000,0x0000,0x0000,0x0000,0x0000,
0x0000,0x0000,0x0000,0x0000,0x0000,0x0000,0x0000,0x0000,0x0000,0x0000,0x0000,0x0000,0x0000,0x0000,0x0000,0x0000,
0x0000,0x0000,0x0000,0x0000,0x0000,0x0000,0x0000,0x0000,0x0000,0x0000,0x0000,0x0000,0x0000,0x0000,0x0000,0x0000,
0x0000,0x0000,0x0000,0x0820,0x0840,0x0020,0x1061,0x1881,0x20a1,0x3102,0x3922,0x3102,0x20a1,0x1060,0x1060,0x0820,
0x0000,0x0800,0x0820,0x1082,0x18c3,0x0000,0x0000,0x0000,0x0000,0x0000,0x0000,0x0000,0x0000,0x0000,0x0000,0x0000,
0x0000,0x0000,0x0000,0x0000,0x0000,0x0000,0x0000,0x0000,0x0000,0x0000,0x0000,0x0000,0x0000,0x0000,0x0000,0x0000,
0x0000,0x0000,0x0000,0x0000,0x0000,0x0000,0x0000,0x0000,0x0000,0x0000,0x0000,0x0000,0x0000,0x0000,0x0000,0x0000,
0x0000,0x0000,0x0000,0x0020,0x0820,0x0820,0x0820,0x0820,0x0820,0x0820,0x0820,0x0820,0x1061,0x20a1,0x3902,0x51a3,
0x4963,0x49c5,0x30e2,0x1881,0x1040,0x0820,0x0820,0x0820,0x0820,0x0840,0x0840,0x0820,0x0800,0x0000,0x0000,0x0000,
0x0000,0x0000,0x0000,0x0000,0x0000,0x0000,0x0000,0x0000,0x0000,0x0000,0x0000,0x0000,0x0000,0x0000,0x0000,0x0000,
0x0000,0x0000,0x0000,0x0000,0x0000,0x0000,0x0000,0x0000,0x0000,0x0000,0x0000,0x0000,0x0000,0x0000,0x0000,0x0000,
0x0000,0x0000,0x0000,0x0000,0x0000,0x0000,0x0820,0x0820,0x1040,0x1060,0x1040,0x0840,0x0820,0x0820,0x0820,0x0820,
0x0820,0x0820,0x0000,0x0000,0x0020,0x6204,0x4983,0x832a,0x0000,0x0000,0x0800,0x0820,0x0820,0x0820,0x0820,0x0820,
0x0820,0x0820,0x0820,0x0820,0x0820,0x0820,0x0820,0x0820,0x0000,0x0000,0x0000,0x0000,0x0000,0x0000,0x0000,0x0000,
0x0000,0x0000,0x0000,0x0000,0x0000,0x0000,0x0000,0x0000,0x0000,0x0000,0x0000,0x0000,0x0000,0x0000,0x0000,0x0000,
0x0000,0x0000,0x0000,0x0000,0x0000,0x0000,0x0000,0x0000,0x0000,0x0000,0x0800,0x0820,0x0820,0x0820,0x0820,0x1860,
0x1060,0x0820,0x0820,0x0820,0x0820,0x0820,0x0820,0x0820,0x0820,0x0000,0x1081,0x3943,0x3122,0x6aa8,0x0000,0x0000,
0x0000,0x0800,0x0820,0x0820,0x0820,0x0820,0x0820,0x0820,0x0820,0x0820,0x0820,0x0820,0x0820,0x0820,0x0820,0x0820,
0x0000,0x0000,0x0000,0x0000,0x0000,0x0000,0x0000,0x0000,0x0000,0x0000,0x0000,0x0000,0x0000,0x0000,0x0000,0x0000,
0x0000,0x0000,0x0000,0x0000,0x0000,0x0000,0x0000,0x0000,0x0000,0x0000,0x0000,0x0000,0x0000,0x0000,0x0020,0x0820,
0x0840,0x1060,0x1061,0x1881,0x1061,0x1861,0x1861,0x1061,0x1881,0x1881,0x20a1,0x20a1,0x20a1,0x20a1,0x20a1,0x1881,
0x28e2,0x7245,0x6a46,0x72a8,0x0820,0x1881,0x1881,0x1881,0x1060,0x1060,0x1040,0x1040,0x0840,0x0820,0x0820,0x0820,
0x0820,0x0820,0x0820,0x0820,0x0820,0x0000,0x0000,0x0000,0x0000,0x0000,0x0800,0x0800,0x0000,0x0000,0x0000,0x0000,
0x0000,0x0000,0x0000,0x0000,0x0000,0x0000,0x0000,0x0000,0x0000,0x0000,0x0000,0x0000,0x0000,0x0000,0x0000,0x0800,
0x0820,0x0840,0x1061,0x1081,0x1881,0x1881,0x1881,0x1881,0x1881,0x1881,0x1881,0x1081,0x1061,0x1061,0x1060,0x1061,
0x1061,0x0861,0x0860,0x0840,0x0820,0x0020,0x0000,0x0040,0x1061,0x0840,0x0020,0x0820,0x1040,0x1060,0x1881,0x1881,
0x1881,0x1881,0x1881,0x20a1,0x1881,0x1881,0x1881,0x1881,0x1860,0x1060,0x1060,0x0840,0x0820,0x0820,0x0800,0x0800,
0x0800,0x0000,0x0000,0x0000,0x0000,0x0000,0x0000,0x0000,0x0000,0x0000,0x0000,0x0000,0x0000,0x0000,0x0000,0x0000,
0x0000,0x0000,0x1061,0x18c3,0x0841,0x1061,0x1082,0x1041,0x0000,0x0000,0x10a2,0x2944,0x2944,0x3165,0x39a5,0x3964,
0x49c4,0x51e4,0x59e4,0x6225,0x7266,0x8286,0x7a86,0x7a66,0x7245,0x7266,0x7a65,0x8a85,0xab27,0xb368,0x92e7,0x82c6,
0x7aa6,0x6225,0x5a05,0x3984,0x3143,0x2902,0x28e2,0x2902,0x20c1,0x1081,0x1061,0x1060,0x1881,0x20a1,0x20a1,0x20a1,
0x18a1,0x1881,0x1881,0x1881,0x1061,0x1060,0x0840,0x0820,0x0000,0x0820,0x4229,0x31a6,0x0000,0x0000,0x0000,0x0000,
0x0000,0x0000,0x0000,0x0000,0x0000,0x0000,0x0000,0x20e2,0x3165,0x2986,0x0820,0x0000,0x0840,0x31c6,0x632c,0x8bee,
0x8b8c,0x7aea,0x7aa8,0x82c8,0x8ae8,0x82c7,0x82a6,0x8286,0x7245,0x6a25,0x6a25,0x6204,0x51a4,0x4143,0x3942,0x3922,
0x4142,0x4983,0x51a4,0x4143,0x28e2,0x3902,0x4983,0x51a3,0x59e4,0x6205,0x6205,0x6205,0x6205,0x7266,0x7a66,0x6a45,
0x6a25,0x49a4,0x3943,0x20c2,0x18a1,0x18a1,0x20c2,0x28e2,0x28e2,0x20c1,0x20a1,0x1881,0x1881,0x1060,0x0840,0x1082,
0x3a08,0x528a,0x5acb,0x0000,0x0000,0x0000,0x0000,0x0000,0x0000,0x0000,0x0000,0x0000,0x3143,0x3165,0x18a2,0x0841,
0x4229,0x7bce,0x838d,0x6acb,0x5228,0x51c4,0x59c3,0x51a2,0x59c3,0x5183,0x4982,0x4983,0x59c3,0x6a24,0x7a64,0x7a64,
0x7a85,0x61e3,0x51a3,0x4982,0x4982,0x4983,0x4983,0x6a04,0x7a86,0x6204,0x49a3,0x4983,0x51c4,0x59e4,0x6205,0x6205,
0x6205,0x5a05,0x51e4,0x51c4,0x51a4,0x51c4,0x51c4,0x51c4,0x51c4,0x61e4,0x6a05,0x7245,0x3963,0x20e2,0x20c2,0x3102,
0x3123,0x3123,0x3943,0x3143,0x20e2,0x2103,0x20e3,0x20e3,0x41e7,0x5268,0x0000,0x0000,0x0000,0x0000,0x0000,0x0000,
0x0000,0x3164,0x2924,0x0000,0x4a8a,0x8c0f,0x8431,0x6268,0x2061,0x30e0,0x61e3,0x6204,0x51a3,0x4962,0x59c3,0x61c3,
0x61c3,0x6a24,0x7a84,0x9b46,0x9aa4,0x5182,0x59a3,0x59c3,0x59c3,0x51a3,0x4982,0x4963,0x4162,0x61e4,0x8285,0x59e4,
0x49a3,0x51c4,0x59e4,0x6204,0x6204,0x6a25,0x7245,0x7a66,0x7245,0x7245,0x7245,0x7245,0x7a66,0x7265,0x6a25,0x59e4,
0x49a4,0x6224,0x92c5,0x9ac5,0x7a65,0x18c2,0x20c1,0x30e2,0x3123,0x3123,0x3123,0x3985,0x3165,0x20e3,0x1881,0x2924,
0x41c6,0x0000,0x0000,0x0000,0x0000,0x0000,0x2923,0x18e4,0x0841,0x8410,0x7c31,0x51e6,0x1860,0x1040,0x3922,0x4963,
0x4983,0x6a03,0x7223,0x6a03,0x51a2,0x51c3,0x6a43,0x9304,0x61a2,0x4121,0x4942,0x5182,0x5182,0x59a3,0x61c3,0x69e3,
0x61c3,0x4962,0x3922,0x28e1,0x3102,0x3902,0x4143,0x5183,0x61e4,0x61e4,0x59e4,0x6204,0x6a05,0x6a25,0x6a24,0x6a24,
0x6a04,0x6a24,0x6a24,0x7225,0x7245,0x7a65,0x92c6,0xa327,0x9306,0x6a45,0x6a04,0x7225,0x49a4,0x18a1,0x20a1,0x28e2,
0x28c2,0x28e2,0x3123,0x39a5,0x2103,0x1061,0x18a2,0x18a2,0x0000,0x0000,0x0000,0x1061,0x20e4,0x2124,0x8c30,0x7bd0,
0x2080,0x1880,0x1881,0x3102,0x3102,0x5182,0x59c3,0x59a2,0x4962,0x30e1,0x6a03,0x8a63,0x8a02,0x6982,0x3921,0x4142,
0x4142,0x4962,0x4142,0x4142,0x4122,0x3901,0x20a1,0x1061,0x1060,0x0840,0x0820,0x0840,0x1061,0x1861,0x30e1,0x4163,
0x51a3,0x59c4,0x51c4,0x51c4,0x59c4,0x59c4,0x59c4,0x59e4,0x59e4,0x59c4,0x59c3,0x51a3,0x4983,0x59e4,0x7244,0x8aa5,
0x7a45,0x5a05,0x49a4,0x51c4,0x20c2,0x20a1,0x28e2,0x20c2,0x20c2,0x28e2,0x3985,0x2124,0x0820,0x1082,0x0041,0x0000,
0x0000,0x18a2,0x2124,0x7bef,0x7bf0,0x1040,0x28c2,0x1881,0x20c1,0x28e2,0x4982,0x4962,0x4121,0x28e1,0x28c1,0x7ae4,
0x8ac4,0x4901,0x3921,0x3101,0x3901,0x3901,0x3101,0x3101,0x3101,0x28c1,0x1040,0x0820,0x0820,0x0820,0x0020,0x0020,
0x0820,0x0820,0x0820,0x0820,0x0820,0x0840,0x0861,0x3102,0x4163,0x4163,0x4163,0x4163,0x4963,0x4963,0x4163,0x4163,
0x4163,0x4142,0x4143,0x4143,0x3922,0x3922,0x4163,0x51c4,0x51c4,0x4184,0x4163,0x20c2,0x28c1,0x28c2,0x20c1,0x18a1,
0x20e2,0x3985,0x10a3,0x1061,0x3902,0x0000,0x0020,0x10a2,0x5acb,0x73af,0x18a2,0x20a2,0x1081,0x0021,0x1041,0x28c1,
0x1881,0x0840,0x1860,0x6222,0xb3e6,0x82e5,0x3122,0x3142,0x3962,0x4982,0x4982,0x49a3,0x4162,0x59c3,0x5182,0x20c1,
0x1881,0x20a1,0x20a1,0x20a1,0x20a1,0x28c1,0x28c1,0x20a1,0x20a1,0x20a1,0x30e1,0x20a1,0x28c1,0x30e1,0x3902,0x6a04,
0x69e4,0x59e3,0x6a24,0x6a24,0x7244,0x6a04,0x6204,0x7244,0x7244,0x6a04,0x7265,0x6a24,0x3963,0x2943,0x20e3,0x2903,
0x18c3,0x2902,0x0841,0x28e2,0x2902,0x3963,0x10e3,0x2144,0x31a6,0x0840,0x30e1,0x0020,0x0020,0x3166,0x738e,0x630c,
0x6a25,0x49a4,0x3943,0x6a24,0x8325,0x8b46,0x7a85,0x6204,0xbba6,0xabe9,0xab66,0x9284,0xaae5,0xa2c4,0x8a64,0x9284,
0xb345,0xbbc7,0xcc27,0xab25,0x71c3,0x69a3,0x79c3,0x5942,0x4102,0x3902,0x3902,0x3902,0x4122,0x4122,0x4122,0x4122,
0x4942,0x4122,0x4942,0x4122,0x4101,0x6183,0x61a3,0x8a45,0x8a85,0x8264,0x9285,0x8a65,0x8244,0x8a85,0x8a85,0x8a85,
0x9ac5,0x9ac5,0x7a04,0x9223,0xfe2c,0x9b68,0x9b07,0xb3a8,0xaba8,0x6a04,0x8ac6,0x8286,0x8286,0x51c5,0x41e6,0x1082,
0x1040,0x0840,0x0841,0x4229,0x6b6d,0x51a4,0x30e2,0x28e2,0x0861,0x20a1,0x2060,0xdd8d,0xfeac,0xfecd,0xff6f,0xfffa,
0x78e0,0x61a2,0x7204,0x6205,0x6205,0x6205,0x49c4,0x4964,0x5144,0x28e3,0x2103,0x3123,0x3943,0x4143,0x3943,0x3943,
0x3923,0x3123,0x28e2,0x1022,0x1022,0x1863,0x3923,0x4143,0x4163,0x4963,0x4963,0x4143,0x3943,0x51a4,0x7a45,0x7245,
0x7245,0x7245,0x7245,0x7225,0x7225,0x6a25,0x7225,0x7246,0x7204,0x5902,0xed09,0xd429,0xd3a7,0xec69,0x3184,0x0000,
0x0820,0x0000,0x0000,0x20a2,0x4185,0x2125,0x1040,0x1040,0x1081,0x5acb,0x6b4d,0x18a2,0x18a2,0x0841,0x0840,0x1881,
0x1000,0xee4e,0xfe4b,0xf6ac,0xfff1,0xcb43,0x4840,0x7a66,0x82a7,0x7a86,0x7a86,0x7266,0x7266,0x6a46,0x59e5,0x4184,
0x49a4,0x51c5,0x51c5,0x51c5,0x51c5,0x49c4,0x49a4,0x3944,0x3124,0xb466,0xf607,0x9be6,0x28e4,0x4164,0x51a4,0x51c4,
0x51c4,0x59c5,0x51c4,0x4984,0x7246,0x8ac7,0x82a7,0x8ac7,0x8ac7,0x8ac7,0x8ac7,0x8ac7,0x9308,0x9b28,0x92c6,0x71c3,
0x9285,0xe4a8,0xc3c8,0xecc9,0x6a86,0x0000,0x1881,0x1081,0x1881,0x20a2,0x3144,0x2965,0x0820,0x1040,0x18c3,0x5b0c,
0x52ab,0x18a1,0x20c2,0x0841,0x0840,0x28c1,0x1820,0xc4cc,0xff6e,0xfe09,0xd363,0x70e0,0x6982,0x82a6,0x82a7,0x92e7,
0x7aa6,0x8ac6,0x6a25,0x6205,0x51e5,0x4985,0x51c5,0x49a4,0x49a4,0x51c5,0x59e5,0x59e4,0x4184,0x3944,0xfec6,0xfe45,
0xfc84,0xf5e5,0xf5e6,0x20a4,0x51a4,0x59c4,0x59e5,0x51a4,0x51a4,0x51a4,0x4984,0x8b07,0x7aa6,0x8286,0x82a6,0x92e7,
0x92e7,0x9b28,0x8ae7,0x9328,0x9b07,0x69a2,0x69c3,0x9a03,0xec48,0xfdcc,0x2903,0x0020,0x1061,0x1081,0x1061,0x18a2,
0x2924,0x3186,0x0820,0x0820,0x2104,0x5b0c,0x4a69,0x20a1,0x18c2,0x0841,0x0841,0x28e1,0x18c2,0xa2a3,0xd385,0x8940,
0x0800,0x0020,0x4122,0x1081,0x30e1,0x2081,0x0000,0x28c1,0x20a1,0x1061,0x1882,0x0000,0x0020,0x18a2,0x0840,0x20a2,
0x0000,0x0000,0x0001,0xb383,0xfca3,0x2800,0x0000,0x4060,0xf503,0x61e2,0x0001,0x0000,0x0840,0x18a1,0x1041,0x20c2,
0x0000,0x1000,0x4963,0x1061,0x28e2,0x1881,0x0000,0x4102,0x1061,0x1881,0x3922,0x0020,0x1881,0x2061,0x6942,0xc304,
0x0000,0x0841,0x1061,0x1061,0x1061,0x18a2,0x2903,0x3186,0x0020,0x0820,0x2124,0x5aeb,0x4229,0x18a2,0x18a2,0x0841,
0x0861,0x28e1,0x10c2,0x8a42,0x8160,0x30c1,0x0040,0x1060,0x4942,0x3902,0x4943,0x20a1,0x1040,0x28c1,0x4102,0x28e2,
0x20a2,0x0000,0x0841,0x3102,0x2081,0x3103,0x0020,0x0000,0x0842,0xfc62,0x5121,0x0000,0x2080,0x0000,0xdb42,0xc382,
0x0001,0x0000,0x1061,0x3902,0x28a2,0x3102,0x0000,0x0021,0x51a4,0x3902,0x5163,0x20c2,0x1881,0x3922,0x4143,0x4963,
0x3102,0x1881,0x20a1,0x6983,0x8203,0xbac4,0x0021,0x0841,0x1061,0x1061,0x1061,0x18a2,0x28e3,0x3185,0x0841,0x0000,
0x2125,0x5aeb,0x4208,0x18a1,0x10a2,0x0040,0x1061,0x28e2,0x10c2,0x9201,0xa1c0,0x4941,0x3102,0x4143,0x4122,0x1881,
0x20c2,0x61a4,0x2123,0x5984,0x0882,0x0862,0x2104,0x1903,0x3124,0x0882,0x0041,0x10c3,0x3124,0x2104,0x0063,0x9a61,
0x9281,0x0020,0x0000,0x4921,0xe382,0x28a0,0x08e4,0x10e3,0x3924,0x0062,0x0042,0x10a3,0x10c3,0x10e4,0x2924,0x00a3,
0x08c3,0x3944,0x18e4,0x4985,0x00a3,0x00a3,0x59a5,0x18c4,0x49a5,0x2902,0x81a2,0xb2a4,0x0083,0x0841,0x1061,0x1061,
0x1061,0x18c2,0x2903,0x3186,0x0841,0x0000,0x2945,0x5aeb,0x4208,0x18a2,0x1082,0x0020,0x1061,0x28e2,0x10a2,0xdba5,
0x99e1,0x5162,0x0002,0x3003,0x5944,0x1003,0x3064,0x5024,0x2804,0x4884,0x2804,0x1004,0x5084,0x2004,0x3804,0x2823,
0x1003,0x3863,0x3803,0x3803,0x30c4,0x3002,0xc9c1,0x0881,0x4961,0xfc03,0xb160,0x3001,0x60c3,0x6003,0x6863,0x4803,
0x5802,0x68c2,0x8022,0x8842,0x7923,0x9002,0x80c2,0xa162,0xb102,0xa1c2,0xa8e2,0xa902,0xaa43,0xc982,0x88e3,0x18c3,
0x8244,0xc325,0x0002,0x0841,0x1061,0x1061,0x1061,0x20c2,0x2924,0x3186,0x0841,0x0000,0x2945,0x5aeb,0x4228,0x20e2,
0x1082,0x0841,0x1061,0x28e2,0x10a2,0x7a23,0x9243,0x6963,0xfb40,0xfdc0,0xdaa0,0xfca0,0xd361,0xfd00,0xfe00,0xfc60,
0xebe0,0xfbe0,0xebe0,0xff00,0xfdc0,0xcb00,0xfd60,0xc300,0xfec0,0xff00,0xe360,0xfd60,0xcb60,0xd260,0xba01,0x3000,
0xec00,0xfd60,0xfda0,0xffe0,0xff20,0xdba0,0xfdc0,0xd3e0,0xffe0,0xffe0,0xd3c0,0xfe00,0xd3c0,0xffe0,0xffe0,0xfea0,
0xfd40,0xfce0,0xff20,0xffe0,0xff60,0x9082,0x7a25,0x9a84,0x0062,0x0841,0x1061,0x1061,0x1061,0x20c2,0x2924,0x3185,
0x0841,0x0000,0x2945,0x5aeb,0x4208,0x20e2,0x1082,0x0841,0x1061,0x28e2,0x10c2,0x91e1,0x89a1,0x90c1,0xffa0,0xff20,
0xf680,0xffe0,0xffe0,0xd4a0,0xffe0,0xdc80,0xffe0,0xffe0,0xe500,0xfe20,0xecc0,0xffa0,0xffe0,0xee00,0xdce0,0xfd20,
0xf5a0,0xffe0,0xffc0,0xf440,0x71a1,0xaaa0,0xffe0,0xffe0,0xdc20,0xfec0,0xd420,0xff00,0xffe0,0xfd80,0xfd60,0xfd20,
0xfda0,0xffe0,0xff00,0xf460,0xfe20,0xe3e0,0xffe0,0xffe0,0xd3a0,0xff20,0xdd80,0xfca0,0x48e2,0x9264,0x0883,0x0841,
0x1061,0x1061,0x1061,0x20c2,0x2923,0x3185,0x0861,0x0800,0x2945,0x5aeb,0x4208,0x20e2,0x1082,0x0841,0x1061,0x28e2,
0x1082,0xf404,0x9202,0x3943,0xc101,0xd9a1,0xb9a1,0xf141,0xd141,0xa8c1,0xd0c1,0x98a1,0xc0c1,0xfae0,0x7802,0xa002,
0x6002,0x7001,0xb800,0xd900,0xd200,0x90e2,0x8081,0xa001,0x9801,0x3020,0xdbe0,0x7082,0x8002,0x7003,0x4843,0x9822,
0xc120,0xc900,0x7001,0x3802,0x0002,0x1803,0x58c4,0x3805,0x50a5,0x3024,0x2004,0x5124,0x2825,0x3064,0x2004,0xe180,
0xff20,0xdb20,0x69c4,0x9aa5,0x0022,0x0861,0x1061,0x1061,0x1061,0x20c2,0x2903,0x3185,0x0861,0x0820,0x2945,0x5aeb,
0x4208,0x20e2,0x1082,0x0041,0x1061,0x28e2,0x10a2,0x7263,0xa2a3,0x71a2,0x0061,0x0042,0x5163,0x28c3,0x4944,0x00c3,
0x0083,0x00c3,0x5963,0x8944,0x00a4,0x0063,0x5922,0xa962,0x6101,0x10e3,0x0843,0x2863,0x18a2,0x10c2,0x18c2,0xa1a1,
0xb140,0x0841,0x08c2,0x20c2,0x18c2,0x0062,0x20a2,0x5122,0x5901,0x91e2,0x99a2,0x0042,0x4144,0x5164,0x69c4,0x2103,
0x20e3,0x4164,0x79a3,0x5964,0x3004,0xfe80,0xffe0,0x7062,0x7a25,0x8264,0x0062,0x0841,0x1061,0x1061,0x1061,0x20c2,
0x2923,0x3185,0x0841,0x0820,0x2945,0x5aeb,0x4208,0x20e2,0x1082,0x0041,0x1061,0x28e2,0x18c2,0x79e2,0xb220,0x7961,
0x3902,0x4122,0x4102,0x0861,0x18a1,0x5983,0x38e2,0x3922,0x6143,0x30c2,0x20e2,0xc1e3,0xa9a3,0x1061,0x3081,0x58e2,
0x30c2,0x1881,0x30c2,0x4102,0x0061,0x9163,0x38a1,0x60e1,0x0840,0x1020,0x30e2,0x20a1,0x30e2,0x3881,0x5880,0x0081,
0xb9c3,0xa1c3,0x5122,0x0081,0x28c2,0x4963,0x4143,0x59a4,0x38e2,0x0883,0x8182,0xffa0,0xf480,0x6001,0x6143,0x9264,
0x0883,0x0841,0x1061,0x1061,0x1061,0x18c2,0x2903,0x3185,0x0861,0x0820,0x2945,0x5aeb,0x4208,0x20e2,0x1082,0x0040,
0x1061,0x28e2,0x1082,0xec85,0xaa21,0x71c2,0x1881,0x28c1,0x5142,0x1881,0x30e1,0x38e1,0x2081,0x28c1,0x79a4,0x6101,
0x9983,0x18a2,0x0841,0x7101,0x5880,0x1081,0x1040,0x1860,0x4942,0x1860,0x38a1,0x48e1,0x58a0,0x58e1,0x1880,0x2060,
0x28a1,0x1040,0x2081,0x1881,0x1860,0x7922,0x0040,0x0042,0xc224,0xc203,0x18e2,0x3902,0x28c2,0x4963,0x2903,0x3062,
0xeb40,0xff20,0xfd00,0x0803,0x7a44,0xa305,0x0002,0x0841,0x1061,0x1061,0x1061,0x20c2,0x2903,0x3185,0x0861,0x0820,
0x2945,0x5acb,0x4208,0x20e2,0x1082,0x0040,0x1061,0x28e2,0x18a2,0x7a83,0xb2c3,0x69e3,0x0040,0x0860,0x5142,0x38e1,
0x4122,0x20a0,0x1040,0x0861,0x8204,0x89e4,0x08a2,0x1020,0x70e0,0x48e2,0x0061,0x28c1,0x1061,0x4123,0x28a1,0x2060,
0x5143,0x3080,0x60a0,0x50c0,0x28a1,0x30a1,0x2881,0x0800,0x1840,0x38e2,0x2081,0x30e2,0x40a0,0x2061,0x10e2,0xc265,
0xba85,0x20a2,0x0881,0x2903,0x49a3,0xd221,0xf480,0xffc0,0xea20,0x3104,0x9aa4,0x8a64,0x0062,0x0841,0x1061,0x1061,
0x1061,0x20c2,0x2903,0x3185,0x0841,0x0820,0x2945,0x5acb,0x4208,0x28e2,0x1082,0x0041,0x1061,0x28e2,0x18c2,0x8222,
0xc280,0x79a2,0x3102,0x4122,0x38e1,0x1040,0x2080,0x5962,0x18a1,0x91e3,0x81c3,0x0020,0x20a2,0x6122,0x30c1,0x0020,
0x0800,0x1040,0x4943,0x30c2,0x1860,0x28a1,0x3902,0x40e1,0x58e0,0x48e1,0x1840,0x2040,0x30e1,0x2081,0x30c2,0x1040,
0x0800,0x1881,0x20a1,0x5123,0x30c1,0x0061,0xa286,0xb285,0x4963,0x2943,0xdaa1,0x9981,0xcc40,0xfe80,0x90c2,0x18e3,
0x89a3,0x9a84,0x0082,0x0841,0x1061,0x1061,0x1061,0x1081,0x20e3,0x3165,0x0841,0x0820,0x2945,0x5acb,0x4208,0x20e2,
0x1082,0x0041,0x1061,0x28e2,0x1082,0xed87,0xc2c2,0x71c2,0x1081,0x28c1,0x5142,0x20a1,0x30c1,0x20e1,0x89a3,0x7a04,
0x5163,0x0820,0x4102,0x0841,0x0861,0x2081,0x0820,0x30e2,0x1861,0x1020,0x28a1,0x4123,0x2081,0x38a0,0x50c0,0x40e1,
0x2880,0x2880,0x28a1,0x1840,0x2081,0x28a1,0x1040,0x28c1,0x1040,0x0041,0x6963,0x30e2,0x4184,0x8225,0x89e5,0xa263,
0x81e2,0x98c1,0xf680,0xfdc0,0x3004,0x3923,0x9a84,0xa346,0x0002,0x0841,0x1061,0x1061,0x1061,0x1061,0x20c2,0x3185,
0x0841,0x0820,0x2945,0x5acb,0x39e7,0x1081,0x1082,0x0020,0x1061,0x3102,0x1041,0x82e5,0xcb85,0x6a03,0x0020,0x1060,
0x5142,0x4122,0x4142,0x7182,0x5962,0x69c4,0x3922,0x4922,0x28c2,0x0000,0x0820,0x28c2,0x3102,0x30e2,0x0800,0x0800,
0x28c2,0x3902,0x28a1,0x38a0,0x48c0,0x40c0,0x30c1,0x30c1,0x2881,0x1020,0x1840,0x3902,0x28c1,0x30e2,0x0800,0x0000,
0x3922,0x81e4,0x59c4,0x61c5,0x59a4,0xb284,0x1003,0xd240,0xf620,0xfb60,0x0004,0x7a04,0xab05,0x8265,0x0062,0x0841,
0x1061,0x1061,0x1061,0x1061,0x20c2,0x3185,0x0841,0x0820,0x2945,0x5acb,0x41e8,0x1881,0x1082,0x0040,0x1061,0x3102,
0x18a2,0x7a22,0xc2e1,0x81e2,0x3102,0x4122,0x3901,0x1020,0x4922,0x69e3,0x61c4,0x59c4,0x30c1,0x2881,0x18a2,0x1881,
0x1881,0x20a2,0x28e2,0x1040,0x2081,0x1840,0x4143,0x1840,0x1840,0x40e1,0x48e1,0x40e1,0x2860,0x2040,0x30c1,0x2880,
0x30c1,0x1040,0x0800,0x2081,0x20a1,0x28a2,0x18a1,0x1881,0x89a3,0x31a4,0xa266,0x59c3,0xfb40,0xffe0,0xe4a0,0x9082,
0x3964,0x18c2,0x99e2,0xa2a4,0x0083,0x0841,0x1061,0x1061,0x1061,0x1061,0x18c2,0x3185,0x0841,0x0820,0x2945,0x5aeb,
0x3a07,0x1882,0x1082,0x0041,0x1061,0x3102,0x1062,0xe546,0xc2e2,0x8243,0x18a1,0x30e1,0x5142,0x20a1,0x9a24,0x4983,
0x4942,0x5183,0x6162,0x0840,0x1882,0x1040,0x1061,0x4144,0x1860,0x1861,0x1020,0x20a1,0x3902,0x2040,0x2880,0x38c1,
0x40c1,0x38e1,0x30a0,0x3080,0x30a1,0x2040,0x2081,0x2081,0x1840,0x28a1,0x1860,0x1861,0x30e2,0x0881,0x4943,0xca63,
0x8a24,0x5146,0xc321,0xff60,0xeba0,0x3023,0x3123,0x3903,0xaac4,0x9b86,0x0002,0x0841,0x1061,0x1061,0x1061,0x1061,
0x18c2,0x3186,0x0861,0x0820,0x2945,0x5acb,0x3a08,0x1882,0x1082,0x0040,0x1061,0x3102,0x1081,0x6a64,0xbb44,0x7223,
0x0840,0x1060,0x5182,0x8a24,0x5983,0x59a3,0x28c1,0x59a4,0x4942,0x28c2,0x1881,0x0820,0x3103,0x30e2,0x2081,0x20a1,
0x1020,0x3903,0x28c1,0x2880,0x28a1,0x38a1,0x40c1,0x40c1,0x38c1,0x38c1,0x28a1,0x1820,0x1860,0x30e2,0x28c1,0x28c2,
0x0800,0x0820,0x4123,0x3943,0x9a86,0xb202,0x5142,0xeb23,0xc220,0xece0,0xdb01,0x0844,0x28e2,0x7a24,0xb346,0x7a24,
0x0021,0x0840,0x0840,0x1061,0x1061,0x1061,0x18c2,0x3186,0x0861,0x0820,0x2945,0x5acb,0x39e7,0x1882,0x1082,0x0021,
0x1061,0x3102,0x18c2,0x69a2,0xbaa1,0x8a23,0x3922,0x4122,0x59a3,0x6162,0x18a1,0x61c4,0x4122,0x59c4,0x0020,0x0820,
0x1881,0x28e3,0x3944,0x0820,0x0800,0x1040,0x28c2,0x3943,0x2060,0x1840,0x2060,0x4102,0x40e1,0x38e1,0x2860,0x2860,
0x30c1,0x2880,0x28a1,0x1840,0x0800,0x1881,0x20a1,0x28a2,0x0041,0x5143,0x9225,0x69c3,0x99c2,0xa2a1,0xffe0,0xffe0,
0x99a3,0x10c4,0x5163,0x18a2,0xaa23,0x9aa4,0x0021,0x0840,0x0840,0x1061,0x1061,0x1041,0x18a2,0x3185,0x0861,0x0820,
0x2945,0x5acb,0x39e7,0x1882,0x1082,0x0020,0x1061,0x3102,0x1062,0xe506,0xb2a2,0x7a23,0x20e1,0x20c1,0x7a24,0x20a1,
0x4122,0x4122,0x5183,0x5183,0x20a1,0x1040,0x20c3,0x3124,0x1040,0x1881,0x1040,0x1861,0x3943,0x2081,0x2881,0x2060,
0x2880,0x38c1,0x40e1,0x38e1,0x30a0,0x30a0,0x30a1,0x2060,0x2081,0x2081,0x1840,0x20a1,0x1861,0x0841,0x3103,0xb265,
0x2143,0x1944,0xb9e1,0xaa41,0xffe0,0xfe00,0xa965,0x1103,0x3923,0x3903,0xb325,0x8325,0x0001,0x0841,0x1041,0x1061,
0x1061,0x1061,0x18a2,0x3186,0x0861,0x0000,0x2945,0x5acb,0x39e7,0x1882,0x1082,0x0020,0x1061,0x3102,0x1081,0x6a64,
0xb324,0x61e3,0x1060,0x20c1,0x7a45,0x4921,0x69e4,0x3902,0x61e4,0x30e2,0x4122,0x20a1,0x3144,0x1861,0x1020,0x20c2,
0x2081,0x3102,0x3103,0x1820,0x2881,0x28a1,0x28a1,0x38c1,0x40e1,0x38c1,0x38c1,0x38c1,0x30a1,0x1840,0x2060,0x30e2,
0x28c1,0x28c2,0x0800,0x0020,0x91e4,0x5163,0x69e5,0x2124,0x4103,0xfc80,0xe4c0,0xc260,0x79a6,0x69e5,0x20a1,0x7244,
0xb346,0x82a5,0x0083,0x0841,0x1061,0x1061,0x1061,0x1061,0x18a2,0x3186,0x0861,0x0000,0x2945,0x5acb,0x39e7,0x1881,
0x1082,0x0020,0x1061,0x3102,0x18c2,0x6182,0xb281,0x9263,0x3122,0x7204,0x4942,0x1060,0x69e4,0x69e4,0x6a05,0x4963,
0x1840,0x20a2,0x2903,0x1861,0x20a1,0x1040,0x0800,0x3103,0x28a1,0x2061,0x2881,0x2040,0x2060,0x4102,0x4101,0x38e1,
0x3080,0x2860,0x30c1,0x2880,0x28a1,0x1840,0x1000,0x1861,0x0861,0x7184,0x30e2,0x1081,0x3903,0x59c5,0x4024,0xec40,
0xffe0,0xb101,0x39a5,0x9246,0x4163,0x20a2,0xb243,0xa2e5,0x0083,0x0841,0x1061,0x1061,0x1061,0x1061,0x18a2,0x3186,
0x0861,0x0020,0x2945,0x5acb,0x39e7,0x18a2,0x1082,0x0040,0x1061,0x3102,0x1082,0xcc86,0xaa82,0x8223,0x3901,0x7a65,
0x5163,0x18a1,0x8a44,0x4963,0x51a4,0x38e1,0x30c1,0x4984,0x18a2,0x1041,0x1861,0x1861,0x1881,0x3944,0x1840,0x2060,
0x28a1,0x2860,0x2880,0x38e1,0x40e1,0x38e1,0x38a0,0x30a0,0x30a1,0x2060,0x2881,0x2081,0x1840,0x0861,0x5943,0x6143,
0x20c2,0x30e2,0x4964,0x2965,0xb142,0xedc0,0xff00,0x6024,0x3164,0x7a25,0x4963,0x3902,0xbb25,0x8326,0x0022,0x0841,
0x1061,0x1061,0x1061,0x1061,0x18a2,0x3185,0x0861,0x0820,0x2945,0x5acb,0x39e7,0x1881,0x0882,0x0040,0x1061,0x3102,
0x18a1,0x5a03,0xa2c4,0x59c3,0x3901,0x6a25,0x4962,0x6162,0x8224,0x2102,0x4963,0x28a1,0x51a4,0x3922,0x1881,0x0820,
0x1020,0x20a2,0x3943,0x28e2,0x1020,0x1840,0x2881,0x28a1,0x30c1,0x38c1,0x40e1,0x38c1,0x38c1,0x38e1,0x28a1,0x2040,
0x2060,0x30c2,0x28a1,0x4123,0x6943,0x0020,0x3923,0x5983,0x6a05,0x1805,0xfc40,0xf660,0xba00,0x5185,0x3123,0x5984,
0x5984,0x6a04,0xcb87,0x8285,0x0063,0x0841,0x1061,0x1061,0x1061,0x1061,0x18a2,0x3165,0x0861,0x0820,0x2945,0x52cb,
0x39e7,0x1881,0x1081,0x0040,0x1061,0x3102,0x20e2,0x5142,0xa221,0x79e3,0x59e4,0x7245,0x30e1,0x0080,0x9224,0x7a24,
0x4942,0x4143,0x59c4,0x0020,0x18a2,0x1881,0x1881,0x1881,0x3123,0x1840,0x2081,0x2081,0x2881,0x2040,0x2080,0x4102,
0x4101,0x38e1,0x3080,0x2880,0x30c1,0x2880,0x28a1,0x1840,0x0840,0x5984,0x1061,0x20a2,0x28c2,0x20a2,0x1924,0x6905,
0xfd40,0xdd00,0xfc42,0x0004,0x4163,0x5184,0x7a46,0x1102,0xc263,0xab05,0x0083,0x0841,0x1061,0x1061,0x1061,0x1061,
0x18a2,0x3166,0x0861,0x0820,0x2945,0x52cb,0x39e7,0x1881,0x0882,0x0040,0x1061,0x3102,0x10a2,0xc425,0x9a42,0x69e3,
0x6204,0x59a3,0x4142,0x3902,0xa285,0x6a04,0x30e1,0x4983,0x4122,0x0840,0x18a2,0x1041,0x1041,0x3923,0x28a2,0x1861,
0x1860,0x2060,0x28a1,0x2080,0x2880,0x38e1,0x40e1,0x38e1,0x30a0,0x30a0,0x30a1,0x2060,0x2080,0x1861,0x6184,0x30e2,
0x1040,0x2081,0x30e2,0x30e3,0x2125,0xa902,0xffe0,0xdca0,0xc9e6,0x69e6,0x3943,0x3103,0x7a66,0x3122,0xc345,0x7b05,
0x0001,0x0840,0x0840,0x1061,0x1061,0x1061,0x18a2,0x3185,0x0861,0x0820,0x2945,0x52cb,0x39e7,0x1882,0x0882,0x0020,
0x1061,0x3102,0x18c2,0x51e3,0x9aa4,0x51c3,0x6a04,0x3101,0x4962,0x7a04,0x79e3,0x6a05,0x2902,0x51c4,0x4122,0x28c2,
0x1882,0x0820,0x1041,0x3923,0x2081,0x20a1,0x1840,0x1840,0x28a1,0x28c1,0x28c1,0x30c1,0x38e1,0x38c1,0x38e1,0x38c1,
0x28a1,0x2040,0x1040,0x5163,0x4922,0x20a1,0x1020,0x1041,0x3923,0x5984,0x4945,0xfac0,0xffc0,0xfde0,0x3886,0xaa66,
0x1903,0x18a2,0x7225,0x6a04,0xbb67,0x6a04,0x0001,0x0840,0x0840,0x1061,0x1061,0x1061,0x18a2,0x3185,0x0861,0x0820,
0x2945,0x52cb,0x39e7,0x1881,0x1082,0x0020,0x0861,0x3102,0x20e2,0x4901,0xa221,0x7a03,0x8aa6,0x4963,0x4962,0x61c4,
0x3102,0x7204,0x59c4,0x59a3,0x1040,0x0820,0x18a2,0x1861,0x28e2,0x2081,0x1020,0x1861,0x2081,0x2081,0x2881,0x2060,
0x2080,0x3902,0x40e1,0x38e1,0x3080,0x2880,0x30c1,0x2060,0x38e2,0x4923,0x0800,0x2081,0x20a1,0x28a2,0x28c2,0x18e3,
0x3025,0xec40,0xfec0,0xba25,0x0885,0x61c5,0x61c4,0x3922,0x8266,0x1922,0xc2c3,0x9264,0x0001,0x0840,0x0840,0x1061,
0x1061,0x1061,0x20c2,0x3186,0x0861,0x0820,0x2945,0x52cb,0x39e7,0x1081,0x0881,0x0020,0x0861,0x3102,0x1082,0xd4a5,
0xaa62,0x7203,0x7245,0x3922,0x61c4,0x5183,0x3901,0x7204,0x59a4,0x30e1,0x28a1,0x1061,0x1882,0x1881,0x3964,0x1861,
0x1840,0x1881,0x1860,0x2060,0x28a1,0x2080,0x2881,0x30e2,0x38e1,0x38c1,0x38a0,0x30a0,0x2881,0x30c1,0x5163,0x1860,
0x1860,0x2081,0x2061,0x20a2,0x30e3,0x1904,0x8863,0xfe40,0xff00,0x9986,0x0924,0x5184,0x61e4,0x30e2,0x8266,0x3163,
0xc345,0x8387,0x0022,0x0841,0x1061,0x1061,0x1061,0x1061,0x20c2,0x3185,0x0861,0x0820,0x2945,0x52aa,0x39e7,0x1081,
0x0881,0x0020,0x0861,0x3102,0x18a1,0x61e3,0xb2e4,0x49a3,0x49a3,0x30e1,0x59c4,0x59a3,0x71c3,0x9286,0x30e2,0x28a1,
0x4122,0x28c2,0x1881,0x20e3,0x20c2,0x20a1,0x20a1,0x28a2,0x1840,0x1840,0x28a1,0x30c1,0x30c1,0x30c1,0x38c1,0x38c1,
0x38e1,0x30c1,0x30c1,0x4943,0x2061,0x28c1,0x28c1,0x28a1,0x1840,0x1861,0x3923,0x5144,0xa0e1,0xffe0,0xfe20,0x7906,
0x4984,0x61c4,0x59c4,0x28e1,0x7a45,0x6a05,0xbb66,0x7a86,0x0062,0x0840,0x1061,0x1061,0x1061,0x1061,0x20e2,0x3185,
0x0861,0x0820,0x2145,0x52aa,0x39e8,0x1081,0x0861,0x0020,0x0861,0x28e2,0x20e2,0x5101,0xa241,0x69e3,0x6205,0x4983,
0x6a25,0x28c1,0x5983,0xb2a5,0x4983,0x4122,0x1860,0x0820,0x18a2,0x3985,0x1881,0x1040,0x1020,0x1861,0x2081,0x2081,
0x28a1,0x1860,0x2080,0x3902,0x38e1,0x38e1,0x3080,0x2880,0x4943,0x38c1,0x2881,0x2060,0x1840,0x2081,0x28a1,0x28c2,
0x10e3,0x3004,0xfd40,0xe5a0,0xfc22,0x30e5,0x20e3,0x20c2,0x61e4,0x4143,0x8286,0x1922,0xcac3,0x9264,0x0063,0x0840,
0x1061,0x1061,0x1061,0x1061,0x20e3,0x3185,0x0861,0x0820,0x2145,0x52aa,0x4207,0x1081,0x0881,0x0020,0x0861,0x28e2,
0x1082,0xd4a5,0xa263,0x61e3,0x51c4,0x51a3,0x6a24,0x18e1,0xaa85,0x5962,0x4163,0x51a4,0x2080,0x1020,0x3124,0x28e3,
0x1841,0x1861,0x1040,0x1881,0x1861,0x2060,0x28a1,0x2080,0x2081,0x30e2,0x3923,0x30c1,0x30a0,0x4123,0x3902,0x1840,
0x2881,0x2881,0x2060,0x28a1,0x2081,0x28c2,0x18e4,0x8883,0xfea0,0xfe20,0xa183,0x3185,0x3923,0x3102,0x61c4,0x4963,
0x7a66,0x3143,0xc385,0x93e7,0x0002,0x0840,0x1061,0x1061,0x1061,0x1061,0x20e3,0x3185,0x0861,0x0820,0x2945,0x52aa,
0x4208,0x1082,0x0861,0x0020,0x0861,0x28e2,0x18a1,0x6203,0xaae4,0x51c3,0x3922,0x59c4,0x6a25,0x59a3,0x8a65,0x1881,
0x28a1,0x51a4,0x5983,0x28c2,0x3985,0x0820,0x1040,0x28c2,0x20a1,0x28a2,0x1840,0x1840,0x28a1,0x28c1,0x28c1,0x30c1,
0x3902,0x30a0,0x4122,0x4143,0x2880,0x2060,0x2060,0x30c1,0x30c1,0x30c2,0x2061,0x20a3,0x20e4,0xc1a1,0xbb40,0xfec0,
0x3005,0x3984,0x59a4,0x51a4,0x5183,0x59a3,0x6a25,0x6a04,0xbb66,0x6a25,0x0042,0x0820,0x1061,0x1061,0x1061,0x1081,
0x2103,0x3186,0x0861,0x0820,0x2945,0x52aa,0x4208,0x1081,0x0861,0x0020,0x0861,0x28e2,0x20e2,0x48c1,0x9a42,0x61e3,
0x51a3,0x7a86,0x4142,0x3942,0x8a45,0x71e3,0x38e1,0x4963,0x4163,0x20c2,0x3123,0x1861,0x1881,0x1041,0x1020,0x1861,
0x28a1,0x2081,0x28a1,0x1860,0x2080,0x4123,0x4102,0x38e2,0x4943,0x2880,0x30c1,0x2880,0x28a1,0x2060,0x1840,0x28a1,
0x30c2,0x3103,0x2805,0xfc80,0xffa0,0xb9c1,0x3925,0x51c4,0x28e2,0x20c2,0x59a3,0x7a25,0x8286,0x1922,0xc2c3,0x71e3,
0x0062,0x0820,0x1061,0x1061,0x1061,0x18a2,0x2903,0x3185,0x0861,0x0820,0x2945,0x52aa,0x4208,0x20c2,0x0861,0x0020,
0x0861,0x28e2,0x18a2,0xd4c6,0xa263,0x6a04,0x3122,0x7a66,0x5183,0x8245,0x69e4,0x5962,0x28c1,0x4122,0x3922,0x4985,
0x20a2,0x1041,0x1881,0x2081,0x1840,0x2081,0x2061,0x2061,0x28c1,0x2060,0x2080,0x3102,0x3902,0x4143,0x38c1,0x2880,
0x28a1,0x2060,0x2881,0x2881,0x2060,0x28a1,0x28a2,0x08c4,0x7003,0xffa0,0xffa0,0x8083,0x2145,0x51a4,0x3923,0x3102,
0x4143,0x8a86,0x6a46,0x3922,0xcb64,0xa427,0x0001,0x0020,0x1061,0x1061,0x1061,0x18c2,0x2903,0x3165,0x0862,0x0820,
0x2945,0x52aa,0x3a08,0x20c2,0x0861,0x0020,0x0861,0x28e2,0x18a2,0x5a03,0xaae4,0x6224,0x20a0,0x51c4,0x6204,0x7a86,
0x7a24,0x20c1,0x20a0,0x28c1,0x51a4,0x4143,0x3123,0x1041,0x1040,0x28c2,0x20a1,0x28c2,0x1840,0x2060,0x28c1,0x30e2,
0x30e2,0x3102,0x4143,0x3902,0x38e2,0x38e1,0x30a1,0x1840,0x2060,0x30c1,0x30c1,0x30e2,0x0042,0x30c4,0xb260,0xd540,
0xcae0,0x50c5,0x2924,0x4964,0x59a4,0x5183,0x4143,0x8ac7,0x4164,0x7204,0xc386,0x51c4,0x0001,0x0020,0x1061,0x1061,
0x1061,0x18a2,0x2903,0x3165,0x0861,0x0820,0x2125,0x52aa,0x4208,0x18c2,0x0861,0x0020,0x0861,0x28e2,0x2102,0x38c1,
0x9202,0x6203,0x4142,0x6a25,0x7a86,0x59c4,0x3901,0x61a3,0x38e1,0x5162,0x51a4,0x0020,0x20e2,0x3144,0x20c2,0x1841,
0x1881,0x28e2,0x3923,0x3943,0x3103,0x3123,0x3103,0x3943,0x3123,0x3102,0x3923,0x3923,0x3922,0x30c1,0x28a1,0x2060,
0x1820,0x0861,0x5964,0xf282,0xf460,0xffa0,0xfbe0,0x38a5,0x4984,0x51a4,0x30e2,0x18c1,0x8a65,0x8aa7,0x5a05,0x28e1,
0xaa42,0x4902,0x0021,0x0020,0x1061,0x1061,0x1061,0x18a2,0x2903,0x3165,0x0862,0x0840,0x2124,0x52aa,0x39e7,0x18a2,
0x0861,0x0020,0x0861,0x28c1,0x1882,0xcca6,0x9a42,0x61e3,0x4142,0x6204,0x7a86,0x51a4,0x4142,0x5162,0x30c1,0x5183,
0x59c4,0x0820,0x18a2,0x20c2,0x3144,0x3944,0x3985,0x3123,0x2081,0x2061,0x28c1,0x2080,0x2081,0x30c1,0x28a1,0x30c1,
0x38a0,0x28a0,0x28a1,0x28a1,0x30c2,0x4943,0x30e2,0x6964,0xa1c5,0x3003,0xf560,0xffe0,0xb862,0x2145,0x4143,0x5184,
0x3902,0x4102,0x7225,0x8245,0x4163,0x30e2,0xaa62,0x9b84,0x0000,0x0020,0x1061,0x1061,0x1061,0x18a2,0x2903,0x3185,
0x0862,0x0840,0x2924,0x52aa,0x39e7,0x18a2,0x0861,0x0020,0x0861,0x28c1,0x18a2,0x6a44,0xaae5,0x61e3,0x30e1,0x61e4,
0x7266,0x6a25,0x61e3,0x30e1,0x2080,0x51c4,0x5142,0x30e2,0x3144,0x3165,0x3124,0x3103,0x28e2,0x30e2,0x1881,0x1860,
0x28a1,0x28c1,0x28a1,0x30c2,0x30c1,0x3080,0x38e1,0x30c1,0x2881,0x2060,0x2881,0x4122,0x4923,0x5963,0x00a4,0xeaa1,
0xe560,0xd300,0x58e4,0x2944,0x3903,0x4143,0x59c4,0x8a66,0x6205,0x69e4,0x1081,0x5183,0xaaa3,0x4142,0x0000,0x0020,
0x1061,0x1061,0x1061,0x18a2,0x2903,0x3165,0x0862,0x0840,0x2124,0x528a,0x39e7,0x18a2,0x0861,0x0020,0x0861,0x28c1,
0x20e2,0x4901,0x9a21,0x59c3,0x4983,0x7265,0x6204,0x4983,0x3901,0x59a3,0x3902,0x7205,0x3103,0x3923,0x3124,0x2903,
0x2081,0x1040,0x0820,0x1881,0x28e2,0x3103,0x3103,0x28c2,0x28c2,0x3923,0x38e2,0x38e2,0x3902,0x30e2,0x4164,0x4143,
0x30e2,0x2060,0x1040,0x28a2,0x8983,0x6082,0xe5a0,0xfd40,0x1005,0x4964,0x4143,0x4984,0x61c4,0x7a66,0x59c4,0x8245,
0x2902,0x1060,0x8980,0x40c1,0x0020,0x0020,0x1061,0x1061,0x1061,0x18a2,0x2903,0x3165,0x0862,0x0840,0x2924,0x528a,
0x39e7,0x18a2,0x0861,0x0020,0x0861,0x28c1,0x1082,0xd486,0x9a42,0x59c3,0x4963,0x7266,0x6204,0x59c4,0x59a3,0x4142,
0x59c4,0x6a05,0x6a05,0x3103,0x1882,0x1041,0x1881,0x1881,0x1041,0x20a2,0x28e2,0x28e3,0x3103,0x28e2,0x28c2,0x30e2,
0x30c1,0x38e2,0x4122,0x3902,0x3943,0x4143,0x3902,0x30c2,0x1861,0x00a3,0x5003,0xfea0,0x6102,0x6943,0x1904,0x3923,
0x28e2,0x7225,0x7a46,0x59c4,0x5183,0x8266,0x1081,0x18a1,0x99c0,0x82a2,0x0000,0x0020,0x1061,0x1061,0x1061,0x18a2,
0x2903,0x3166,0x0882,0x0840,0x2124,0x528a,0x39e7,0x1881,0x0861,0x0020,0x0861,0x28c1,0x1881,0x6a44,0xaae4,0x59c3,
0x3901,0x7266,0x6204,0x59c4,0x6a05,0x4963,0x8224,0x6a05,0x61a3,0x1881,0x1881,0x0821,0x1081,0x3123,0x3103,0x3102,
0x1861,0x1840,0x28a1,0x28a1,0x28a1,0x30c1,0x30a1,0x3080,0x38c1,0x30c1,0x28a1,0x2060,0x28a1,0x4123,0x5943,0x6143,
0xc0e1,0xffe0,0xe500,0x78a3,0x61a4,0x1903,0x69c4,0x7225,0x7a46,0x5183,0x51a4,0x7a25,0x0020,0x30e1,0x89e1,0x4962,
0x0000,0x0020,0x1061,0x1061,0x1061,0x18a2,0x2903,0x3185,0x0882,0x0840,0x2125,0x528a,0x39c7,0x1881,0x0861,0x0020,
0x0861,0x20c1,0x18c2,0x4901,0x9201,0x49a3,0x51a3,0x7a66,0x6a25,0x28a1,0x3143,0xa2a6,0x9a45,0x69c3,0x0020,0x0820,
0x20c2,0x3124,0x3123,0x1861,0x0820,0x1861,0x2081,0x2081,0x28a1,0x1860,0x2080,0x3922,0x30c1,0x30c1,0x3080,0x2880,
0x30c1,0x2881,0x28a1,0x2061,0x10a2,0x4023,0xfda0,0xee00,0xeb20,0x0803,0x7983,0x8246,0x61e5,0x6205,0x3943,0x20c1,
0x61c4,0x5983,0x1081,0x0840,0x9160,0x4901,0x0020,0x0020,0x1061,0x1061,0x1061,0x18a2,0x2903,0x3165,0x0882,0x0820,
0x2145,0x528a,0x39c7,0x1082,0x0861,0x0020,0x0861,0x20c1,0x1082,0xc446,0xa262,0x61c3,0x51a3,0x51a3,0x6205,0x59c4,
0x8266,0x8224,0x5142,0x4942,0x20a1,0x28c2,0x3103,0x1061,0x1881,0x1881,0x1040,0x2081,0x1881,0x1861,0x28a1,0x2060,
0x2081,0x3102,0x30c1,0x30c1,0x30a1,0x2880,0x28a1,0x2080,0x28a1,0x30c2,0x08a3,0x3004,0xfd60,0xff20,0xca03,0x81e7,
0x5184,0x5983,0x7266,0x6a05,0x28c1,0x3102,0x51a4,0x30c2,0x1061,0x1040,0xa1e1,0x82a2,0x0000,0x0020,0x1061,0x1061,
0x1061,0x18a2,0x2903,0x3166,0x0862,0x0820,0x2124,0x528a,0x39c7,0x1081,0x0861,0x0020,0x0861,0x20c1,0x1881,0x6a64,
0xaae4,0x49c3,0x59e4,0x4122,0x4983,0x6a24,0x8286,0x20c1,0x38e1,0x6183,0x81c3,0x3923,0x20a2,0x0820,0x0840,0x30e2,
0x28c2,0x28e2,0x1020,0x1040,0x28a1,0x28c1,0x28c1,0x30c2,0x30a1,0x2880,0x38e1,0x38e1,0x28a1,0x1840,0x0861,0x2103,
0x2083,0xa0e1,0xffe0,0xff80,0x7802,0x59c5,0x59c5,0x5184,0x69e5,0x7266,0x5183,0x59a3,0x59e5,0x1860,0x0820,0x28c1,
0x8a02,0x51a2,0x0000,0x0020,0x1061,0x1061,0x1061,0x18c2,0x2903,0x3186,0x0882,0x0820,0x2125,0x528a,0x39c7,0x1081,
0x0861,0x0020,0x0841,0x20c1,0x20c2,0x40e1,0x9222,0x51a3,0x7a86,0x51a3,0x4142,0x59e5,0x6205,0x4983,0x3942,0x8a24,
0x20c1,0x0020,0x20a2,0x1881,0x20a2,0x1861,0x0820,0x1861,0x20a1,0x2081,0x28a1,0x1840,0x1860,0x3923,0x30e1,0x30c1,
0x2880,0x2860,0x30e2,0x28a1,0x4922,0xda22,0xfb40,0xebc0,0xee40,0xfc40,0x0004,0x1882,0x6184,0x7246,0x4943,0x7246,
0x5205,0x30e2,0x51a4,0x2081,0x1881,0x0840,0x9160,0x5101,0x0041,0x0020,0x1061,0x1061,0x1061,0x18a2,0x2903,0x3166,
0x0882,0x0820,0x2124,0x528a,0x39c7,0x1081,0x0861,0x0020,0x0841,0x20a1,0x18a2,0xc3c5,0x9222,0x59c3,0x7266,0x4983,
0x61e4,0x6a26,0x4143,0x6a04,0x9204,0x4942,0x20c1,0x28c2,0x28e2,0x1861,0x20a1,0x1881,0x1020,0x2081,0x2081,0x2081,
0x28a1,0x1860,0x2080,0x3102,0x30c1,0x30e1,0x38e1,0x4102,0x4943,0x6122,0x5902,0x4943,0x3803,0xf400,0xf6a0,0xa8c1,
0x08c4,0x79c5,0x5163,0x4163,0x6a05,0x6a05,0x8a87,0x61e5,0x3102,0x2081,0x1061,0x1060,0xaa00,0x7a62,0x0000,0x0020,
0x1061,0x1061,0x1061,0x18a2,0x2903,0x3186,0x1082,0x0820,0x2124,0x528a,0x39c7,0x1081,0x0861,0x0020,0x0841,0x20a1,
0x1081,0x7a84,0x9284,0x6a25,0x59e4,0x4142,0x7286,0x6205,0x6a25,0x69e4,0x0860,0x30e1,0x5942,0x4102,0x3944,0x1082,
0x0841,0x3102,0x28c2,0x30e2,0x1020,0x1020,0x28a1,0x28c1,0x28c1,0x28c1,0x30c1,0x4102,0x4142,0x4102,0x28a1,0x1060,
0x1882,0x2924,0x6002,0xcc40,0xffe0,0xb003,0x81a6,0x5164,0x5183,0x3102,0x3102,0x6205,0x7225,0x7a45,0x0020,0x2081,
0x0000,0x30e1,0x9202,0x51a2,0x0020,0x0020,0x1061,0x1061,0x1061,0x18a2,0x2103,0x3165,0x1082,0x0820,0x2124,0x4a8a,
0x31c7,0x1061,0x0841,0x0020,0x0841,0x20a1,0x18c1,0x5962,0x8a02,0x6a04,0x59e4,0x6a25,0x6225,0x3922,0x6205,0x59a3,
0x30e1,0x5183,0x1060,0x0000,0x28c2,0x28e3,0x3944,0x20a1,0x1020,0x1881,0x20a1,0x2081,0x28a1,0x2081,0x28c2,0x3902,
0x30a1,0x30c1,0x2880,0x2880,0x30e1,0x28a1,0x28e2,0x0004,0xfa00,0xf6e0,0xfcc0,0x9904,0x00c3,0x1882,0x30e2,0x5183,
0x4142,0x61e5,0x4163,0x4143,0x28e2,0x28a1,0x1061,0x0840,0x8940,0x6141,0x0041,0x0020,0x1061,0x1061,0x1061,0x18a2,
0x20e3,0x3165,0x10a2,0x0000,0x2124,0x528a,0x39c7,0x1061,0x0841,0x0020,0x0841,0x20a1,0x1081,0xc3c5,0x8a02,0x7204,
0x4983,0x6205,0x59e4,0x59c4,0x4963,0x51a3,0x28c1,0x4962,0x1881,0x0020,0x30e2,0x1061,0x20a1,0x28e2,0x20c2,0x28e2,
0x20a1,0x20a1,0x3903,0x28a1,0x2081,0x38e2,0x30a1,0x30c1,0x30a0,0x2880,0x28c1,0x18a2,0x4923,0xa0e2,0xffe0,0xff00,
0xc0e1,0x0044,0x28e3,0x28a2,0x3902,0x4943,0x4122,0x59c4,0x4122,0x30c2,0x30e2,0x28c2,0x0840,0x1880,0xa1e0,0x8a42,
0x0000,0x0020,0x1061,0x1061,0x1061,0x18a2,0x2103,0x3165,0x10a2,0x0000,0x2124,0x4a8a,0x39c7,0x1082,0x0841,0x0020,
0x0840,0x20a1,0x1081,0x8284,0x9284,0x6a24,0x4984,0x51c4,0x6225,0x6a25,0x59c4,0x28a1,0x2080,0x3901,0x69a3,0x4102,
0x28c2,0x0000,0x0820,0x3923,0x28c2,0x3923,0x20a2,0x20a2,0x3102,0x3102,0x30e2,0x30c1,0x30a1,0x30a1,0x4942,0x4122,
0x5143,0x9164,0xc183,0x7101,0xcb20,0xcb00,0x98a3,0x0084,0x3103,0x4943,0x51a4,0x3902,0x38e2,0x4943,0x61c4,0x28c1,
0x3102,0x3102,0x0000,0x38e1,0x79c1,0x51a2,0x0000,0x0020,0x1061,0x1061,0x1061,0x18a2,0x2103,0x3165,0x10a2,0x0000,
0x2124,0x4a69,0x31a6,0x1061,0x0841,0x0020,0x0840,0x18a1,0x18a1,0x6982,0x81e2,0x6a45,0x7266,0x5a04,0x7245,0x1060,
0x30e1,0x5183,0x30e1,0x5183,0x0861,0x0020,0x30e2,0x1881,0x20a2,0x1861,0x1061,0x28e2,0x20a1,0x2081,0x28c1,0x1860,
0x2081,0x4122,0x30c1,0x38e1,0x38c1,0x30c1,0x4102,0x30e2,0x0023,0xe921,0xffe0,0xfca0,0x2004,0x28e3,0x20a2,0x2081,
0x30e2,0x5183,0x4943,0x59c4,0x4963,0x0000,0x38e2,0x3102,0x0840,0x1860,0x7940,0x6941,0x0021,0x0020,0x0841,0x1061,
0x1061,0x18a2,0x20e3,0x3165,0x10c2,0x0000,0x2124,0x4a69,0x31a6,0x1061,0x0841,0x0020,0x0840,0x18a1,0x1061,0xc3a5,
0x8202,0x6a66,0x59e4,0x59e4,0x59c4,0x2080,0x3902,0x5183,0x28c1,0x5183,0x1881,0x0020,0x30e2,0x1861,0x20a1,0x30e2,
0x18a1,0x20a1,0x2081,0x1861,0x28c1,0x1840,0x2080,0x3902,0x30a1,0x38c1,0x38a1,0x3081,0x30e2,0x28c2,0x3003,0xfce0,
0xffe0,0xe221,0x0004,0x28c3,0x28c2,0x20a1,0x30e2,0x4163,0x4122,0x61e5,0x3102,0x0000,0x2081,0x3102,0x1061,0x2080,
0xa1c0,0x8a82,0x0000,0x0020,0x0841,0x1061,0x1061,0x18a2,0x20e3,0x3165,0x10a2,0x0000,0x2124,0x4a69,0x31a6,0x1061,
0x0841,0x0020,0x0820,0x1881,0x1061,0x8ac4,0x9284,0x7245,0x4983,0x51a4,0x51a3,0x51a3,0x59c4,0x20a1,0x2080,0x3101,
0x61a3,0x3902,0x28c2,0x0020,0x20c2,0x4163,0x28c2,0x3102,0x1020,0x1020,0x30c1,0x30c1,0x30e1,0x30c1,0x3880,0x30a0,
0x4102,0x38e2,0x30c2,0x0083,0x78a3,0xbac0,0xe380,0x5063,0x08a3,0x1862,0x3103,0x4943,0x59a4,0x3902,0x30e1,0x59a4,
0x3122,0x1881,0x1860,0x30e2,0x1061,0x30c1,0x81e2,0x59a2,0x0000,0x0020,0x0841,0x1061,0x1061,0x18a2,0x20e2,0x3165,
0x10a2,0x0000,0x2124,0x4a69,0x31a6,0x1061,0x0841,0x0020,0x0820,0x1881,0x20c1,0x79a2,0x8202,0x5a25,0x51a3,0x6a45,
0x51c3,0x30e2,0x4143,0x6204,0x3102,0x71e3,0x28a1,0x1040,0x3903,0x3923,0x3103,0x1881,0x1041,0x20a2,0x28a1,0x20a1,
0x30e2,0x2060,0x2081,0x4122,0x38a1,0x40e2,0x38c1,0x30c1,0x4922,0x2043,0xa881,0xffe0,0xfe00,0x5003,0x18e3,0x30e3,
0x28c2,0x20a1,0x3902,0x59c4,0x5183,0x7205,0x0000,0x0000,0x28a1,0x28e2,0x28e2,0x1060,0x8140,0x5901,0x0041,0x0020,
0x0841,0x1061,0x1061,0x18a2,0x20e2,0x2965,0x10a2,0x0000,0x2104,0x4a69,0x3186,0x0861,0x0041,0x0020,0x0820,0x1881,
0x1061,0xb384,0x8202,0x6245,0x4983,0x49a3,0x59e4,0x3943,0x4984,0x6204,0x4963,0x79e4,0x5922,0x28a2,0x4964,0x3103,
0x3103,0x30e3,0x18a2,0x3103,0x30e2,0x28e2,0x3903,0x28c2,0x30e2,0x4123,0x40c1,0x4922,0x6942,0x8942,0xa1a2,0xfa60,
0xec80,0xf7a0,0xfbe0,0xa8e3,0x9985,0x6985,0x5185,0x61a4,0x61c5,0x6a26,0x8246,0x4984,0x0000,0x0800,0x2081,0x20a1,
0x2903,0x1880,0x99c0,0x92a3,0x0000,0x0020,0x0861,0x1061,0x1061,0x18a2,0x20e3,0x2965,0x10a2,0x0000,0x2104,0x4a69,
0x31a6,0x1061,0x0041,0x0020,0x0820,0x1881,0x1061,0x82c4,0x9284,0x51c4,0x3922,0x28c1,0x59c4,0x5183,0x59c4,0x2081,
0x1860,0x20e1,0x5183,0x5943,0x30e2,0x0000,0x0820,0x4123,0x30e2,0x3902,0x1020,0x1020,0x30c2,0x38e2,0x30e2,0x30c1,
0x48a0,0x3080,0x4922,0x3902,0x08c3,0x5003,0xffa0,0xa260,0x8841,0x1103,0x0041,0x0041,0x3103,0x4963,0x61e4,0x3902,
0x61c4,0x0841,0x20a2,0x20a1,0x1881,0x1861,0x3144,0x28e1,0x81e2,0x61a2,0x0000,0x0020,0x1061,0x1061,0x1061,0x18a2,
0x2903,0x3165,0x1082,0x0820,0x2124,0x4a49,0x31a6,0x1061,0x0041,0x0020,0x0840,0x1881,0x20e1,0x7982,0x8202,0x51e5,
0x59c4,0x4142,0x59c4,0x1880,0x30e1,0x5183,0x30e1,0x5983,0x5922,0x1040,0x30e2,0x2081,0x28c2,0x1861,0x0820,0x2081,
0x28a1,0x28a1,0x30c1,0x1840,0x2060,0x4922,0x40c1,0x40e1,0x38c1,0x38a2,0x20c4,0xc121,0xe5e0,0xfdc0,0x4003,0x20e3,
0x28c2,0x28c2,0x20c2,0x1861,0x28a1,0x6205,0x6a05,0x20a1,0x0000,0x0820,0x20a1,0x20a1,0x3943,0x0880,0x7140,0x5101,
0x0041,0x0020,0x1061,0x1061,0x1061,0x18a2,0x2103,0x2965,0x10a3,0x0000,0x2104,0x4a49,0x3186,0x0861,0x0041,0x0020,
0x0820,0x1881,0x0841,0xbb64,0x8203,0x6205,0x5183,0x3102,0x59c4,0x1861,0x30e1,0x5183,0x28c1,0x69c4,0x5101,0x0020,
0x30e2,0x1861,0x28a1,0x2081,0x0820,0x20a1,0x20a1,0x2081,0x30c2,0x1840,0x2081,0x4922,0x48c0,0x4101,0x40c1,0x30c2,
0x3003,0xfb80,0xe5e0,0xf280,0x0804,0x28e3,0x20a2,0x28c2,0x28e2,0x1861,0x2081,0x7266,0x20a1,0x28c2,0x0820,0x1040,
0x1881,0x2081,0x3103,0x18a0,0x99c0,0x92a2,0x0000,0x0020,0x0861,0x1061,0x1061,0x18a2,0x20e2,0x2965,0x18a2,0x0000,
0x2104,0x4a49,0x3186,0x0861,0x0041,0x0020,0x0820,0x1881,0x0841,0x82e4,0x9284,0x51c4,0x3102,0x1860,0x59c4,0x51a3,
0x59c4,0x28a1,0x20a1,0x59a3,0x59a3,0x3902,0x28c2,0x0000,0x0820,0x4143,0x3102,0x3923,0x1020,0x1020,0x30e2,0x3902,
0x3902,0x30c1,0x50a0,0x38a1,0x4943,0x3923,0x7003,0xfea0,0xffe0,0x6822,0x3924,0x3923,0x1041,0x1041,0x3103,0x4963,
0x7a45,0x7246,0x0000,0x1061,0x20c2,0x30e2,0x1060,0x1861,0x3944,0x28e1,0x81e2,0x5182,0x0000,0x0020,0x1061,0x1061,
0x1061,0x18a2,0x20e2,0x3165,0x10c3,0x0000,0x2104,0x4a49,0x3186,0x0861,0x0041,0x0020,0x0820,0x1881,0x20c1,0x7161,
0x79e2,0x5204,0x5183,0x3101,0x51a3,0x3102,0x30e1,0x5183,0x51a3,0x61c4,0x0840,0x0020,0x30e2,0x2081,0x28c1,0x2081,
0x0820,0x20a1,0x28a1,0x28a1,0x30e2,0x2060,0x2081,0x4923,0x58e0,0x4902,0x40e2,0x18a3,0x88e2,0xff00,0xeca0,0x4803,
0x00a3,0x30c2,0x28a2,0x28c2,0x20c2,0x0020,0x7225,0x6a05,0x1040,0x20a2,0x0840,0x1881,0x1881,0x28c1,0x3943,0x0880,
0x7140,0x48e1,0x0000,0x0020,0x1061,0x1061,0x1061,0x18a2,0x20c2,0x3165,0x10c3,0x0000,0x2104,0x4229,0x3186,0x0841,
0x0041,0x0020,0x0820,0x1881,0x0821,0xb344,0x8a02,0x5205,0x4162,0x3101,0x4963,0x4143,0x20c1,0x6205,0x4143,0x4963,
0x1060,0x0020,0x30e2,0x1861,0x28a1,0x2081,0x0820,0x20a1,0x28a1,0x28a1,0x30e2,0x2060,0x2081,0x4922,0x60e0,0x4902,
0x38e2,0x2044,0xc1c0,0xfe20,0xe2e0,0x1004,0x1882,0x28c2,0x20a1,0x20a2,0x20c2,0x1861,0x7246,0x3942,0x1040,0x20a2,
0x1881,0x1040,0x1061,0x28c1,0x3123,0x20a0,0x99e1,0x92c2,0x0000,0x0020,0x1061,0x1061,0x1061,0x18a2,0x20c2,0x2965,
0x10c3,0x0000,0x2104,0x4228,0x3186,0x0841,0x0041,0x0000,0x0020,0x1881,0x0841,0x8ae4,0x8a43,0x51c4,0x3922,0x1860,
0x4983,0x59e4,0x61e4,0x4983,0x2080,0x30e1,0x5183,0x38e2,0x30c2,0x0800,0x0820,0x4123,0x30e2,0x4123,0x1040,0x1020,
0x30e2,0x3902,0x3902,0x30c1,0x68c0,0x38c1,0x5143,0x4003,0xfdc0,0xffe0,0xc841,0x3124,0x3903,0x3903,0x1040,0x1040,
0x3103,0x6a05,0x7a66,0x1040,0x0000,0x0840,0x3923,0x20a1,0x1061,0x28c2,0x3944,0x30e1,0x81e2,0x59a2,0x0000,0x0020,
0x0861,0x1061,0x1061,0x1882,0x20c2,0x2965,0x18c3,0x0000,0x2104,0x4228,0x2986,0x0841,0x0041,0x0000,0x0820,0x1860,
0x20c1,0x6161,0x79c1,0x59c4,0x4983,0x3902,0x4122,0x28e1,0x59c4,0x51a3,0x30e1,0x4963,0x1861,0x0820,0x30c2,0x2081,
0x28a1,0x2081,0x0820,0x20a1,0x28a1,0x28a1,0x38e2,0x2060,0x2081,0x5142,0x7100,0x4102,0x18c3,0xa862,0xdc80,0xfd80,
0x6803,0x08a3,0x1861,0x28a1,0x20a1,0x20a2,0x3123,0x4163,0x30e1,0x4942,0x0840,0x28e2,0x20c2,0x0000,0x1881,0x3923,
0x3143,0x1880,0x7160,0x40e1,0x0020,0x0020,0x0861,0x1061,0x1061,0x18a2,0x20c2,0x2965,0x10c3,0x0000,0x1904,0x4228,
0x2965,0x0841,0x0041,0x0000,0x0820,0x1860,0x0021,0xab24,0x81e1,0x61c3,0x4983,0x3902,0x3922,0x28c1,0x51a4,0x51a3,
0x30e1,0x4963,0x1040,0x0820,0x30c2,0x1861,0x28a1,0x2081,0x0820,0x28a1,0x28a1,0x2881,0x38e2,0x2060,0x2081,0x5922,
0x8100,0x3902,0x2023,0xfb20,0xdd60,0xf380,0x3044,0x20c3,0x1841,0x28a1,0x2081,0x1881,0x51a5,0x28c1,0x30e1,0x3902,
0x0820,0x3123,0x0020,0x0000,0x1881,0x3943,0x20c2,0x2880,0x99e1,0x8ac2,0x0000,0x0020,0x0861,0x1061,0x1061,0x18a2,
0x20e2,0x3165,0x18c3,0x0000,0x18e3,0x4208,0x2965,0x0841,0x0020,0x0000,0x0820,0x1060,0x0820,0x82e4,0x8a23,0x4983,
0x51c4,0x2080,0x4142,0x59c4,0x6204,0x20a1,0x2080,0x30e1,0x5163,0x30e2,0x28c2,0x0800,0x0820,0x4123,0x30e2,0x4123,
0x1040,0x1020,0x38e2,0x4102,0x4122,0x48e1,0x9920,0x28c2,0x58e3,0xc220,0xee40,0xe1e1,0x0044,0x4964,0x3102,0x3923,
0x0820,0x2082,0x51c5,0x3923,0x61e4,0x0040,0x0800,0x3103,0x20c2,0x1881,0x3102,0x4144,0x0820,0x4102,0x9222,0x59c2,
0x0000,0x0020,0x0841,0x1061,0x1061,0x1881,0x20e3,0x3165,0x10c3,0x0000,0x18e3,0x4208,0x2965,0x0841,0x0040,0x0000,
0x0020,0x1060,0x10a1,0x6161,0x79a1,0x4962,0x59e5,0x4163,0x4142,0x4142,0x3102,0x59a3,0x28c1,0x4942,0x1861,0x0820,
0x30c2,0x2081,0x28a1,0x2081,0x0820,0x20a1,0x28a1,0x28a1,0x38e2,0x2060,0x1881,0x6122,0xa140,0x3903,0x8822,0xffe0,
0xdc20,0x7002,0x2904,0x20a2,0x1041,0x28a1,0x28a1,0x49a5,0x28e2,0x1040,0x30e1,0x28c2,0x20a1,0x3103,0x0000,0x0000,
0x3922,0x3923,0x1061,0x2880,0x7980,0x40c1,0x0000,0x0020,0x0841,0x1061,0x1061,0x1881,0x20e3,0x2965,0x18c3,0x0000,
0x18e3,0x3a08,0x2945,0x0841,0x0040,0x0020,0x0020,0x1060,0x0041,0xaae3,0x79a1,0x3942,0x49a4,0x51c4,0x4963,0x28c1,
0x28c1,0x59c4,0x3102,0x4162,0x1040,0x0820,0x28c2,0x1861,0x28a1,0x2081,0x0820,0x20a1,0x28a1,0x28a1,0x38e2,0x2060,
0x0881,0x7942,0xc980,0x40a3,0xda21,0xff40,0xdb40,0x1803,0x3903,0x28a2,0x1040,0x20a1,0x4143,0x3103,0x28c2,0x1040,
0x28a1,0x28c2,0x28e2,0x20c2,0x0000,0x1860,0x3922,0x18a1,0x0840,0x2081,0x91c1,0x92c3,0x0000,0x0020,0x0861,0x1061,
0x1061,0x18a2,0x20e3,0x2965,0x10c3,0x0020,0x18e3,0x39e7,0x2965,0x0841,0x0040,0x0020,0x0020,0x1860,0x0841,0x8ac4,
0x8223,0x3922,0x3122,0x51c4,0x59c4,0x3922,0x4963,0x3902,0x30e2,0x30c1,0x4942,0x30e2,0x28c2,0x0800,0x0820,0x4122,
0x30e2,0x4122,0x1020,0x1020,0x38e2,0x4102,0x3122,0x88e0,0xd9c0,0x3002,0xc2c0,0xcc20,0xb1a1,0x1043,0x2082,0x4964,
0x3102,0x4984,0x3103,0x0820,0x3923,0x4143,0x4983,0x20a2,0x1061,0x0840,0x30e2,0x3102,0x3943,0x0000,0x0000,0x4942,
0x8a22,0x6203,0x0000,0x0020,0x1061,0x1061,0x1061,0x18a2,0x20e3,0x2965,0x10c3,0x0020,0x18e3,0x39e7,0x2945,0x0841,
0x0040,0x0020,0x0020,0x1060,0x18a1,0x6161,0x79a1,0x5962,0x3102,0x51c4,0x51a3,0x1860,0x30e1,0x4142,0x4163,0x4943,
0x1060,0x0820,0x28c2,0x2061,0x28a1,0x2081,0x0820,0x28a1,0x30a1,0x28a1,0x38e2,0x2060,0x0881,0x8921,0xb1a0,0x3802,
0xfe80,0xffa0,0x78c3,0x18c3,0x3903,0x2081,0x1040,0x5164,0x20c2,0x28a2,0x28e3,0x1040,0x1881,0x4143,0x1040,0x20c2,
0x20a1,0x3943,0x3123,0x0820,0x1061,0x28a1,0x7161,0x40e1,0x0041,0x0020,0x1061,0x1061,0x1061,0x18a2,0x20e3,0x2965,
0x10c3,0x0020,0x18e3,0x39e7,0x2945,0x0841,0x0020,0x0020,0x0020,0x1060,0x0861,0x9a83,0x81a1,0x5942,0x20c1,0x4142,
0x59c4,0x28e1,0x28a1,0x4942,0x28e1,0x5183,0x0820,0x0000,0x28a1,0x1881,0x28a1,0x2081,0x0820,0x28a1,0x28c1,0x28a1,
0x38e2,0x2060,0x0081,0x9121,0xb9a0,0x6841,0xffe0,0xfd80,0x6023,0x18c2,0x30e2,0x1861,0x30c2,0x3923,0x1881,0x28a2,
0x30e2,0x0820,0x3902,0x28e2,0x0840,0x3102,0x3923,0x3123,0x20a1,0x0840,0x1061,0x2880,0x91c0,0x8aa3,0x0000,0x0020,
0x0861,0x1061,0x1061,0x18a2,0x20e2,0x3165,0x10c3,0x0000,0x18c3,0x39c7,0x2145,0x0841,0x0020,0x0020,0x0020,0x1060,
0x0841,0x82c4,0x7a03,0x3102,0x1860,0x28c1,0x4983,0x51c4,0x4963,0x2080,0x1860,0x3922,0x4942,0x28c2,0x28a1,0x0000,
0x0820,0x4922,0x30e2,0x4122,0x0840,0x1020,0x30e2,0x4102,0x2902,0xa0e0,0xd920,0xcc00,0xc3e0,0xc9c0,0x1863,0x1862,
0x0841,0x59a4,0x5184,0x4143,0x0800,0x0800,0x3923,0x4163,0x61c5,0x0020,0x0000,0x30e2,0x4184,0x3102,0x1061,0x0000,
0x0000,0x4122,0x8a23,0x6223,0x0000,0x0020,0x0861,0x1061,0x1061,0x18a2,0x20e3,0x3165,0x10c3,0x0000,0x18c3,0x39c7,
0x2124,0x0840,0x0020,0x0000,0x0020,0x1060,0x1081,0x6161,0x71a1,0x5942,0x28e1,0x3942,0x3902,0x3943,0x51a4,0x4122,
0x28a1,0x3922,0x30e2,0x0820,0x28a2,0x1861,0x28a1,0x2081,0x0820,0x28a1,0x28a1,0x2881,0x38e2,0x2060,0x08a1,0x8121,
0xd920,0xbb80,0xf760,0x9821,0x30e3,0x28a2,0x30e2,0x5163,0x0020,0x20a1,0x20a1,0x28a2,0x3103,0x3923,0x1041,0x20a1,
0x28c1,0x4164,0x18a2,0x0000,0x1881,0x0840,0x1061,0x20a1,0x7160,0x4901,0x0041,0x0020,0x0841,0x1061,0x1061,0x1881,
0x20c2,0x2945,0x18c3,0x0000,0x18c3,0x31c7,0x2124,0x0020,0x0020,0x0000,0x0020,0x1060,0x0861,0x9243,0x6961,0x4921,
0x3102,0x3922,0x30e1,0x20a1,0x4163,0x51a3,0x28c1,0x3922,0x1881,0x1861,0x20a1,0x1861,0x28a1,0x2061,0x0800,0x2081,
0x28a1,0x2081,0x38e2,0x2061,0x0082,0x80a1,0xea00,0xbc80,0xfdc0,0x3803,0x28e3,0x2881,0x5963,0x1881,0x0800,0x20a1,
0x20a1,0x20a1,0x4164,0x0840,0x0820,0x3923,0x3123,0x3963,0x0000,0x0000,0x1881,0x0860,0x1061,0x2081,0x89c0,0x8283,
0x0000,0x0020,0x0841,0x1061,0x1041,0x1881,0x20c2,0x2945,0x18c3,0x0000,0x18c3,0x31a6,0x2124,0x0040,0x0020,0x0000,
0x0020,0x1060,0x0840,0x7a43,0x69c2,0x3101,0x20a1,0x2081,0x3902,0x30e1,0x4142,0x4143,0x3102,0x28a1,0x30e2,0x28c2,
0x30c2,0x0000,0x0820,0x4102,0x30c1,0x4102,0x0820,0x0820,0x30c1,0x4102,0x2902,0x9800,0xfd00,0xef40,0x88c0,0x4903,
0x30c2,0x40c2,0x28a1,0x4922,0x30e2,0x4122,0x0800,0x20a2,0x4164,0x30e2,0x4143,0x3923,0x18a2,0x1061,0x28c2,0x20a1,
0x1881,0x0000,0x0000,0x3902,0x8a22,0x59e2,0x0000,0x0020,0x0841,0x1061,0x1041,0x1881,0x20c2,0x2945,0x18e3,0x0000,
0x10c2,0x31a6,0x2104,0x0020,0x0020,0x0000,0x0000,0x1040,0x1060,0x5141,0x6181,0x4922,0x3102,0x28c1,0x30e1,0x1860,
0x20a1,0x4122,0x4163,0x4963,0x0840,0x0000,0x30e2,0x20a1,0x2081,0x1861,0x0020,0x2081,0x2881,0x2081,0x30c1,0x2061,
0x08a2,0x8881,0xe5c0,0xbc00,0xa0e1,0x0863,0x5943,0x5102,0x28a1,0x1881,0x0820,0x2081,0x3102,0x3923,0x28e2,0x28e2,
0x3123,0x3923,0x1060,0x20a1,0x0020,0x0000,0x1881,0x0840,0x1061,0x20a1,0x6961,0x48e1,0x0040,0x0020,0x0840,0x1061,
0x1061,0x1881,0x20c2,0x2945,0x18c3,0x0000,0x18c3,0x3186,0x2104,0x0041,0x0020,0x0000,0x0000,0x1040,0x0841,0x7a23,
0x6141,0x3901,0x3943,0x30e2,0x30c1,0x1840,0x2081,0x3902,0x20a1,0x4943,0x30e2,0x0820,0x1861,0x20a1,0x30c2,0x1840,
0x0000,0x2060,0x2881,0x2061,0x38c1,0x1861,0x0842,0x88e1,0xde00,0xb340,0x3022,0x48c3,0x7923,0x0040,0x30a1,0x1860,
0x0000,0x38e1,0x28c2,0x28c2,0x4164,0x2903,0x18a2,0x28c1,0x1061,0x20c2,0x0000,0x0000,0x1881,0x1060,0x1081,0x2080,
0x81a0,0x7222,0x0000,0x0020,0x0841,0x1061,0x1061,0x1881,0x20c2,0x2945,0x10c3,0x0000,0x10a2,0x3186,0x2104,0x0020,
0x0020,0x0000,0x0000,0x1040,0x0020,0x7a23,0x6182,0x3102,0x28c1,0x1040,0x30e2,0x28c1,0x3102,0x2060,0x1040,0x2081,
0x3902,0x28e2,0x28a2,0x0000,0x0840,0x4102,0x28a1,0x38c1,0x0820,0x0000,0x30a1,0x38e2,0x2822,0xd240,0xde20,0xdb80,
0x4802,0x9142,0x18a1,0x0000,0x0020,0x5122,0x4902,0x5142,0x1881,0x3103,0x4964,0x3102,0x30e2,0x0820,0x0000,0x1040,
0x28c2,0x20a1,0x1881,0x0000,0x0000,0x3102,0x81e2,0x51c2,0x0000,0x0020,0x0841,0x1061,0x0861,0x1081,0x20c3,0x2945,
0x10c3,0x0000,0x10a2,0x2965,0x18e3,0x0020,0x0020,0x0000,0x0000,0x0840,0x0840,0x4921,0x5141,0x4102,0x3102,0x2081,
0x28c1,0x1860,0x20a1,0x30e1,0x2081,0x28a1,0x0820,0x0020,0x28c2,0x28e2,0x20a1,0x2081,0x1861,0x2881,0x2060,0x1040,
0x2881,0x1061,0x1802,0xb320,0xcd80,0xa0e0,0x70c2,0x0041,0x30a1,0x0840,0x38a1,0x38e1,0x30a1,0x4922,0x4943,0x3102,
0x30e2,0x0000,0x0820,0x1881,0x0840,0x20a1,0x0020,0x0020,0x1881,0x0840,0x1061,0x28a1,0x6140,0x4901,0x0041,0x0020,
0x0841,0x1061,0x1041,0x1881,0x20c2,0x2944,0x10c3,0x0000,0x10a2,0x2965,0x18e3,0x0020,0x0000,0x0000,0x0000,0x0840,
0x0840,0x71e2,0x5120,0x38e1,0x3922,0x28c1,0x28a1,0x1040,0x1860,0x30e2,0x2081,0x30e1,0x0000,0x0000,0x1041,0x1061,
0x20a1,0x28a1,0x1861,0x2881,0x38c1,0x30a1,0x38a1,0x0021,0x6861,0xc400,0xe540,0x6001,0x0061,0x1040,0x48c1,0x50e1,
0x5101,0x4102,0x28a1,0x30c1,0x2081,0x20a1,0x20a1,0x0000,0x0000,0x20a1,0x1061,0x20c2,0x0000,0x0000,0x1881,0x1061,
0x1081,0x1060,0x91c1,0x69e2,0x0000,0x0020,0x0841,0x1061,0x1061,0x1881,0x20c2,0x2944,0x10c3,0x0000,0x10a2,0x2965,
0x18e3,0x0020,0x0020,0x0000,0x0000,0x0840,0x0020,0x61e3,0x5141,0x28c1,0x20a1,0x20a1,0x3922,0x30e2,0x3902,0x28c1,
0x2081,0x28a1,0x28c1,0x1861,0x1881,0x0820,0x0840,0x30c1,0x28c1,0x30c2,0x1881,0x28a1,0x48e1,0x70e1,0x6900,0xb540,
0xab80,0x5000,0x6901,0x7141,0x48e1,0x28a1,0x1881,0x5922,0x40e1,0x4922,0x1881,0x18a2,0x4143,0x30e2,0x3902,0x20c2,
0x20a2,0x28e2,0x3102,0x30e2,0x30e2,0x20a1,0x1060,0x28c1,0x8a02,0x59e2,0x0000,0x0020,0x0841,0x1061,0x0841,0x1081,
0x20c2,0x2924,0x10c3,0x0000,0x1082,0x2945,0x18e3,0x0020,0x0020,0x0000,0x0000,0x0840,0x0840,0x20a0,0x4920,0x30c1,
0x1860,0x2081,0x20c1,0x1040,0x20a1,0x30c1,0x1881,0x20a1,0x0820,0x0000,0x1881,0x0840,0x1061,0x0840,0x0000,0x1040,
0x1040,0x0840,0x1881,0x0020,0x6000,0x81e1,0x92e1,0x9321,0x0000,0x0000,0x2081,0x1040,0x2060,0x1060,0x0020,0x1881,
0x1881,0x2081,0x30e2,0x0000,0x0020,0x1881,0x1061,0x20a1,0x0020,0x0000,0x1881,0x0840,0x1040,0x1881,0x6960,0x30a1,
0x0041,0x0000,0x0841,0x1061,0x0841,0x1081,0x20c2,0x2924,0x10c3,0x0000,0x1082,0x2945,0x18c3,0x0020,0x0020,0x0000,
0x0000,0x0820,0x0040,0x71e2,0x5100,0x20a1,0x20a1,0x20a1,0x2081,0x0820,0x1040,0x28c1,0x1881,0x28c1,0x0000,0x0000,
0x0841,0x0840,0x1061,0x0820,0x0000,0x0820,0x1040,0x1040,0x1040,0x0000,0xb402,0xc382,0x8281,0xb382,0xcc62,0x0000,
0x1861,0x1040,0x1861,0x0840,0x0000,0x1860,0x2081,0x2081,0x1881,0x0000,0x0000,0x20a1,0x1061,0x20a2,0x0000,0x0000,
0x1861,0x1060,0x1061,0x0840,0x91e1,0x7a83,0x0000,0x0000,0x0840,0x1041,0x1041,0x1081,0x18c2,0x2924,0x10c3,0x0000,
0x1082,0x2124,0x18a3,0x0020,0x0020,0x0000,0x0000,0x0820,0x0000,0x69e2,0x4921,0x2081,0x0800,0x0820,0x20a1,0x1860,
0x2081,0x1040,0x0800,0x1040,0x1861,0x0820,0x0840,0x0000,0x0000,0x1881,0x1040,0x1861,0x0000,0x0000,0x0000,0x69c1,
0x9b42,0x1840,0x0800,0x0000,0xab42,0x9b22,0x0000,0x0000,0x0000,0x28a1,0x2081,0x28a1,0x0000,0x0000,0x20a1,0x1881,
0x20a1,0x0020,0x0000,0x0820,0x1881,0x1060,0x1061,0x0000,0x0000,0x20a1,0x8201,0x5223,0x0000,0x0000,0x0840,0x0861,
0x0841,0x1081,0x18a2,0x2924,0x10c3,0x0000,0x1082,0x2124,0x18a3,0x0020,0x0020,0x0000,0x0000,0x0820,0x0000,0x5982,
0x5162,0x28a1,0x1040,0x1040,0x28c1,0x1060,0x20a1,0x20a1,0x0840,0x1881,0x1061,0x0840,0x20a2,0x0020,0x1041,0x1881,
0x0840,0x1861,0x1040,0x0820,0x0001,0x8ae2,0x9b02,0x0000,0x1040,0x0000,0x7a62,0xac24,0x0821,0x0840,0x2081,0x20a1,
0x1041,0x20a2,0x1061,0x0840,0x3903,0x0841,0x1081,0x1881,0x0020,0x20a1,0x1061,0x0840,0x18a1,0x0020,0x0820,0x1881,
0x9a22,0x4942,0x0000,0x0000,0x0840,0x1061,0x0841,0x1081,0x18a2,0x2124,0x10c3,0x0000,0x0882,0x2104,0x10a2,0x0020,
0x0020,0x0000,0x0000,0x0820,0x0820,0x30e2,0x20a1,0x3102,0x3943,0x3943,0x3943,0x3943,0x3963,0x4163,0x4163,0x3943,
0x3103,0x28e3,0x2903,0x3124,0x3123,0x3103,0x3103,0x28e2,0x28e2,0x28c2,0x1082,0x7282,0xa364,0x0000,0x0000,0x0000,
0x9b44,0x72c4,0x28c2,0x4143,0x4163,0x4164,0x4984,0x4984,0x49a4,0x49a5,0x41a5,0x4184,0x4184,0x3964,0x3964,0x3964,
0x3144,0x3943,0x3123,0x3123,0x3123,0x3123,0x2944,0x3964,0x0000,0x0000,0x0840,0x1041,0x1041,0x1061,0x18a2,0x2104,
0x18c3,0x0000,0x0861,0x2104,0x1082,0x0020,0x0000,0x0000,0x0000,0x0820,0x0820,0x20a1,0x20a1,0x28e2,0x3123,0x3123,
0x3123,0x3123,0x3943,0x3943,0x3943,0x3943,0x2903,0x20e3,0x28e3,0x2923,0x2903,0x2903,0x2903,0x28e2,0x28e2,0x20c2,
0x20c2,0x0801,0x9b43,0x92e3,0x4921,0x7a42,0x8ae4,0x1082,0x3102,0x3923,0x3943,0x3963,0x4164,0x4164,0x4184,0x4185,
0x41a5,0x4185,0x3964,0x3964,0x3964,0x3964,0x3964,0x3143,0x3143,0x3143,0x3143,0x3144,0x3964,0x4184,0x0000,0x0000,
0x0840,0x1061,0x0841,0x1081,0x18a2,0x2104,0x10c3,0x0000,0x0861,0x18e3,0x1082,0x0000,0x0000,0x0000,0x0000,0x0000,
0x0000,0x1881,0x1881,0x20c2,0x2902,0x2902,0x3103,0x3123,0x3923,0x3943,0x3943,0x3943,0x2903,0x20e3,0x2903,0x2923,
0x2903,0x28e3,0x28e3,0x28e2,0x28e2,0x28e2,0x28e2,0x20a2,0x0021,0x3962,0x7202,0x4162,0x1082,0x3102,0x3923,0x3943,
0x3943,0x4164,0x4184,0x4184,0x4984,0x49a5,0x49c5,0x49a5,0x49a5,0x49a5,0x4184,0x3984,0x3964,0x3964,0x4184,0x3964,
0x3964,0x3964,0x3984,0x3144,0x0000,0x0000,0x0020,0x0841,0x0040,0x0861,0x18a2,0x2104,0x10c3,0x0000,0x0861,0x18e3,
0x1082,0x0840,0x0820,0x0020,0x0820,0x1060,0x1860,0x20a1,0x20c2,0x3102,0x3902,0x3102,0x3922,0x3922,0x4163,0x4163,
0x4163,0x4143,0x3102,0x28e2,0x3103,0x3103,0x3123,0x3923,0x3922,0x30e2,0x30e2,0x28c1,0x28c1,0x28c1,0x28c1,0x1861,
0x1040,0x2081,0x38e2,0x4122,0x4122,0x4963,0x4963,0x5183,0x5183,0x4983,0x5184,0x61e5,0x59e5,0x61c4,0x6205,0x61e5,
0x59e5,0x51e5,0x49a4,0x51a4,0x4984,0x49a4,0x49a4,0x49c4,0x51c4,0x49a4,0x1081,0x28c2,0x30e2,0x3923,0x3123,0x3102,
0x20c2,0x2103,0x18c3,0x0000,0x0861,0x18c3,0x1082,0x0820,0x0000,0x0000,0x0820,0x1060,0x1040,0x20a1,0x8b65,0x7b25,
0x7b26,0x7b67,0x6a64,0x3080,0x1860,0x0820,0x1860,0x0820,0x0840,0x0820,0x0820,0x0020,0x18a1,0x3121,0x4142,0x1040,
0x0000,0x0000,0x0000,0x0820,0x0820,0x0820,0x0820,0x0000,0x0020,0x0000,0x0000,0x0000,0x0000,0x0020,0x0020,0x0000,
0x0000,0x0840,0x0000,0x0040,0x0820,0x1040,0x1880,0x28c1,0x1881,0x1040,0x0000,0x1881,0xabe8,0x8a85,0x92a5,0x9306,
0x0882,0x28e1,0x20c2,0x2902,0x2902,0x20c2,0x18a2,0x20e3,0x10c3,0x0000,0x0861,0x18c3,0x0882,0x0000,0x0000,0x0000,
0x0000,0x0820,0x0000,0x51a2,0x6202,0x62a4,0x6ae6,0x7b47,0x2020,0x0000,0x0800,0x0800,0x0800,0x0000,0x0000,0x0000,
0x0000,0x0020,0x0000,0x0000,0x0000,0x0000,0x0000,0x0000,0x0000,0x0000,0x0000,0x0000,0x0000,0x0000,0x0000,0x0000,
0x0000,0x0000,0x0000,0x0000,0x0000,0x0000,0x0000,0x0020,0x0020,0x0000,0x0820,0x1040,0x1040,0x1060,0x1040,0x1040,
0x1020,0x0000,0x5a04,0xb346,0x7a65,0x8a65,0x3184,0x0000,0x0841,0x1061,0x1081,0x1061,0x1061,0x20e3,0x10a2,0x0000,
0x0861,0x18c3,0x0861,0x0000,0x0000,0x0000,0x0000,0x0000,0x0000,0x6242,0x5a02,0x5a22,0x6b06,0x5a04,0x0000,0x0800,
0x0820,0x0820,0x0820,0x0820,0x0000,0x0000,0x0000,0x0020,0x0020,0x0000,0x0000,0x0000,0x0000,0x0000,0x0000,0x0000,
0x0000,0x0000,0x0000,0x0000,0x0000,0x0000,0x0000,0x0000,0x0000,0x0000,0x0000,0x0000,0x0000,0x0020,0x0020,0x0020,
0x0820,0x1040,0x1060,0x1060,0x1860,0x1860,0x1040,0x0000,0x0000,0x9b05,0x7224,0x8aa5,0x3183,0x0000,0x0861,0x1081,
0x1082,0x1081,0x1041,0x18c3,0x10a2,0x0000,0x0841,0x10a2,0x0861,0x0000,0x0000,0x0000,0x0000,0x0820,0x0000,0x5202,
0x6a63,0x5a63,0x6245,0x1840,0x0800,0x0820,0x0820,0x0820,0x0820,0x0820,0x0000,0x0000,0x0000,0x0020,0x0020,0x0000,
0x0000,0x0000,0x0000,0x0000,0x0000,0x0000,0x0000,0x0000,0x0000,0x0820,0x0000,0x0000,0x0000,0x0000,0x0000,0x0000,
0x0000,0x0000,0x0020,0x0020,0x0020,0x0020,0x0820,0x1040,0x1060,0x1860,0x1860,0x1860,0x0820,0x0820,0x0000,0x0000,
0x69e3,0x6a84,0x0000,0x0000,0x0841,0x1881,0x1081,0x1081,0x1081,0x18e3,0x10a2,0x0000,0x0841,0x10a2,0x0861,0x0020,
0x0000,0x0000,0x0000,0x0820,0x0800,0x0840,0x4141,0x30e1,0x1860,0x0000,0x0820,0x0820,0x0820,0x0820,0x0820,0x0000,
0x0000,0x0000,0x0000,0x0020,0x0020,0x0000,0x0000,0x0000,0x0000,0x0000,0x0000,0x0000,0x0000,0x0000,0x0000,0x0020,
0x0000,0x0000,0x0000,0x0000,0x0000,0x0020,0x0020,0x0020,0x0020,0x0020,0x0020,0x0020,0x0820,0x1040,0x1060,0x1060,
0x1860,0x1040,0x0820,0x0840,0x0000,0x0000,0x0000,0x0020,0x0020,0x0000,0x0841,0x1881,0x1882,0x1081,0x1081,0x18e3,
0x10a2,0x0000,0x0041,0x10a2,0x0861,0x0020,0x0000,0x0000,0x0000,0x0000,0x0820,0x0000,0x0000,0x0020,0x0820,0x0820,
0x0820,0x0820,0x0820,0x0820,0x0820,0x0000,0x0000,0x0000,0x0000,0x0000,0x0000,0x0000,0x0000,0x0000,0x0000,0x0000,
0x0000,0x0000,0x0000,0x0000,0x0000,0x0000,0x0000,0x0000,0x0000,0x0000,0x0000,0x0000,0x0000,0x0000,0x0020,0x0020,
0x0020,0x0020,0x0820,0x1040,0x1060,0x1860,0x1040,0x0000,0x1040,0x1040,0x0000,0x0800,0x0820,0x0841,0x0020,0x0000,
0x0841,0x1881,0x1081,0x1081,0x1061,0x18c3,0x10a2,0x0000,0x0020,0x1082,0x0841,0x0000,0x0000,0x0000,0x0000,0x0000,
0x0820,0x0000,0x0000,0x0000,0x0820,0x0820,0x0820,0x0820,0x0820,0x0820,0x0820,0x0000,0x0000,0x0000,0x0000,0x0000,
0x0000,0x0000,0x0000,0x0000,0x0000,0x0000,0x0000,0x0000,0x0000,0x0000,0x0000,0x0000,0x0000,0x0000,0x0000,0x0000,
0x0000,0x0000,0x0000,0x0000,0x0020,0x0020,0x0020,0x0020,0x0820,0x1040,0x1060,0x1060,0x0820,0x0820,0x1860,0x1020,
0x0000,0x0000,0x0820,0x0840,0x0020,0x0000,0x0841,0x1081,0x1081,0x1081,0x1061,0x18c3,0x10a2,0x0000,0x0020,0x1082,
0x0841,0x0000,0x0000,0x0000,0x0000,0x0000,0x0820,0x0000,0x0000,0x0000,0x0820,0x0820,0x0820,0x0820,0x0820,0x0820,
0x0820,0x0000,0x0000,0x0000,0x0000,0x0000,0x0000,0x0000,0x0000,0x0000,0x0000,0x0000,0x0000,0x0000,0x0000,0x0000,
0x0000,0x0000,0x0000,0x0000,0x0000,0x0000,0x0000,0x0000,0x0000,0x0000,0x0020,0x0020,0x0020,0x0020,0x0820,0x1040,
0x1040,0x0820,0x0820,0x1060,0x1060,0x1020,0x0000,0x0000,0x0820,0x0840,0x0020,0x0000,0x0841,0x1081,0x1081,0x1061,
0x1061,0x18c3,0x10a2,0x0000,0x0020,0x0882,0x0841,0x0000,0x0000,0x0000,0x0000,0x0000,0x0820,0x0000,0x0000,0x0000,
0x0020,0x0020,0x0820,0x0800,0x0800,0x0820,0x0800,0x0000,0x0000,0x0000,0x0000,0x0000,0x0000,0x0000,0x0000,0x0000,
0x0000,0x0000,0x0000,0x0000,0x0000,0x0000,0x0000,0x0020,0x0000,0x0000,0x0000,0x0000,0x0000,0x0000,0x0000,0x0020,
0x0020,0x0020,0x0020,0x0000,0x0020,0x0820,0x0820,0x0820,0x1040,0x1060,0x1060,0x0820,0x0000,0x0000,0x0820,0x0820,
0x0020,0x0000,0x0840,0x1081,0x1081,0x1061,0x1061,0x18a2,0x1082,0x0000,0x0020,0x0861,0x0041,0x0000,0x0000,0x0000,
0x0000,0x0000,0x0820,0x0000,0x0000,0x0000,0x0800,0x0800,0x0800,0x0800,0x0800,0x0820,0x0800,0x0000,0x0000,0x0000,
0x0000,0x0000,0x0000,0x0000,0x0000,0x0000,0x0000,0x0000,0x0000,0x0000,0x0000,0x0000,0x0000,0x0000,0x0000,0x0000,
0x0000,0x0000,0x0000,0x0000,0x0000,0x0000,0x0020,0x0020,0x0000,0x0000,0x0000,0x0820,0x1040,0x1060,0x1060,0x1060,
0x1060,0x0820,0x0000,0x0000,0x0820,0x0820,0x0020,0x0000,0x0840,0x1061,0x1081,0x1061,0x1061,0x18a2,0x1082,0x0000,
0x0020,0x0861,0x0040,0x0000,0x0000,0x0000,0x0000,0x0000,0x0820,0x0000,0x0000,0x0000,0x0800,0x0800,0x0800,0x0800,
0x0800,0x0800,0x0000,0x0000,0x0000,0x0000,0x0000,0x0000,0x0000,0x0000,0x0000,0x0000,0x0000,0x0000,0x0000,0x0000,
0x0000,0x0000,0x0000,0x0000,0x0000,0x0000,0x0000,0x0000,0x0000,0x0000,0x0000,0x0000,0x0000,0x0020,0x0020,0x0000,
0x0820,0x0840,0x1040,0x1060,0x1040,0x1040,0x1040,0x0820,0x0000,0x0000,0x0820,0x0020,0x0000,0x0000,0x0840,0x1061,
0x1061,0x1061,0x1041,0x18a2,0x1082,0x0000,0x0020,0x0861,0x0020,0x0000,0x0000,0x0000,0x0000,0x0000,0x0820,0x0000,
0x0000,0x0000,0x0800,0x0800,0x0800,0x0000,0x0000,0x0800,0x0000,0x0000,0x0000,0x0000,0x0000,0x0000,0x0000,0x0000,
0x0000,0x0000,0x0000,0x0000,0x0000,0x0000,0x0000,0x0000,0x0000,0x0000,0x0000,0x0000,0x0000,0x0000,0x0000,0x0000,
0x0000,0x0000,0x0000,0x0000,0x0020,0x0000,0x0020,0x0820,0x1040,0x1060,0x1040,0x1040,0x1040,0x0820,0x0000,0x0000,
0x0820,0x0020,0x0000,0x0000,0x0840,0x1061,0x1061,0x0861,0x0841,0x10a2,0x1082,0x0000,0x0020,0x0841,0x0020,0x0000,
0x0000,0x0000,0x0000,0x0000,0x0000,0x0000,0x0000,0x0000,0x0800,0x0000,0x0000,0x0000,0x0000,0x0000,0x0000,0x0000,
0x0000,0x0000,0x0000,0x0000,0x0000,0x0000,0x0000,0x0000,0x0000,0x0000,0x0000,0x0000,0x0000,0x0000,0x0000,0x0000,
0x0000,0x0000,0x0000,0x0000,0x0000,0x0000,0x0000,0x0000,0x0000,0x0000,0x0000,0x0000,0x0000,0x0000,0x0000,0x0820,
0x1040,0x1040,0x1040,0x0820,0x0000,0x0000,0x0820,0x0000,0x0000,0x0000,0x0820,0x1061,0x1061,0x0861,0x0841,0x1082,
0x0882,0x0000,0x0020,0x0841,0x0020,0x0000,0x0000,0x0000,0x0000,0x0000,0x0000,0x0000,0x0000,0x0000,0x0000,0x0000,
0x0000,0x0000,0x0000,0x0000,0x0000,0x0000,0x0000,0x0000,0x0000,0x0000,0x0000,0x0000,0x0000,0x0000,0x0000,0x0000,
0x0000,0x0000,0x0000,0x0000,0x0000,0x0000,0x0000,0x0000,0x0000,0x0000,0x0000,0x0000,0x0000,0x0000,0x0000,0x0000,
0x0000,0x0000,0x0000,0x0000,0x0000,0x0000,0x0000,0x0820,0x1020,0x0000,0x0000,0x0000,0x0820,0x0000,0x0000,0x0000,
0x0820,0x1061,0x1061,0x0841,0x0841,0x1082,0x0882,0x0000,0x0020,0x0041,0x0020,0x0000,0x0000,0x0000,0x0000,0x0000,
0x0000,0x0000,0x0000,0x0000,0x0000,0x0000,0x0000,0x0000,0x0000,0x0000,0x0000,0x0000,0x0000,0x0000,0x0000,0x0000,
0x0000,0x0000,0x0000,0x0000,0x0000,0x0000,0x0000,0x0000,0x0000,0x0000,0x0000,0x0000,0x0000,0x0000,0x0000,0x0000,
0x0000,0x0000,0x0000,0x0000,0x0000,0x0000,0x0000,0x0000,0x0000,0x0000,0x0000,0x0000,0x0000,0x0000,0x0000,0x0000,
0x0000,0x0000,0x0000,0x0000,0x0000,0x0000,0x0000,0x0020,0x0820,0x0020,0x0820,0x1061,0x0861,0x0000,0x0000,0x0020,
0x0000,0x0000,0x0000,0x0000,0x0000,0x0000,0x0000,0x0000,0x0000,0x0000,0x0000,0x0000,0x0000,0x0000,0x0000,0x0000,
0x0000,0x0000,0x0000,0x0000,0x0000,0x0000,0x0000,0x0000,0x0000,0x0000,0x0000,0x0000,0x0000,0x0000,0x0000,0x0820,
0x0000,0x0000,0x0000,0x0800,0x0000,0x0000,0x0000,0x0000,0x0000,0x0000,0x0000,0x0000,0x0000,0x0000,0x0000,0x0000,
0x0000,0x0000,0x0000,0x0000,0x0000,0x0000,0x0000,0x0000,0x0000,0x0000,0x0000,0x0000,0x0000,0x0000,0x0000,0x0000,
0x0000,0x0000,0x0000,0x0000,};

const uint16_t N80[9380]={
0x0000,0x0000,0x0000,0x0000,0x0000,0x0000,0x0000,0x0000,0x0000,0x0000,0x0000,0x0000,0x0000,0x0000,0x0000,0x0000,
0x0000,0x0000,0x0000,0x0000,0x0000,0x0000,0x0000,0x0000,0x0000,0x0000,0x0000,0x0000,0x0000,0x0000,0x0000,0x0000,
0x0000,0x0020,0x61e4,0x4184,0x0000,0x0000,0x0000,0x0000,0x0000,0x0000,0x0000,0x0000,0x0000,0x0000,0x0000,0x0000,
0x0000,0x0000,0x0000,0x0000,0x0000,0x0000,0x0000,0x0000,0x0000,0x0000,0x0000,0x0000,0x0000,0x0000,0x0000,0x0000,
0x0000,0x0000,0x0000,0x0000,0x0000,0x0000,0x0000,0x0000,0x0000,0x0000,0x0000,0x0000,0x0000,0x0000,0x0000,0x0000,
0x0000,0x0000,0x0000,0x0000,0x0000,0x0000,0x0000,0x0000,0x0000,0x0000,0x0000,0x0000,0x0000,0x0000,0x0000,0x0000,
0x0000,0x0000,0x0000,0x0000,0x0000,0x0000,0x0000,0x41a5,0x30e2,0x4164,0x3186,0x0000,0x0000,0x0000,0x0000,0x0000,
0x0000,0x0000,0x0000,0x0000,0x0000,0x0000,0x0000,0x0000,0x0000,0x0000,0x0000,0x0000,0x0000,0x0000,0x0000,0x0000,
0x0000,0x0000,0x0000,0x0000,0x0000,0x0000,0x0000,0x0000,0x0000,0x0000,0x0000,0x0000,0x0000,0x0000,0x0000,0x0000,
0x0000,0x0000,0x0000,0x0000,0x0000,0x0000,0x0000,0x0000,0x0000,0x0000,0x0000,0x0000,0x0000,0x0000,0x0000,0x0000,
0x0000,0x0000,0x0000,0x0000,0x0000,0x0000,0x0000,0x0000,0x0000,0x0000,0x0000,0x0000,0x0000,0x41a5,0x1881,0x18c2,
0x2945,0x0000,0x0000,0x0000,0x0000,0x0000,0x0000,0x0000,0x0000,0x0000,0x0000,0x0000,0x0000,0x0000,0x0000,0x0000,
0x0000,0x0000,0x0000,0x0000,0x0000,0x0000,0x0000,0x0000,0x0000,0x0000,0x0000,0x0000,0x0000,0x0000,0x0000,0x0000,
0x0000,0x0000,0x0000,0x0000,0x0000,0x0000,0x0000,0x0000,0x0000,0x0000,0x0000,0x0000,0x0000,0x0000,0x0000,0x0000,
0x0000,0x0000,0x0000,0x0000,0x0000,0x0000,0x0000,0x0000,0x0000,0x0000,0x0000,0x0000,0x0000,0x0000,0x0000,0x0000,
0x0000,0x0000,0x0000,0x2924,0x20a1,0x3144,0x2124,0x0000,0x0000,0x0000,0x0000,0x0000,0x0000,0x0000,0x0000,0x0000,
0x0000,0x0000,0x0000,0x0000,0x0000,0x0000,0x0000,0x0000,0x0000,0x0000,0x0000,0x0000,0x0000,0x0000,0x0000,0x0000,
0x0000,0x0000,0x0000,0x0000,0x0000,0x0000,0x0000,0x0000,0x0000,0x0000,0x0000,0x0000,0x0000,0x0000,0x0000,0x0000,
0x0000,0x0000,0x0000,0x0000,0x0000,0x0000,0x0000,0x0000,0x0000,0x0000,0x0000,0x0000,0x0000,0x0000,0x0000,0x0000,
0x0000,0x0000,0x0000,0x0000,0x0000,0x0000,0x0000,0x0000,0x0000,0x3944,0x20a1,0x3144,0x2924,0x0000,0x0000,0x0000,
0x0000,0x0000,0x0000,0x0000,0x0000,0x0000,0x0000,0x0000,0x0000,0x0000,0x0000,0x0000,0x0000,0x0000,0x0000,0x0000,
0x0000,0x0000,0x0000,0x0000,0x0000,0x0000,0x0000,0x0000,0x0000,0x0000,0x0000,0x0000,0x0000,0x0000,0x0000,0x0000,
0x0000,0x0000,0x0000,0x0000,0x0000,0x0000,0x0000,0x0000,0x0000,0x0000,0x0000,0x0000,0x0000,0x0000,0x0000,0x0000,
0x0000,0x0000,0x0000,0x0000,0x0000,0x0000,0x0000,0x0000,0x0000,0x0000,0x0000,0x0000,0x0000,0x0000,0x0020,0x3124,
0x1061,0x20c2,0x2965,0x0000,0x0000,0x0000,0x0000,0x0000,0x0000,0x0000,0x0000,0x0000,0x0000,0x0000,0x0000,0x0000,
0x0000,0x0000,0x0000,0x0000,0x0000,0x0000,0x0000,0x0000,0x0000,0x0000,0x0000,0x0000,0x0000,0x0000,0x0000,0x0000,
0x0000,0x0000,0x0000,0x0000,0x0000,0x0000,0x0000,0x0000,0x0000,0x0000,0x0000,0x0000,0x0000,0x0000,0x0000,0x0000,
0x0000,0x0000,0x0000,0x0000,0x0000,0x0000,0x0000,0x0000,0x0000,0x0000,0x0000,0x0000,0x0000,0x0000,0x0000,0x0000,
0x0000,0x0000,0x0000,0x0000,0x0841,0x6205,0x3102,0x4184,0x6a87,0x0000,0x0000,0x0000,0x0000,0x0000,0x0000,0x0000,
0x0000,0x0000,0x0000,0x0000,0x0000,0x0000,0x0000,0x0000,0x0000,0x0000,0x0000,0x0000,0x0000,0x0000,0x0000,0x0000,
0x0000,0x0000,0x0000,0x0000,0x0000,0x0000,0x0000,0x0000,0x0000,0x0000,0x0000,0x0000,0x0000,0x0000,0x0000,0x0000,
0x0000,0x0000,0x0000,0x0000,0x0000,0x0000,0x0000,0x0000,0x0000,0x0000,0x0000,0x0000,0x0000,0x0000,0x0000,0x0000,
0x0000,0x0000,0x0000,0x0000,0x0000,0x0000,0x0000,0x0000,0x0000,0x0000,0x0020,0x4942,0x4922,0x30e2,0x3921,0x1081,
0x0000,0x0000,0x0000,0x0000,0x0000,0x0000,0x0000,0x0000,0x0000,0x0000,0x0000,0x0000,0x0000,0x0000,0x0000,0x0000,
0x0000,0x0000,0x0000,0x0000,0x0000,0x0000,0x0000,0x0000,0x0000,0x0000,0x0000,0x0000,0x0000,0x0000,0x0000,0x0000,
0x0000,0x0000,0x0000,0x0000,0x0000,0x0000,0x0000,0x0000,0x0000,0x0000,0x0000,0x0000,0x0000,0x0000,0x0000,0x0000,
0x0000,0x0000,0x0000,0x0000,0x0000,0x0000,0x0000,0x0000,0x0000,0x0000,0x0000,0x0000,0x0000,0x0000,0x0000,0x1060,
0x8c4c,0x0000,0x4101,0x0020,0x0000,0x72a7,0x62c9,0x0000,0x0000,0x0000,0x0000,0x0000,0x0000,0x0000,0x0000,0x0000,
0x0000,0x0000,0x0000,0x0000,0x0000,0x0000,0x0000,0x0000,0x0000,0x0000,0x0000,0x0000,0x0000,0x0000,0x0000,0x0000,
0x0000,0x0000,0x0000,0x0000,0x0000,0x0000,0x0000,0x0000,0x0000,0x0000,0x0000,0x0000,0x0000,0x0000,0x0000,0x0000,
0x0000,0x0000,0x0000,0x0000,0x0000,0x0000,0x0000,0x0000,0x0000,0x0000,0x0000,0x0000,0x0000,0x0000,0x0000,0x0000,
0x0000,0x0000,0x0000,0x0000,0x0800,0x9cf1,0xb40d,0x9307,0x8b69,0x6204,0x8a85,0x830a,0x5a68,0x0000,0x0000,0x0000,
0x0000,0x0000,0x0000,0x0000,0x0000,0x0000,0x0000,0x0000,0x0000,0x0000,0x0000,0x0000,0x0000,0x0000,0x0000,0x0000,
0x0000,0x0000,0x0000,0x0000,0x0000,0x0000,0x0000,0x0000,0x0000,0x0000,0x0000,0x0000,0x0000,0x0000,0x0000,0x0000,
0x0000,0x0000,0x0000,0x0000,0x0000,0x0000,0x0000,0x0000,0x0000,0x0000,0x0000,0x0000,0x0000,0x0000,0x0000,0x0000,
0x0000,0x0000,0x0000,0x0000,0x0000,0x0000,0x0000,0x0000,0x0000,0x10a2,0x6b0b,0x4984,0x2800,0xa3ca,0xd50e,0xcd0d,
0x9b89,0x6225,0x28a1,0x3964,0x0861,0x0000,0x0000,0x0000,0x0000,0x0000,0x0000,0x0000,0x0000,0x0000,0x0000,0x0000,
0x0000,0x0000,0x0000,0x0000,0x0000,0x0000,0x0000,0x0000,0x0000,0x0000,0x0000,0x0000,0x0000,0x0000,0x0000,0x0000,
0x0000,0x0000,0x0000,0x0000,0x0000,0x0000,0x0000,0x0000,0x0000,0x0000,0x0000,0x0000,0x0000,0x0000,0x0000,0x0000,
0x0000,0x0000,0x0000,0x0000,0x0000,0x0000,0x0000,0x0000,0x0000,0x0000,0x0000,0x0000,0x0000,0x0000,0x2945,0x41c7,
0x1020,0x0820,0x1060,0x0000,0x0000,0x1820,0x0000,0x0000,0x0020,0x1881,0x2903,0x0000,0x0000,0x0000,0x0000,0x0000,
0x0000,0x0000,0x0000,0x0000,0x0000,0x0000,0x0000,0x0000,0x0000,0x0000,0x0000,0x0000,0x0000,0x0000,0x0000,0x0000,
0x0000,0x0000,0x0000,0x0000,0x0000,0x0000,0x0000,0x0000,0x0000,0x0000,0x0000,0x0000,0x0000,0x0000,0x0000,0x0000,
0x0000,0x0000,0x0000,0x0000,0x0000,0x0000,0x0000,0x0000,0x0000,0x0000,0x0000,0x0000,0x0000,0x0000,0x0000,0x0000,
0x0000,0x0000,0x0000,0x0800,0x1040,0x0000,0x0820,0x1061,0x1061,0x20a1,0x3102,0x30e2,0x20a1,0x1061,0x1040,0x0820,
0x0000,0x0000,0x0000,0x0820,0x18c2,0x0820,0x0000,0x0000,0x0000,0x0000,0x0000,0x0000,0x0000,0x0000,0x0000,0x0000,
0x0000,0x0000,0x0000,0x0000,0x0000,0x0000,0x0000,0x0000,0x0000,0x0000,0x0000,0x0000,0x0000,0x0000,0x0000,0x0000,
0x0000,0x0000,0x0000,0x0000,0x0000,0x0000,0x0000,0x0000,0x0000,0x0000,0x0000,0x0000,0x0000,0x0000,0x0000,0x0000,
0x0000,0x0000,0x0000,0x0000,0x0000,0x0000,0x0000,0x0000,0x0000,0x0800,0x0000,0x0000,0x0820,0x1061,0x20a1,0x3922,
0x4122,0x4184,0x3923,0x2081,0x1040,0x0800,0x0000,0x0820,0x0000,0x0820,0x0840,0x0820,0x0000,0x0000,0x0000,0x0000,
0x0000,0x0000,0x0000,0x0000,0x0000,0x0000,0x0000,0x0000,0x0000,0x0000,0x0000,0x0000,0x0000,0x0000,0x0000,0x0000,
0x0000,0x0000,0x0000,0x0000,0x0000,0x0000,0x0000,0x0000,0x0000,0x0000,0x0000,0x0000,0x0000,0x0000,0x0000,0x0000,
0x0000,0x0000,0x0000,0x0000,0x0000,0x0000,0x0000,0x0020,0x0820,0x1040,0x1040,0x0820,0x0820,0x0820,0x0820,0x0020,
0x0820,0x0000,0x0000,0x0000,0x0000,0x3123,0x30e1,0x5a47,0x10c3,0x0000,0x0000,0x0000,0x0000,0x0000,0x0820,0x0820,
0x0000,0x0820,0x0820,0x0820,0x0820,0x0820,0x0800,0x0000,0x0000,0x0000,0x0000,0x0000,0x0000,0x0000,0x0000,0x0000,
0x0000,0x0000,0x0000,0x0000,0x0000,0x0000,0x0000,0x0000,0x0000,0x0000,0x0000,0x0000,0x0000,0x0000,0x0000,0x0000,
0x0000,0x0000,0x0000,0x0000,0x0000,0x0000,0x0000,0x0000,0x0000,0x0000,0x0000,0x0000,0x0000,0x0820,0x0820,0x1040,
0x1040,0x0820,0x0820,0x0800,0x0800,0x0000,0x0000,0x0000,0x0800,0x0800,0x0000,0x3943,0x28c1,0x41c5,0x18e3,0x0000,
0x0000,0x0000,0x0000,0x0000,0x0000,0x0000,0x0000,0x0000,0x0820,0x0820,0x0820,0x0820,0x0020,0x0820,0x0820,0x0800,
0x0000,0x0800,0x0000,0x0000,0x0000,0x0000,0x0000,0x0000,0x0000,0x0000,0x0000,0x0000,0x0000,0x0000,0x0000,0x0000,
0x0000,0x0000,0x0000,0x0000,0x0000,0x0000,0x0000,0x0000,0x0000,0x0000,0x0000,0x0000,0x0000,0x0000,0x0000,0x0800,
0x0820,0x0820,0x0840,0x1060,0x1061,0x1040,0x1040,0x1040,0x1061,0x1061,0x1861,0x1881,0x1881,0x1881,0x1861,0x1881,
0x1060,0x4983,0x5183,0x72c8,0x20a2,0x1040,0x1060,0x1060,0x1040,0x0840,0x0840,0x0820,0x0820,0x0820,0x0820,0x0820,
0x0800,0x0000,0x0000,0x0000,0x0000,0x0000,0x0000,0x0000,0x0000,0x0000,0x0000,0x0000,0x0000,0x0000,0x0000,0x0000,
0x0000,0x0000,0x0000,0x0000,0x0000,0x0000,0x0000,0x0000,0x0000,0x0000,0x0000,0x0000,0x0000,0x0000,0x0000,0x0000,
0x0800,0x0820,0x0841,0x0861,0x1061,0x1061,0x1061,0x1041,0x1061,0x1061,0x1061,0x1061,0x0840,0x0841,0x0840,0x0840,
0x0841,0x0840,0x0841,0x0840,0x0020,0x0020,0x0000,0x0020,0x0840,0x1061,0x0020,0x0820,0x0820,0x1040,0x1060,0x1060,
0x1861,0x1860,0x1860,0x1860,0x1861,0x1061,0x1061,0x1060,0x1060,0x1040,0x1040,0x0840,0x0820,0x0820,0x0000,0x0000,
0x0000,0x0000,0x0000,0x0000,0x0000,0x0000,0x0000,0x0000,0x0000,0x0000,0x0000,0x0000,0x0000,0x0000,0x0000,0x0000,
0x0000,0x0000,0x0020,0x18c2,0x0861,0x0841,0x0861,0x0841,0x0000,0x0000,0x0820,0x20e3,0x2924,0x2925,0x3184,0x3164,
0x3964,0x49c4,0x49c4,0x51c4,0x6205,0x6a25,0x6a25,0x6205,0x6205,0x59e5,0x6205,0x61e4,0x8285,0x9b06,0x8ae7,0x7a86,
0x7a66,0x51e4,0x51c4,0x3963,0x3123,0x2902,0x20c2,0x20c2,0x20c1,0x1081,0x1061,0x1040,0x1061,0x1881,0x1881,0x1881,
0x1881,0x1881,0x1061,0x1061,0x1060,0x1040,0x0840,0x0020,0x0000,0x0000,0x18e4,0x4228,0x0020,0x0000,0x0000,0x0000,
0x0000,0x0000,0x0000,0x0000,0x0000,0x0000,0x0000,0x0861,0x2103,0x2945,0x10a2,0x0000,0x0000,0x2104,0x528a,0x73ae,
0x838d,0x7b0b,0x72a9,0x72a8,0x7aa7,0x7aa7,0x7a86,0x7266,0x6a25,0x61e4,0x59c4,0x59c4,0x4983,0x3922,0x3922,0x3102,
0x3102,0x3942,0x4963,0x4163,0x28e2,0x28c1,0x3922,0x4143,0x4983,0x51c4,0x51c4,0x51c4,0x51c4,0x6205,0x6a46,0x6205,
0x5a05,0x49a4,0x3143,0x20e2,0x1881,0x1081,0x1881,0x20c2,0x20c2,0x18a1,0x1881,0x1081,0x1061,0x1041,0x0820,0x0840,
0x2104,0x4208,0x4a69,0x18e3,0x0000,0x0000,0x0000,0x0000,0x0000,0x0000,0x0000,0x0000,0x18a2,0x2924,0x18c3,0x0000,
0x2104,0x634d,0x7b8d,0x6b0c,0x5249,0x49c6,0x51a3,0x5182,0x5183,0x5182,0x4142,0x4142,0x4982,0x51c3,0x6a24,0x6a04,
0x6a24,0x59c3,0x4962,0x4142,0x4142,0x4142,0x4142,0x4983,0x6204,0x6205,0x4163,0x4163,0x4163,0x49a3,0x51a4,0x51c4,
0x51c4,0x51c4,0x49a4,0x49a4,0x4984,0x4983,0x49a4,0x49a4,0x49a4,0x51c4,0x59e4,0x6a25,0x51c4,0x20c2,0x18a2,0x20c2,
0x2902,0x2902,0x2903,0x2903,0x20c2,0x18a2,0x18c3,0x1882,0x2924,0x39c6,0x2124,0x0000,0x0000,0x0000,0x0000,0x0000,
0x0000,0x18c2,0x2924,0x0020,0x1903,0x7bef,0x7bae,0x732c,0x28c3,0x1840,0x4982,0x59c3,0x51a3,0x4142,0x4982,0x51a3,
0x59a3,0x59c3,0x6a23,0x82c5,0x9b05,0x59a2,0x4162,0x5183,0x4982,0x4962,0x4142,0x4142,0x3922,0x4162,0x6a24,0x61e4,
0x4163,0x4163,0x49a3,0x51c4,0x59c4,0x59e4,0x6205,0x6a25,0x6a45,0x6225,0x6a25,0x6a25,0x7245,0x7245,0x6a25,0x59e4,
0x49a4,0x49c4,0x8285,0xab26,0x8aa5,0x3963,0x1881,0x20a1,0x28e2,0x2902,0x2903,0x3123,0x3164,0x20e3,0x1081,0x1881,
0x3145,0x10a2,0x0000,0x0000,0x0000,0x0000,0x0861,0x2124,0x0000,0x4a89,0x73af,0x6b0b,0x20a1,0x0000,0x20c1,0x4142,
0x4162,0x51a2,0x69e3,0x61c3,0x51a2,0x4982,0x59c2,0x8ac4,0x7a43,0x4121,0x38e1,0x4142,0x4162,0x4962,0x5182,0x51a3,
0x59a3,0x4942,0x3902,0x28c1,0x28c1,0x3102,0x3102,0x4142,0x5183,0x51c4,0x51c4,0x59c4,0x59e4,0x59e4,0x6204,0x6204,
0x6204,0x6204,0x6a04,0x6a24,0x7245,0x7245,0x82a6,0xa307,0x9b27,0x82a5,0x6204,0x6a05,0x59e4,0x20c2,0x1881,0x20c1,
0x20c1,0x20a1,0x20e2,0x3144,0x2944,0x1061,0x0861,0x18c2,0x0000,0x0000,0x0000,0x0000,0x18e3,0x0882,0x632c,0x73af,
0x2924,0x1040,0x1061,0x20a1,0x28e1,0x3922,0x51a2,0x51a2,0x5162,0x3901,0x3122,0x8264,0x79e2,0x69a2,0x4921,0x3921,
0x4121,0x4121,0x3921,0x3921,0x3901,0x30e1,0x20a1,0x1060,0x1040,0x0820,0x0020,0x0840,0x1040,0x1060,0x20a1,0x3102,
0x4143,0x5183,0x51a3,0x51a3,0x51a4,0x51c4,0x59c4,0x59c4,0x59e4,0x59e4,0x59c4,0x59c4,0x49a3,0x51a4,0x6a24,0x8a85,
0x8285,0x6a25,0x49a4,0x49a4,0x3923,0x1881,0x20c1,0x20a1,0x18a1,0x18a1,0x2903,0x2965,0x0841,0x0840,0x10a2,0x0000,
0x0000,0x0861,0x1082,0x5aeb,0x73cf,0x2903,0x1880,0x1881,0x1861,0x20c1,0x3922,0x4962,0x3921,0x30e1,0x1881,0x49c2,
0x8b25,0x5121,0x4121,0x30e1,0x30e1,0x30e1,0x30e1,0x30c1,0x28e1,0x28c1,0x1060,0x0820,0x0820,0x0000,0x0000,0x0000,
0x0020,0x0800,0x0020,0x0020,0x0820,0x0820,0x0840,0x18a1,0x4123,0x3942,0x4142,0x4163,0x4963,0x4163,0x4163,0x4963,
0x4963,0x4163,0x4163,0x4163,0x4143,0x3943,0x3963,0x51a4,0x51c4,0x49a4,0x3943,0x3122,0x18a1,0x20c1,0x18a1,0x1881,
0x1881,0x2923,0x2945,0x0020,0x20c1,0x0840,0x0000,0x0841,0x31a7,0x7bae,0x4208,0x1020,0x18a2,0x0041,0x0861,0x1861,
0x20a1,0x0840,0x1020,0x3921,0xa3a5,0xa345,0x51a3,0x2921,0x3121,0x4162,0x4142,0x4982,0x4162,0x4962,0x5162,0x30e2,
0x1881,0x1881,0x1861,0x2081,0x1881,0x20a1,0x20a1,0x20a1,0x1881,0x20a1,0x28c1,0x20a1,0x20c1,0x28c1,0x28e2,0x5183,
0x6a04,0x61c4,0x61e4,0x7a65,0x7244,0x7244,0x6a04,0x7265,0x7a85,0x6a24,0x7265,0x7285,0x59c4,0x3143,0x3143,0x20c2,
0x2903,0x20c2,0x0820,0x1081,0x20c2,0x3123,0x20e3,0x18e3,0x3185,0x10a2,0x1860,0x20a1,0x0000,0x10a2,0x5aec,0x6b8e,
0x51c5,0x51a5,0x3123,0x4983,0x7a84,0x8b26,0x8306,0x61e4,0x92e5,0xbbe8,0xbc49,0x8a63,0x8a85,0xa2c5,0x8a44,0x8a64,
0x9aa5,0xab66,0xab86,0xcbc6,0x6183,0x5983,0x5983,0x5963,0x30e2,0x30e2,0x30e2,0x30e2,0x3102,0x3902,0x3902,0x3922,
0x3922,0x3902,0x4123,0x3922,0x3102,0x4143,0x5183,0x6a04,0x7a65,0x7a86,0x8286,0x8ac6,0x7a65,0x82a6,0x8ac6,0x8aa6,
0x9ae6,0xa326,0x8265,0x69e4,0xdca9,0xddee,0x8aa7,0xa348,0xd50c,0x7a25,0x6a05,0x8286,0x6a25,0x59e5,0x3985,0x2145,
0x0820,0x28a1,0x0000,0x2145,0x6b6d,0x62aa,0x28a1,0x28e3,0x0861,0x1881,0x1000,0x9389,0xffb0,0xfeac,0xff0e,0xfff3,
0xc3c9,0x38e1,0x6a04,0x6a05,0x6a04,0x6a05,0x59e5,0x39a4,0x4164,0x2903,0x18e3,0x2903,0x3123,0x3123,0x3123,0x3123,
0x3123,0x3103,0x2903,0x1042,0x0802,0x1042,0x20c3,0x3943,0x3943,0x3963,0x3964,0x3944,0x3143,0x3164,0x6a46,0x7266,
0x6a66,0x7266,0x7286,0x7286,0x7286,0x7a86,0x8286,0x82a6,0x7a86,0x71e4,0x8a84,0xf56c,0xd3e8,0xdc08,0xb42a,0x0000,
0x0820,0x0000,0x0000,0x0821,0x2903,0x3186,0x0820,0x1860,0x0020,0x31c7,0x632c,0x3186,0x1081,0x1082,0x0820,0x1061,
0x0800,0x7b28,0xff4d,0xee4b,0xffaf,0xfdca,0x3800,0x61e3,0x82c7,0x7aa7,0x7a86,0x7a86,0x7266,0x6a46,0x6205,0x4184,
0x3964,0x4184,0x4184,0x41a4,0x4184,0x4184,0x4184,0x4184,0x20a4,0x7b05,0xedc7,0xd567,0x49e5,0x28e4,0x49a4,0x49c5,
0x49c5,0x51c5,0x51e5,0x49a5,0x49e6,0x9308,0x82e8,0x8b08,0x9329,0x9329,0x9b49,0x9b69,0xa389,0xabca,0xb40b,0x8245,
0x8224,0xe50a,0xd449,0xcc29,0xaba9,0x0000,0x1040,0x1061,0x1061,0x1081,0x20c2,0x3185,0x0882,0x0820,0x0840,0x4228,
0x632c,0x18e3,0x20c2,0x1082,0x0820,0x1881,0x1840,0x6266,0xffd1,0xfe6b,0xfd27,0x7900,0x4941,0x7225,0x7aa6,0x8ae7,
0x82c6,0x82c7,0x7246,0x6a25,0x49c5,0x3984,0x4184,0x4184,0x4164,0x4164,0x49a5,0x4164,0x4984,0x1883,0xc4e6,0xf5e7,
0xfcc5,0xfd45,0xfd87,0x5a45,0x2924,0x51c5,0x51c5,0x51e5,0x49a5,0x51c5,0x49c5,0x6246,0x9b8a,0x7ac7,0x8308,0x9b89,
0x9b49,0xa38a,0x9b69,0xa3aa,0xabea,0x8265,0x7a04,0x8204,0xb306,0xfe0c,0xbc8b,0x0000,0x1041,0x1061,0x1041,0x1061,
0x18a2,0x3165,0x10c3,0x0000,0x0841,0x4a69,0x5b0c,0x18c2,0x18a2,0x0861,0x0020,0x1881,0x20c1,0x4982,0xb325,0xa242,
0x3020,0x0000,0x28c1,0x20a1,0x1060,0x3902,0x0000,0x0820,0x28c1,0x0820,0x1081,0x0000,0x0000,0x1881,0x0820,0x1061,
0x0840,0x0000,0x0020,0x20a1,0xfde5,0x58c0,0x0000,0x0000,0xd343,0xfd24,0x0001,0x0000,0x0000,0x20a2,0x0840,0x1081,
0x0840,0x0000,0x3922,0x18a1,0x0860,0x3923,0x0000,0x2060,0x28e2,0x0020,0x3943,0x1060,0x0840,0x3902,0x3881,0xbb47,
0x28a1,0x0041,0x0841,0x1061,0x1041,0x1061,0x1882,0x2945,0x18e3,0x0000,0x0861,0x528a,0x5aec,0x1881,0x18a2,0x0861,
0x0020,0x1881,0x28c1,0x3942,0x81c1,0x40e0,0x0020,0x1040,0x28a1,0x3902,0x3902,0x3102,0x0820,0x1040,0x3902,0x20a1,
0x20c2,0x0000,0x0000,0x1881,0x1861,0x1881,0x0840,0x0000,0x0000,0x61e2,0xcb23,0x0000,0x1860,0x0000,0x40e1,0xfc84,
0x2102,0x0000,0x0000,0x20c2,0x18a1,0x20c2,0x0840,0x0000,0x28c2,0x4143,0x3902,0x3102,0x1060,0x1881,0x51c4,0x4143,
0x51c4,0x1060,0x1040,0x4163,0x8244,0xb327,0x2903,0x0861,0x0841,0x1041,0x0841,0x1061,0x1882,0x2924,0x2104,0x0000,
0x1082,0x52aa,0x52cb,0x1061,0x18a2,0x0841,0x0020,0x1881,0x20c1,0x3122,0x91e1,0x6141,0x5162,0x28c1,0x4142,0x0820,
0x0820,0x3902,0x30e1,0x30e2,0x1860,0x0000,0x0840,0x18a2,0x1881,0x1881,0x0000,0x0000,0x28e3,0x1881,0x20c2,0x0800,
0xa2a2,0x0000,0x0000,0x0000,0xdba4,0xd362,0x0000,0x20c2,0x20c2,0x18a1,0x0000,0x0820,0x2902,0x1881,0x4164,0x1060,
0x1040,0x4163,0x3102,0x4983,0x20a1,0x1860,0x3942,0x51c4,0x59c4,0x6205,0x5142,0xb2c5,0x3185,0x0041,0x0841,0x1061,
0x1041,0x1061,0x18c2,0x2924,0x2104,0x0000,0x1082,0x528a,0x52aa,0x18a1,0x18a2,0x0841,0x0020,0x1881,0x1881,0x7aa4,
0x9a83,0x6182,0x1881,0x1040,0x28e2,0x20a1,0x1881,0x30e2,0x1040,0x2081,0x30e2,0x1040,0x1061,0x0020,0x0020,0x1881,
0x0020,0x1061,0x1061,0x0000,0x0881,0x0021,0x71a1,0x99c2,0x3121,0xe383,0xe403,0x0800,0x0082,0x0841,0x0820,0x20c2,
0x0020,0x1881,0x1061,0x0000,0x28e2,0x20c2,0x1061,0x3943,0x1881,0x28e2,0x3963,0x2080,0x5a05,0x3102,0x3902,0x6204,
0x6983,0xe3e8,0x2124,0x0841,0x0840,0x1041,0x0840,0x1061,0x20c2,0x2924,0x1904,0x0000,0x1082,0x52aa,0x52aa,0x20c2,
0x18a2,0x0841,0x0820,0x1881,0x20c1,0x3142,0x9a43,0x7a03,0x0020,0x0020,0x1881,0x3922,0x3902,0x30e2,0x0020,0x0020,
0x4143,0x28c2,0x3923,0x20c2,0x20a2,0x28c2,0x3103,0x18e3,0x0062,0x0062,0x2002,0x98a1,0x7040,0x50e0,0x79a1,0x5941,
0x4880,0x8861,0x50e3,0x0863,0x0062,0x18e3,0x2923,0x4143,0x20e2,0x20e3,0x2903,0x8246,0x7a26,0x6205,0x51e5,0x51c5,
0xb368,0x9308,0xa348,0x7ae8,0x5a25,0x41a4,0xb326,0xbbc8,0x20e4,0x0841,0x0840,0x1061,0x0840,0x1061,0x20e2,0x2924,
0x1904,0x0000,0x1082,0x52aa,0x528a,0x20e2,0x18a2,0x0841,0x0820,0x1881,0x20c1,0x3122,0x89c1,0x6120,0x5183,0x51c4,
0x59c4,0x4963,0x4963,0x59c4,0x59e5,0x59c4,0x5183,0x4123,0x3903,0x4985,0x4944,0x28e3,0x4823,0x9161,0x6942,0x6942,
0x69c1,0xc400,0xbba0,0xb240,0x1080,0x2121,0xb2c0,0xa300,0x9a81,0x4982,0x5922,0x6961,0x5060,0x3001,0x3943,0x4143,
0x61a4,0x4942,0x4902,0x7a25,0x7225,0x92a6,0x6a25,0x59c4,0x7a66,0x9328,0x82c7,0x72a7,0x4942,0xb284,0x3165,0x0841,
0x0840,0x1061,0x0840,0x1061,0x20c2,0x2924,0x2104,0x0000,0x10a2,0x528a,0x4a8a,0x20c2,0x18a2,0x0841,0x0820,0x1881,
0x1081,0x7283,0xaa83,0x6981,0x20a1,0x0020,0x3102,0x28c1,0x20a1,0x3902,0x0820,0x1861,0x3902,0x30e2,0x20a2,0x0042,
0x0001,0x8061,0xfb40,0xfd20,0xfc20,0xfd60,0xf480,0xfc80,0xfbc0,0xfc21,0xfc21,0xe2a0,0xfaa0,0xfc20,0xfbe0,0xfce0,
0xfca0,0xebe0,0xfe20,0xfaa0,0x6801,0x0002,0x10e3,0x3102,0x3102,0x4963,0x0861,0x3943,0x51a4,0x3922,0x51c4,0x28e2,
0x7a87,0x7aa7,0x6983,0xdba7,0x1904,0x0861,0x0840,0x1041,0x0840,0x1061,0x20c2,0x2924,0x1904,0x0000,0x10a2,0x528a,
0x4a8a,0x20c2,0x18a2,0x0841,0x0820,0x1881,0x20c1,0x3122,0xa283,0x8223,0x0020,0x1020,0x2081,0x3902,0x30e2,0x30e2,
0x0820,0x1040,0x4122,0x5164,0x00a3,0x5801,0xfbe0,0xfd40,0xe440,0xcac0,0xfac0,0xe820,0x5801,0x0002,0x1022,0x10a2,
0x9922,0x5000,0x0042,0x0002,0x1042,0x4001,0xe120,0xf2e0,0xfba0,0xd3e0,0xff80,0xfac0,0x2802,0x2144,0x5184,0x4143,
0x18a1,0x20c2,0x6a25,0x51a4,0x59e5,0x20c2,0x7aa7,0x59e4,0xb306,0xb3a7,0x18e3,0x0841,0x0840,0x1041,0x0840,0x1061,
0x20c2,0x2924,0x2104,0x0000,0x1082,0x528a,0x4a8a,0x20c2,0x18a2,0x0841,0x0820,0x1881,0x20c1,0x28e2,0xa221,0x8980,
0x4983,0x20a1,0x3922,0x1020,0x0820,0x3102,0x28c2,0x30e2,0x10c2,0x28a3,0x9000,0xfc40,0xf4a0,0xcb60,0xfac0,0xf020,
0x2042,0x0062,0x00a2,0x28e3,0x2081,0x38c2,0x38c1,0x68c1,0x1061,0x1020,0x1881,0x10c2,0x0082,0x1822,0xe8e0,0xfb00,
0xb300,0xfe00,0xfb41,0x90c1,0x0023,0x59a4,0x4163,0x59c4,0x3102,0x20a1,0x2902,0x9b28,0x8b08,0x59c4,0x6921,0xaa84,
0x2964,0x0841,0x0840,0x1061,0x0841,0x1061,0x20c2,0x2924,0x2104,0x0000,0x1082,0x528a,0x4a8a,0x20e2,0x18a2,0x0841,
0x0820,0x1881,0x1081,0x72a3,0xb2a3,0x89a1,0x20c1,0x1860,0x30e1,0x2081,0x1881,0x30e2,0x2081,0x20a1,0x08a3,0xb9c1,
0xfe00,0xfe00,0xf320,0x8800,0xb880,0x0061,0x0881,0x1020,0x30e2,0x28c2,0x1840,0x4102,0x3880,0x58c0,0x2081,0x2040,
0x28a1,0x1861,0x1861,0x28e3,0x0042,0x6041,0xf880,0xfd20,0xe4c0,0xff00,0xb8e1,0x2105,0x3103,0x4963,0x4984,0x10a1,
0x7a66,0x6205,0x6226,0x51a3,0x81a3,0xe3a7,0x18e4,0x0861,0x0840,0x1041,0x0841,0x1061,0x20c2,0x2924,0x2104,0x0000,
0x1082,0x528a,0x4a6a,0x20e2,0x18a2,0x0841,0x0820,0x1881,0x20c1,0x3122,0xaa63,0x8203,0x0040,0x1040,0x20a1,0x3102,
0x30e2,0x3102,0x0861,0x0801,0x68e2,0xed40,0xdc60,0xd1e0,0xa800,0x9141,0x0061,0x20a1,0x1840,0x28c2,0x28c2,0x1860,
0x30c2,0x30c1,0x3880,0x50a0,0x28c1,0x2880,0x28c2,0x1020,0x1020,0x30e2,0x28a2,0x08e3,0x4881,0xf880,0xe320,0xe520,
0xfe60,0x9962,0x0023,0x3123,0x6a05,0x7226,0x6a25,0x7266,0x3123,0x3963,0xc326,0xab67,0x18e4,0x0841,0x0840,0x1041,
0x0840,0x1061,0x20e2,0x2924,0x2104,0x0000,0x1082,0x528a,0x4a8a,0x20e2,0x10a2,0x0841,0x0820,0x1881,0x20c1,0x28e2,
0xaa21,0xa1c1,0x49a3,0x28a1,0x3922,0x1040,0x1040,0x4123,0x0083,0xb981,0xc341,0xfea0,0xc9a0,0x6041,0x9161,0x0062,
0x0820,0x1020,0x3102,0x3103,0x2081,0x1840,0x3902,0x28a1,0x38c1,0x40e1,0x2060,0x1820,0x2081,0x28a1,0x28a1,0x28c2,
0x1020,0x1041,0x1923,0x3922,0x9061,0xeb20,0xff60,0xfd40,0x9143,0x2125,0x59c5,0x69e5,0x28e2,0x8b08,0x4983,0x59e4,
0x7162,0xb284,0x2144,0x0841,0x0840,0x1041,0x0840,0x0841,0x1881,0x2124,0x2104,0x0000,0x1082,0x528a,0x4a8a,0x20c2,
0x10a2,0x0841,0x0820,0x1881,0x1081,0x72e4,0xcb04,0x89c1,0x28c1,0x1880,0x3102,0x20a1,0x20a1,0x10e3,0x78a1,0xfec0,
0x7222,0xf2e0,0x3801,0x8941,0x0021,0x20a1,0x1040,0x2081,0x28a1,0x1000,0x1840,0x28c2,0x28c2,0x2881,0x38c1,0x38c1,
0x2881,0x2060,0x28a1,0x1860,0x1860,0x28c2,0x1861,0x20a1,0x28c2,0x0042,0x3142,0xd0c1,0xf3c0,0xed60,0xfec0,0x8127,
0x8ae7,0x3123,0x59e5,0x7266,0x20c1,0x59e4,0x81a3,0xe3e7,0x1904,0x0861,0x0840,0x1041,0x0841,0x0840,0x1061,0x2104,
0x2104,0x0000,0x1082,0x528a,0x4a8a,0x1061,0x1082,0x0841,0x0820,0x18a1,0x20a1,0x3102,0xc304,0x8a63,0x0820,0x1040,
0x28a1,0x4122,0x2902,0x3043,0xfd40,0xff60,0x5062,0x60c1,0x8182,0x0021,0x0820,0x1861,0x28a1,0x30e2,0x1020,0x1000,
0x1040,0x3103,0x2881,0x2881,0x38a1,0x38a1,0x30c1,0x28a1,0x28c1,0x1020,0x1020,0x28a1,0x28a1,0x30e2,0x1861,0x1021,
0x0062,0x8a62,0x9061,0xed41,0xff00,0xfce2,0x59c7,0x4984,0x82c7,0x2923,0x2080,0x4163,0xcb87,0xb387,0x18c3,0x0861,
0x0840,0x1041,0x0841,0x0841,0x1061,0x2124,0x2104,0x0000,0x1082,0x4a6a,0x528a,0x1081,0x1082,0x0841,0x0820,0x1881,
0x20c1,0x28c1,0xb261,0xaa01,0x4983,0x28c1,0x3942,0x1860,0x0062,0xb982,0xfd80,0xe4e0,0x2801,0xf9a0,0x0041,0x20a2,
0x1881,0x20a1,0x28e2,0x1840,0x2081,0x1040,0x28e2,0x28c2,0x1820,0x28a1,0x38e1,0x38e2,0x2060,0x2040,0x2060,0x20a1,
0x20a1,0x20a1,0x0800,0x1040,0x3102,0x2081,0x4143,0x0062,0xe341,0xa941,0xff60,0xfd00,0xc1e6,0x0144,0x7246,0x49a4,
0x4163,0x6205,0x7162,0xc2a4,0x2144,0x0861,0x0841,0x1041,0x0841,0x0841,0x1061,0x2104,0x2104,0x0000,0x1082,0x528a,
0x528a,0x1081,0x1082,0x0841,0x0820,0x1881,0x1881,0x6263,0xd2e3,0x9a02,0x28e1,0x2080,0x3902,0x00a1,0x6984,0xf2a0,
0xfe20,0xb281,0xb1e1,0x30c1,0x0062,0x1861,0x1040,0x3103,0x20a2,0x1040,0x1860,0x1020,0x3103,0x2040,0x2040,0x28a1,
0x38c1,0x30c1,0x2881,0x2060,0x2881,0x2060,0x1840,0x20a1,0x1840,0x2081,0x20a1,0x1041,0x28e2,0x28e3,0x0063,0xc241,
0xfea0,0xfee0,0xe9c1,0x6a07,0x7246,0x2902,0x30e2,0x59c4,0x89e3,0xe407,0x1904,0x0861,0x0840,0x1041,0x0841,0x0841,
0x1061,0x2104,0x2104,0x0000,0x1082,0x528a,0x4a8a,0x1081,0x1082,0x0841,0x0820,0x1881,0x20c1,0x20e2,0xaaa3,0x8a43,
0x0840,0x1860,0x18a1,0x51c4,0x8083,0xf560,0xffe0,0x98a1,0x6982,0x10a2,0x28c2,0x1020,0x2082,0x28e3,0x1861,0x2081,
0x1020,0x2081,0x28e2,0x2080,0x2080,0x28a1,0x38c1,0x38c1,0x30c1,0x28a1,0x30c1,0x1840,0x1020,0x28a1,0x28a1,0x28c2,
0x1040,0x0820,0x1861,0x5183,0x41a4,0xfb62,0xf9e0,0xfea0,0xdae1,0x89e5,0x6a66,0x0841,0x18a1,0x4143,0xc367,0xaba7,
0x0821,0x0841,0x0820,0x0840,0x0841,0x0841,0x1061,0x2104,0x2104,0x0000,0x1082,0x4a6a,0x4a6a,0x1081,0x1082,0x0841,
0x0840,0x1881,0x20c1,0x1881,0xaa01,0xaa02,0x49a3,0x28c1,0x4163,0x4145,0xf2a0,0xed20,0xfb40,0x5902,0x0081,0x1040,
0x1041,0x20a2,0x3144,0x1881,0x1000,0x1020,0x2081,0x3103,0x2081,0x1820,0x2040,0x28a1,0x38e2,0x38e2,0x2880,0x2040,
0x2880,0x28a1,0x2081,0x2081,0x0800,0x1040,0x28c2,0x1881,0x3103,0x0041,0xeae5,0x3985,0xeb61,0xfc40,0xffc0,0x61a6,
0x8aa8,0x3963,0x4163,0x6204,0x79a2,0xbac4,0x10a2,0x0841,0x0820,0x0840,0x0841,0x0840,0x1061,0x2104,0x2104,0x0000,
0x1082,0x4a69,0x4a6a,0x1081,0x1082,0x0040,0x0020,0x1881,0x1881,0x6223,0xcaa2,0x81c2,0x3102,0x2080,0x4184,0x60e4,
0xfbe0,0xecc0,0xfa80,0x5122,0x28e2,0x2061,0x1861,0x2903,0x1861,0x1861,0x1020,0x1020,0x28c2,0x28c2,0x1840,0x2060,
0x2060,0x28a1,0x38e2,0x30c1,0x28a0,0x2880,0x2881,0x2060,0x1860,0x20a1,0x1840,0x1861,0x2081,0x1040,0x0061,0xaa45,
0x69c4,0x1924,0x4123,0xfe60,0xfe02,0x48e6,0x6a05,0x6a46,0x3102,0x59c4,0x89e3,0xec47,0x0082,0x0861,0x0820,0x1041,
0x0841,0x0841,0x1061,0x2104,0x2104,0x0000,0x1082,0x4a69,0x4a8a,0x1081,0x1082,0x0040,0x0020,0x1881,0x20a1,0x20e2,
0xb283,0x7203,0x1061,0x1880,0x51c5,0x50e2,0xe260,0xed00,0xfd00,0x2022,0x4122,0x28a1,0x28e3,0x28e3,0x1000,0x1861,
0x2081,0x2081,0x2903,0x1820,0x1840,0x2081,0x2881,0x28a1,0x38c1,0x30c1,0x30a1,0x28a1,0x28c1,0x1840,0x1820,0x2081,
0x28a1,0x28c1,0x1040,0x0000,0x3903,0x69c4,0x4983,0x4984,0x0004,0xfe60,0xa304,0xcaa3,0x6205,0x7a67,0x1881,0x3923,
0xa326,0xab87,0x18e4,0x0861,0x0840,0x1061,0x0841,0x0841,0x1061,0x2104,0x2104,0x0000,0x1082,0x4a69,0x4a6a,0x1081,
0x1082,0x0040,0x0020,0x1881,0x20a1,0x1081,0x99c1,0xb222,0x4163,0x3902,0x51c5,0x4800,0xffe0,0xf500,0x8142,0x3123,
0x2881,0x1860,0x2903,0x1881,0x1861,0x1881,0x0800,0x1861,0x2902,0x1840,0x2081,0x2040,0x2040,0x28a1,0x38e2,0x30e2,
0x2880,0x2860,0x2880,0x2081,0x2081,0x2081,0x1000,0x1020,0x20a1,0x28c2,0x4985,0x1060,0x20a1,0x51a4,0x2944,0xb9e2,
0x9b24,0xfea0,0x2003,0x7267,0x51c4,0x51c4,0x7182,0xc2a4,0x1924,0x0861,0x0840,0x1061,0x0841,0x0841,0x1061,0x2103,
0x2104,0x0000,0x1082,0x4a69,0x4a6a,0x1081,0x1082,0x0041,0x0020,0x1881,0x1881,0x51e3,0xb262,0x9a02,0x20e1,0x4963,
0x4984,0x6841,0xfee0,0xfd00,0x70c2,0x28e2,0x30c1,0x3903,0x28c2,0x1041,0x1040,0x1861,0x1020,0x3103,0x2081,0x1820,
0x2060,0x2060,0x2060,0x30a1,0x38e2,0x30c1,0x30a0,0x2880,0x2881,0x2060,0x1860,0x2081,0x1840,0x1840,0x20c2,0x4164,
0x20a2,0x28a1,0x3102,0x51a4,0x2124,0x88e3,0xabe4,0xfee0,0x4064,0x51a5,0x6a46,0x49a3,0x89e3,0xe427,0x10e4,0x0861,
0x0840,0x1041,0x0841,0x0841,0x1061,0x2103,0x2104,0x0000,0x1082,0x4a69,0x4a69,0x1081,0x1082,0x0041,0x0020,0x1881,
0x20a1,0x18c1,0x9223,0x7a03,0x08a0,0x51a4,0x2902,0x7942,0xeb00,0xfd20,0x81e3,0x08a2,0x4142,0x4123,0x2081,0x1040,
0x1020,0x1861,0x28c2,0x3103,0x1820,0x1820,0x2060,0x2881,0x2881,0x30a1,0x38e2,0x30c1,0x30c1,0x28a1,0x28a1,0x2040,
0x1840,0x2081,0x2081,0x28a1,0x3944,0x1861,0x1861,0x4123,0x51a3,0x4964,0x1903,0x60e4,0xd3a2,0xfc80,0x6185,0x3103,
0x6a46,0x3963,0xbb66,0xb3a7,0x10a3,0x0861,0x0841,0x1041,0x0841,0x0841,0x1061,0x20e4,0x2104,0x0000,0x1082,0x4a69,
0x4a69,0x1081,0x1082,0x0041,0x0020,0x1881,0x28c1,0x0861,0x89a1,0xa9e2,0x4163,0x61e5,0x3923,0x6801,0xffe0,0xf4c0,
0x48c3,0x30e2,0x5163,0x1861,0x1041,0x2081,0x1861,0x1861,0x28e2,0x2061,0x2081,0x2040,0x2081,0x2040,0x2040,0x30a1,
0x38e2,0x30e2,0x2880,0x2860,0x2880,0x2881,0x2081,0x2081,0x0800,0x3103,0x3903,0x1841,0x28e2,0x2061,0x2081,0x5184,
0x3964,0x81a5,0xffe0,0xfe60,0x3804,0x4164,0x7a87,0x59e4,0x79a2,0xcac4,0x1924,0x0861,0x0840,0x1041,0x0841,0x0841,
0x1061,0x2104,0x2104,0x0000,0x1082,0x4a69,0x4a69,0x1081,0x1082,0x0041,0x0020,0x1881,0x18a1,0x51a2,0xb222,0x81a2,
0x4163,0x59c4,0x3102,0x5042,0xffc0,0xfca0,0x3022,0x30e2,0x6183,0x1040,0x1861,0x1861,0x1040,0x20a2,0x3103,0x1840,
0x1861,0x1840,0x2081,0x2060,0x2860,0x28a1,0x38e2,0x30c1,0x3081,0x2880,0x2881,0x2060,0x2060,0x2081,0x28c2,0x3943,
0x1040,0x1040,0x20a2,0x28a1,0x30e2,0x4984,0x3104,0x9184,0xff20,0xfe00,0x3884,0x3103,0x7226,0x59e4,0x81c3,0xe447,
0x0062,0x0841,0x0820,0x0840,0x0841,0x0841,0x1061,0x2104,0x2104,0x0000,0x1082,0x4a69,0x4a69,0x1081,0x1082,0x0041,
0x0020,0x1881,0x20a1,0x18c1,0x9222,0x61a3,0x3122,0x5184,0x20c1,0x5983,0xfbc0,0xc401,0xa0c1,0x5163,0x4942,0x28a1,
0x20a2,0x1041,0x1020,0x28c2,0x20a1,0x2081,0x1840,0x1840,0x2060,0x28a1,0x2881,0x30a1,0x38e2,0x30c1,0x30a1,0x30a1,
0x28a1,0x2040,0x1820,0x28a2,0x3923,0x20a1,0x1040,0x1020,0x1861,0x4122,0x5183,0x4164,0x30a5,0xf4c2,0xec40,0xf322,
0x51e5,0x20a1,0x51a4,0x51c4,0xb306,0xb3c7,0x0000,0x0840,0x0820,0x0840,0x0841,0x0840,0x1061,0x2104,0x2104,0x0000,
0x1082,0x4a49,0x4a69,0x1081,0x1082,0x0040,0x0020,0x1881,0x20c1,0x0861,0x8980,0x89c2,0x61e4,0x5184,0x3102,0x5063,
0xfd60,0xac21,0xe381,0x4963,0x20a1,0x1840,0x1841,0x2081,0x2081,0x28e2,0x1020,0x1820,0x2081,0x2060,0x2081,0x2040,
0x2860,0x30a1,0x3902,0x38e2,0x2880,0x2860,0x2880,0x2880,0x2060,0x3123,0x1840,0x1040,0x20a1,0x1861,0x28c2,0x2081,
0x28a1,0x4984,0x8206,0xfc00,0xffe0,0xe221,0x5a07,0x3923,0x61e4,0x6205,0x79c2,0xbaa4,0x0862,0x0841,0x0820,0x0840,
0x0841,0x0840,0x1061,0x2104,0x2104,0x0000,0x1082,0x4a49,0x4a69,0x1081,0x1082,0x0040,0x0020,0x1881,0x1881,0x59e2,
0xb242,0x81a2,0x51a3,0x4963,0x3102,0x61a5,0xc1c1,0xcbe2,0x8222,0x3802,0x28e2,0x2061,0x1861,0x1841,0x28e3,0x28a2,
0x1820,0x1840,0x2061,0x2040,0x2081,0x2880,0x2860,0x30a1,0x38e2,0x30c1,0x30a0,0x3080,0x2880,0x2060,0x3923,0x28c1,
0x1840,0x1860,0x1881,0x1861,0x20a2,0x28c1,0x30e2,0x4165,0x9265,0xfe80,0xfdc0,0x6062,0x7a67,0x3102,0x69c4,0x6a05,
0x81c3,0xec47,0x1104,0x0841,0x0840,0x1061,0x0841,0x0841,0x1061,0x2104,0x2104,0x0000,0x1082,0x4a49,0x4a69,0x1081,
0x1082,0x0040,0x0020,0x1881,0x20a1,0x18c1,0xa242,0x69c3,0x1901,0x4122,0x28c1,0x71c4,0x28e2,0x60c3,0xbc02,0xfb40,
0x2083,0x38c2,0x20a2,0x1881,0x3123,0x1860,0x2081,0x2081,0x2040,0x1840,0x2060,0x28a1,0x28a1,0x30c1,0x38e1,0x30c1,
0x30c1,0x30a1,0x28a1,0x30e2,0x30c2,0x2061,0x2881,0x28a1,0x1840,0x1040,0x1881,0x4123,0x5163,0x4106,0xd3e3,0xff40,
0xc1e2,0x3104,0x7205,0x28c2,0x59a4,0x51c4,0xaae5,0xbba7,0x0883,0x0841,0x0820,0x1041,0x0841,0x0841,0x1061,0x2104,
0x2124,0x0000,0x1082,0x4a49,0x4a69,0x1081,0x1082,0x0041,0x0020,0x1081,0x20c1,0x0861,0x9180,0xb1e1,0x51a3,0x4963,
0x5183,0x4922,0x28c2,0x38e4,0xfea0,0xfd40,0x4002,0x0062,0x1861,0x3924,0x30c2,0x1861,0x1020,0x1840,0x2881,0x2060,
0x2881,0x2060,0x2860,0x30a1,0x38e2,0x30c1,0x2880,0x2860,0x30c1,0x3923,0x2060,0x2081,0x1820,0x1840,0x28a1,0x2061,
0x28c2,0x20a1,0x10a3,0x5925,0xfe40,0xfe00,0xa8e2,0x00c3,0x4963,0x4163,0x6a05,0x6205,0x91e2,0xb2c4,0x10c4,0x0841,
0x0820,0x1041,0x0841,0x0841,0x1061,0x2104,0x2104,0x0000,0x1082,0x4a49,0x4a69,0x1081,0x1081,0x0041,0x0020,0x1081,
0x1881,0x51e2,0xb242,0x99e1,0x3962,0x4983,0x4963,0x38e1,0x3123,0x6944,0xfe20,0xff00,0xe9c0,0x0002,0x10c2,0x4165,
0x1840,0x2081,0x1840,0x2061,0x2061,0x2060,0x2881,0x2880,0x2860,0x30a1,0x3903,0x30c1,0x2880,0x30a1,0x3923,0x2060,
0x2060,0x2881,0x1860,0x2061,0x2081,0x1861,0x28c2,0x18c2,0x3044,0x89e4,0xff00,0xfc80,0x2044,0x3103,0x4963,0x5183,
0x6a05,0x59e4,0x89c2,0xe3e6,0x08e4,0x0821,0x0840,0x0841,0x0841,0x0841,0x1081,0x2104,0x2104,0x0000,0x1082,0x4a49,
0x4a69,0x1081,0x1061,0x0040,0x0020,0x1081,0x20a1,0x18c1,0xaa63,0x7a03,0x08c1,0x4983,0x5183,0x4942,0x5183,0x28e3,
0xc0a0,0xffe0,0xd340,0x9001,0x3105,0x3903,0x1840,0x2081,0x2881,0x28a1,0x2060,0x2040,0x2860,0x30a1,0x30a1,0x30a1,
0x4102,0x30a1,0x30c1,0x4123,0x30c1,0x2060,0x1840,0x2881,0x28a1,0x28a1,0x2061,0x1861,0x10a2,0x30e3,0xb162,0xb422,
0xffe0,0x8802,0x49c5,0x4984,0x59c4,0x4963,0x6a26,0x4183,0xb2e5,0xbba6,0x0063,0x0021,0x0820,0x1061,0x0841,0x0841,
0x1881,0x2104,0x2104,0x0000,0x1082,0x4249,0x4a69,0x1882,0x1061,0x0040,0x0020,0x1061,0x20c1,0x0861,0x9980,0xba01,
0x3962,0x51a4,0x59a3,0x28a1,0x59a4,0x4963,0x2043,0xea00,0xfec0,0xfe40,0xd902,0x0003,0x28a2,0x28a1,0x1840,0x2040,
0x30a1,0x2880,0x30a1,0x2860,0x2860,0x38c1,0x4123,0x38c1,0x4123,0x38c1,0x2880,0x28a1,0x2881,0x2881,0x1840,0x2061,
0x30c2,0x18a2,0x0004,0xf261,0xab82,0xe4a1,0xf301,0x28c4,0x3123,0x28c1,0x3902,0x61c4,0x7a87,0x59c4,0x99e2,0x9a63,
0x0083,0x0041,0x0840,0x1041,0x0841,0x1061,0x18a2,0x2104,0x2104,0x0000,0x1082,0x4228,0x4249,0x18c2,0x1082,0x0040,
0x0020,0x1061,0x1881,0x5a03,0xb242,0xa201,0x2901,0x4143,0x5183,0x3922,0x59a4,0x4922,0x20e2,0x2002,0xfc40,0xff40,
0xfdc0,0x8001,0x0003,0x20c2,0x2061,0x2881,0x30a1,0x2860,0x30a1,0x3080,0x3080,0x38c1,0x4123,0x4102,0x4102,0x3080,
0x30a1,0x2880,0x2880,0x30a1,0x2061,0x2881,0x10a2,0x0003,0xa881,0xf680,0x6284,0xfba1,0x2003,0x4164,0x4963,0x3102,
0x3902,0x61a4,0x7a87,0x51a3,0x99c2,0xe3e5,0x08c3,0x0020,0x0841,0x1041,0x0841,0x1061,0x18c2,0x2104,0x2104,0x0000,
0x1082,0x4229,0x4249,0x18c2,0x1082,0x0020,0x0020,0x1061,0x20a1,0x18c2,0xa242,0x8a23,0x0060,0x28c1,0x5183,0x51a4,
0x59a3,0x4122,0x28a1,0x1082,0x3842,0xfbe0,0xcbc0,0xffa0,0xd0a1,0x0802,0x20a2,0x30c2,0x2881,0x3081,0x30a1,0x38c2,
0x38e1,0x38c1,0x4123,0x4103,0x38e1,0x38e1,0x38c1,0x2880,0x2861,0x30a1,0x30c2,0x0883,0x3002,0xfaa0,0xffe0,0xaae1,
0x8963,0x4903,0x18e3,0x3902,0x59a4,0x4963,0x5183,0x61e5,0x6a46,0x3122,0xbb05,0xb3a6,0x0001,0x0020,0x0841,0x1061,
0x0841,0x1061,0x18c2,0x2104,0x2104,0x0000,0x1082,0x4228,0x4249,0x18c2,0x1082,0x0020,0x0020,0x1061,0x20a1,0x0881,
0x8960,0xa9e0,0x3942,0x3902,0x6205,0x51a4,0x40e1,0x4122,0x38e1,0x28e1,0x5943,0xc8e1,0xfae0,0xf640,0xffe0,0xfae0,
0x58a2,0x2082,0x40e2,0x5102,0x4102,0x30e2,0x3102,0x38e2,0x4103,0x38e2,0x38e2,0x4123,0x4102,0x4102,0x20a2,0x20a2,
0x3022,0x98a1,0xf2c0,0xff40,0xfca0,0xb2e3,0x1863,0x4143,0x4123,0x4963,0x3902,0x28c1,0x3902,0x82a7,0x7267,0x4983,
0x91a1,0x79a2,0x0021,0x0020,0x0840,0x1061,0x0841,0x1061,0x18c2,0x2104,0x2104,0x0000,0x1082,0x4228,0x4249,0x18a2,
0x1082,0x0020,0x0020,0x1061,0x1081,0x51e3,0xa221,0xa1e1,0x2902,0x3902,0x51a3,0x59c4,0x38e1,0x3902,0x30c1,0x20a1,
0x79a4,0x0042,0x0002,0xf2a1,0xdc00,0x2881,0x38a2,0x61a2,0x7081,0x3002,0x1803,0x20a3,0x20a2,0x30c2,0x58e3,0x50a1,
0x20c2,0x20c3,0x20a3,0x2802,0x4801,0x40a2,0xb1c1,0xff00,0xfe00,0xfe80,0x9861,0x3944,0x20e3,0x4123,0x3902,0x4122,
0x4122,0x28c1,0x59c4,0x61e5,0x6205,0x3922,0x8160,0xbac3,0x0061,0x0000,0x0841,0x1041,0x0841,0x1061,0x18c2,0x2104,
0x2104,0x0000,0x1082,0x4229,0x4229,0x18a2,0x0882,0x0020,0x0020,0x1061,0x18a1,0x2102,0xaa43,0x79e2,0x0080,0x4122,
0x4983,0x59c4,0x4942,0x3902,0x2080,0x38e2,0x4963,0x30c1,0x4102,0x40a2,0x2023,0x50e1,0xfc80,0xdc80,0xff20,0xfd00,
0xea20,0x7861,0x6842,0x5822,0xb1c3,0xa0c1,0x4042,0x8082,0x8061,0xfac0,0xfe40,0xfd40,0xab80,0x6121,0xbac1,0x7002,
0x0043,0x4943,0x4102,0x3922,0x30c1,0x30e2,0x5183,0x59c4,0x6a25,0x4143,0x4963,0x10a1,0x8a02,0x92a3,0x0001,0x0000,
0x0841,0x1041,0x0841,0x1061,0x18c2,0x2104,0x2104,0x0000,0x1082,0x4228,0x4249,0x18a2,0x1082,0x0020,0x0020,0x1061,
0x20a1,0x0881,0x99a0,0xa1c0,0x3942,0x5183,0x59c4,0x4122,0x30c1,0x3922,0x30e1,0x5184,0x4102,0x4102,0x40e2,0x3903,
0x18c3,0x18a3,0x9821,0xfb40,0xd340,0xffa0,0xe4a0,0xffe0,0xffc0,0xec20,0xfe40,0xec20,0xfdc0,0xffe0,0xfea0,0xf660,
0xf680,0xdb80,0xfb60,0x6802,0x1062,0x3923,0x4944,0x30c2,0x2081,0x4123,0x3902,0x4122,0x4122,0x6a05,0x59c5,0x51a4,
0x5184,0x28c1,0x7900,0x6100,0x0000,0x0000,0x0841,0x1041,0x0841,0x1061,0x18c2,0x2104,0x2104,0x0000,0x1082,0x4228,
0x4229,0x18a2,0x1082,0x0020,0x0020,0x1061,0x1081,0x51e3,0xb221,0x99a1,0x3122,0x5183,0x51a4,0x4963,0x4122,0x3902,
0x3902,0x5183,0x5962,0x4123,0x18a2,0x0043,0x1003,0x5802,0xda41,0xf480,0xdbe0,0xffe0,0xe540,0xffe0,0xffe0,0xe400,
0xff80,0xf560,0xfde0,0xffe0,0xfe60,0xff40,0xf760,0xdb80,0xfbe0,0xa0e1,0x1802,0x0802,0x4902,0x5164,0x30e2,0x3902,
0x30c1,0x3923,0x7225,0x6a05,0x3902,0x61e4,0x4163,0x20a1,0x78e0,0x91e1,0x0041,0x0000,0x0841,0x1041,0x0841,0x0861,
0x18a2,0x2104,0x2104,0x0000,0x0881,0x4229,0x4229,0x1082,0x0861,0x0020,0x0020,0x1061,0x18a1,0x20e2,0xaa42,0x79e2,
0x10a0,0x51a4,0x4143,0x5183,0x4963,0x4943,0x4942,0x5183,0x4963,0x00a2,0x1002,0xa8a1,0xfce0,0xfda0,0xe420,0xcbc0,
0xfdc0,0xfbe0,0xe200,0x68a1,0x6082,0x7041,0xfa41,0xb920,0x4842,0x70e2,0x88a1,0xfae0,0xfd80,0xec60,0xe460,0xd480,
0xfee0,0xf341,0x2002,0x28a2,0x5163,0x3123,0x4122,0x7a05,0x6a05,0x51a4,0x4963,0x61e5,0x28e2,0x0840,0x6921,0x89e2,
0x0001,0x0000,0x0841,0x1041,0x0841,0x1061,0x18a2,0x2104,0x2104,0x0000,0x1081,0x4228,0x4249,0x1081,0x0861,0x0020,
0x0020,0x1061,0x18a1,0x1081,0xa1a0,0x9180,0x3942,0x51a4,0x5183,0x38e1,0x28a1,0x61a4,0x59a4,0x3943,0x0022,0x7801,
0xfb40,0xfdc0,0xfe60,0xe3a0,0xfc60,0xa8a1,0x3003,0x2003,0x2043,0x2063,0x1882,0x28c2,0x8123,0x68e1,0x10a2,0x28a3,
0x28a3,0x2003,0x2803,0x5802,0xfa41,0xfd40,0xfde0,0xc4a1,0xa161,0xfb00,0x4001,0x6184,0x7205,0x5984,0x71e5,0x1881,
0x38e2,0x69e5,0x28c2,0x1081,0x78e0,0x6920,0x0021,0x0000,0x0841,0x1061,0x0841,0x1061,0x18a2,0x2104,0x2124,0x0000,
0x1081,0x4229,0x4249,0x1081,0x0861,0x0020,0x0020,0x1061,0x1081,0x49a2,0xb221,0x91c1,0x3142,0x4143,0x4143,0x5163,
0x5163,0x51a3,0x4923,0x3002,0xd9a0,0xffe0,0xf600,0xfcc0,0xf200,0x4802,0x0803,0x0063,0x28c2,0x2882,0x30c2,0x38a1,
0x3081,0x38c1,0x7122,0x68c0,0x30c1,0x38a1,0x38a2,0x30a2,0x28a2,0x20e3,0x0002,0x1802,0x90c1,0x6122,0xe4c0,0xff80,
0xfee0,0x8861,0x28a4,0x9246,0x2902,0x30c1,0x4122,0x4984,0x2081,0x1081,0x68c0,0xa1e1,0x0041,0x0000,0x0841,0x1061,
0x0841,0x1061,0x18a2,0x2104,0x2104,0x0000,0x1081,0x4228,0x4229,0x1081,0x0861,0x0020,0x0020,0x1061,0x18a1,0x20e2,
0xaa42,0x69c2,0x18e1,0x4963,0x28a1,0x5983,0x5183,0x3943,0x3801,0xfe00,0xbba0,0xec20,0xc160,0x8002,0x0002,0x10c2,
0x30c2,0x30e2,0x2881,0x2840,0x2881,0x30c1,0x30c1,0x38c1,0x5102,0x5080,0x30c1,0x38c1,0x30c1,0x2860,0x2040,0x18a1,
0x18c1,0x30e2,0x40c2,0x7143,0xfca0,0xdae0,0xdc40,0xfda0,0xf360,0x38e5,0x59c4,0x4143,0x59c4,0x28c2,0x1861,0x0040,
0x6941,0x89e2,0x0001,0x0000,0x0840,0x1041,0x1041,0x1061,0x18a2,0x2104,0x2104,0x0000,0x1061,0x4228,0x4249,0x1082,
0x0861,0x0020,0x0020,0x1061,0x18a1,0x0881,0xa9a0,0x8980,0x49a4,0x5983,0x3902,0x18e2,0x3984,0x4002,0xfc20,0xf580,
0xff60,0xfa20,0x0002,0x08c3,0x28a2,0x28c2,0x1840,0x2061,0x30c1,0x2880,0x30a1,0x2860,0x2860,0x30c1,0x4102,0x40a0,
0x2880,0x2860,0x2881,0x30a1,0x38a1,0x7122,0x9941,0xa140,0x7982,0x3123,0x0003,0x4801,0xfdc0,0xe5c0,0xfee0,0xa920,
0x39c5,0x28e2,0x5984,0x20c1,0x20a1,0x1081,0x80e0,0x7940,0x0021,0x0000,0x0841,0x1041,0x0841,0x1061,0x18a2,0x2104,
0x2104,0x0000,0x0881,0x4228,0x4228,0x1082,0x0861,0x0020,0x0020,0x1041,0x1081,0x4182,0xa9e1,0x7160,0x51a4,0x5963,
0x3922,0x3184,0xa903,0xea60,0xfec0,0xfd20,0x90c1,0xa0c1,0x4903,0x18a2,0x2081,0x28a1,0x1840,0x2061,0x28a1,0x2060,
0x28a1,0x2860,0x2860,0x30a1,0x30e2,0x30a0,0x38c1,0x48e1,0x5122,0x5102,0x40c1,0x40e2,0x1860,0x0061,0x2903,0x2081,
0x08a2,0x5923,0xe1c1,0xc240,0xff20,0xfe00,0x6083,0x59e5,0x79e5,0x1061,0x2081,0x0881,0x80e0,0xa9c1,0x0021,0x0000,
0x0841,0x1041,0x0841,0x1061,0x18a2,0x2104,0x2104,0x0000,0x0881,0x4228,0x4228,0x1082,0x0861,0x0020,0x0020,0x1041,
0x1881,0x2902,0xa202,0x59a2,0x4163,0x5122,0x2123,0x7123,0xe1a0,0xe5a0,0xff80,0xa021,0x10a3,0x18e2,0x6944,0x40e2,
0x1841,0x2081,0x28a1,0x28c2,0x1840,0x1820,0x2060,0x28a1,0x28a1,0x30a1,0x28c2,0x38c1,0x4102,0x40e1,0x30c1,0x1040,
0x1020,0x2081,0x2081,0x30e2,0x3923,0x2061,0x5923,0x7184,0x2103,0x2804,0xfb20,0xff20,0xb281,0x4104,0x20e2,0x1040,
0x1861,0x0020,0x7141,0x9202,0x0001,0x0000,0x0041,0x1041,0x0841,0x1061,0x18a2,0x2103,0x2104,0x0000,0x0881,0x4208,
0x4228,0x1081,0x0861,0x0020,0x0000,0x1040,0x1881,0x20c1,0xa1a0,0x7161,0x51a4,0x5163,0x4104,0xfb80,0xffe0,0xfca0,
0xa041,0x10a3,0x30e2,0x0820,0x0841,0x30e2,0x4123,0x38e2,0x1840,0x1840,0x28a1,0x2040,0x2881,0x2860,0x30a1,0x30e2,
0x28c2,0x2880,0x2880,0x2060,0x2880,0x2881,0x2060,0x2081,0x1020,0x2881,0x4123,0x4903,0x30e3,0x0841,0x20a1,0x3964,
0x3824,0xea41,0xfd60,0x9ac1,0x0022,0x20a1,0x2081,0x1081,0x80e0,0x7920,0x0041,0x0000,0x0020,0x0840,0x0841,0x1061,
0x1881,0x20e3,0x2104,0x0000,0x0861,0x4208,0x4228,0x1061,0x0861,0x0020,0x0000,0x1040,0x1061,0x49a2,0xa9e0,0x7181,
0x4143,0x10a3,0x8921,0xffe0,0xff40,0xb9c1,0x0002,0x4102,0x38e2,0x0820,0x1881,0x2081,0x1041,0x30c2,0x28a2,0x28c2,
0x28c2,0x2060,0x38c2,0x30c1,0x2860,0x28a1,0x28a1,0x2880,0x28a0,0x2860,0x2880,0x2060,0x2881,0x30c2,0x30a1,0x3923,
0x2081,0x0820,0x20a2,0x2081,0x20a1,0x4123,0x2103,0x2823,0xfca0,0xfe20,0x1001,0x38e3,0x1061,0x1881,0x78e0,0xb9c1,
0x0021,0x0000,0x0820,0x0841,0x0841,0x0861,0x18a2,0x2103,0x2104,0x0000,0x0881,0x4208,0x4208,0x1081,0x0861,0x0020,
0x0000,0x1040,0x1081,0x3122,0x9a02,0x59a3,0x2902,0x50e2,0xfde0,0xd360,0xfb00,0x1023,0x20a1,0x28a1,0x5163,0x30e2,
0x30e2,0x1020,0x0800,0x2081,0x28a1,0x28c2,0x28a1,0x2881,0x28c2,0x30e2,0x28c1,0x28c1,0x20a1,0x2060,0x30e2,0x30e2,
0x30e2,0x30c2,0x28a1,0x28c2,0x28c2,0x3102,0x0820,0x1020,0x1041,0x30e2,0x4122,0x3902,0x30e2,0x10a3,0x5903,0xf420,
0x4081,0x4943,0x0020,0x0020,0x6121,0x89c2,0x0021,0x0000,0x0840,0x1041,0x0841,0x0861,0x18a2,0x2103,0x2104,0x0000,
0x0861,0x4208,0x4228,0x1061,0x0861,0x0020,0x0000,0x1040,0x1081,0x3101,0x9180,0x5162,0x3144,0xba21,0xe4a0,0xfe80,
0x8001,0x2943,0x30e2,0x4102,0x30c1,0x0820,0x1861,0x20a2,0x1861,0x20a1,0x1040,0x28a1,0x30c2,0x1840,0x20a1,0x2060,
0x2040,0x28a1,0x20c2,0x2081,0x28a1,0x2081,0x28a1,0x20a1,0x2060,0x1860,0x2081,0x28c2,0x2081,0x1860,0x20a2,0x1861,
0x2080,0x4122,0x4122,0x2923,0x7162,0xfb80,0xf520,0x1842,0x1840,0x0881,0x78e0,0x8120,0x0041,0x0000,0x0020,0x0840,
0x0841,0x0861,0x1881,0x20e3,0x2104,0x0000,0x0861,0x3a08,0x4208,0x0861,0x0861,0x0020,0x0000,0x1040,0x0861,0x4982,
0x99c0,0x3142,0x38c3,0xfde0,0xdc60,0xf240,0x0022,0x4143,0x30c1,0x3901,0x30c1,0x0820,0x1861,0x1881,0x1061,0x28c2,
0x28a1,0x1861,0x20a1,0x1840,0x2081,0x2040,0x2040,0x28a1,0x20a1,0x2060,0x2880,0x2060,0x2081,0x2060,0x1860,0x2081,
0x3102,0x2081,0x1861,0x1840,0x20a2,0x2061,0x2080,0x3922,0x3902,0x3923,0x99c4,0x4000,0xfc40,0x3041,0x78a1,0x1881,
0x68e0,0xc1c1,0x0041,0x0000,0x0020,0x0840,0x0841,0x0861,0x1881,0x20e3,0x2104,0x0000,0x0861,0x3a08,0x4208,0x0861,
0x0841,0x0020,0x0000,0x1040,0x0861,0x3942,0x9a02,0x3943,0x7182,0xff80,0xfda0,0x3003,0x5163,0x3922,0x2060,0x2080,
0x5163,0x30c2,0x28e2,0x0820,0x1861,0x30e2,0x28c1,0x28c1,0x1840,0x1000,0x1860,0x28c1,0x28a1,0x28a1,0x1881,0x1840,
0x30c1,0x30c1,0x28c1,0x1840,0x1020,0x20a1,0x3923,0x28a1,0x1040,0x1020,0x1041,0x30e2,0x4122,0x3902,0x28c1,0x4122,
0x61c4,0x0021,0xaa20,0xeb61,0x70e2,0x3060,0x4921,0x91a1,0x0020,0x0000,0x0020,0x0840,0x0841,0x0861,0x1881,0x20e3,
0x2104,0x0000,0x0861,0x39e7,0x3a08,0x0861,0x0841,0x0020,0x0000,0x1040,0x1081,0x4942,0x9180,0x38e2,0xaa21,0xfd80,
0xc300,0x2002,0x38e2,0x4963,0x3902,0x4922,0x38e2,0x0840,0x1881,0x28e2,0x28e2,0x28c2,0x1020,0x1861,0x28c2,0x1861,
0x28a1,0x1861,0x1840,0x28c1,0x20a1,0x2081,0x28a1,0x2060,0x28a1,0x20a1,0x2060,0x30e2,0x28c2,0x1840,0x20a1,0x1861,
0x28c2,0x2081,0x2081,0x4943,0x3902,0x6183,0x1861,0x0000,0x60a0,0xfc21,0xeb61,0x50c1,0x50e0,0x8920,0x0041,0x0000,
0x0020,0x0840,0x0840,0x0861,0x1881,0x20e3,0x2104,0x0000,0x0861,0x39e7,0x3a08,0x0861,0x0841,0x0020,0x0000,0x0840,
0x0861,0x4962,0x99c0,0x1843,0xcb81,0xf5a0,0xba41,0x50e3,0x4123,0x5184,0x4942,0x5163,0x4123,0x1881,0x28e3,0x28e3,
0x20a2,0x28e2,0x1881,0x20a2,0x28e2,0x1881,0x28c2,0x20a1,0x1881,0x28c2,0x18a2,0x2081,0x28c2,0x20a1,0x28c2,0x20c2,
0x2081,0x3123,0x20c2,0x20a1,0x28c2,0x28c2,0x3124,0x3923,0x4143,0x59a4,0x69e5,0x9225,0x0020,0x0000,0x2020,0xeb00,
0xfc21,0x89a1,0x50c0,0xb981,0x0041,0x0000,0x0020,0x0840,0x0841,0x0841,0x1882,0x20e3,0x2104,0x0000,0x0861,0x39e7,
0x3a08,0x0861,0x0841,0x0020,0x0000,0x1040,0x0861,0x4142,0x91e2,0x3082,0xfea0,0xfe00,0xe120,0x0923,0x4943,0x3902,
0x1840,0x1860,0x4942,0x38e2,0x3103,0x0800,0x0800,0x2081,0x28c1,0x28c2,0x1040,0x1000,0x1840,0x28c2,0x28a1,0x28a1,
0x1861,0x1820,0x30e2,0x30c1,0x30e2,0x1840,0x1840,0x28e2,0x28a1,0x28a1,0x1040,0x1020,0x1041,0x3102,0x4142,0x30e2,
0x4922,0x4923,0x20a1,0x0061,0x5921,0xd1a0,0xe2a3,0xf4c2,0x38a1,0x9181,0x0041,0x0000,0x0020,0x1041,0x0841,0x0841,
0x18a2,0x20e3,0x2104,0x0000,0x0861,0x39c7,0x39e8,0x1061,0x0841,0x0020,0x0000,0x1040,0x1081,0x5162,0x9180,0x2042,
0xe4c0,0xec40,0x88c1,0x08a1,0x28a1,0x3922,0x30c1,0x38e1,0x3902,0x1881,0x1061,0x20a1,0x1861,0x20a1,0x1000,0x1040,
0x28c1,0x1860,0x20a1,0x1840,0x1820,0x28c1,0x20a1,0x2081,0x2880,0x2060,0x2881,0x2081,0x20a1,0x28e2,0x1020,0x1040,
0x20a1,0x1861,0x20c2,0x1861,0x1860,0x4122,0x69c4,0x20a1,0x0820,0x0000,0xa160,0x90c0,0xfc21,0xdb61,0x60c0,0x7900,
0x0061,0x0000,0x0020,0x0841,0x0841,0x0841,0x18a2,0x20e3,0x2104,0x0000,0x0861,0x39c7,0x39e7,0x0861,0x0841,0x0020,
0x0000,0x1040,0x0060,0x4961,0x99c1,0x2862,0xec80,0xdb60,0x50c2,0x40e1,0x2081,0x3922,0x28c1,0x3901,0x4943,0x0020,
0x1061,0x1881,0x1861,0x20a2,0x1020,0x1040,0x20a2,0x1840,0x20a1,0x1840,0x1840,0x28c1,0x2081,0x2081,0x28a1,0x2060,
0x2881,0x2081,0x28c2,0x28c2,0x1020,0x1840,0x2081,0x1040,0x28c2,0x1861,0x1020,0x5984,0x69e4,0x1040,0x0840,0x1840,
0xc160,0x5860,0x7861,0xc2e0,0x70e0,0xa161,0x0040,0x0000,0x0020,0x0841,0x0841,0x0841,0x1081,0x18e3,0x2104,0x0000,
0x0861,0x39c7,0x39e7,0x0861,0x0841,0x0020,0x0000,0x0840,0x0860,0x4162,0x91e2,0x38e2,0xff40,0xe300,0x1022,0x6163,
0x4143,0x3902,0x1860,0x4102,0x5983,0x28a1,0x28e2,0x0820,0x0800,0x2081,0x28c2,0x28c2,0x1040,0x1000,0x1860,0x30e2,
0x30c1,0x28c2,0x1861,0x1840,0x38e2,0x30e1,0x30e2,0x1840,0x20c2,0x20a1,0x28a1,0x28c1,0x1040,0x1000,0x1861,0x30e2,
0x4122,0x61e5,0x1861,0x0020,0x20a2,0x48a0,0x30c1,0x3820,0xa921,0xdc21,0x4061,0x8161,0x0020,0x0000,0x0020,0x0841,
0x0841,0x0841,0x1081,0x18e3,0x2104,0x0000,0x0861,0x39c7,0x39e7,0x0861,0x0041,0x0020,0x0000,0x0840,0x0860,0x5161,
0x9180,0x2842,0xece0,0xd2c0,0x28a3,0x8162,0x0881,0x3902,0x4122,0x5163,0x20a1,0x0800,0x1061,0x20a1,0x1861,0x20a2,
0x0820,0x1040,0x28c2,0x1860,0x28a1,0x1840,0x1840,0x28c1,0x20a1,0x2881,0x28a1,0x2060,0x2881,0x28c2,0x2903,0x20a1,
0x1020,0x1040,0x20a1,0x1861,0x20c2,0x1040,0x2081,0x61c4,0x1860,0x1861,0x0040,0x6080,0x1840,0x4080,0x68a1,0xcae0,
0x78c0,0x70e0,0x0060,0x0000,0x0020,0x0841,0x0841,0x0841,0x1081,0x18c3,0x2104,0x0000,0x0861,0x39c7,0x39e7,0x0861,
0x0041,0x0020,0x0000,0x0840,0x0040,0x4141,0xa1a0,0x3841,0xdc80,0xdb20,0x0862,0x6942,0x18a1,0x3922,0x5163,0x38e1,
0x28a1,0x0800,0x1061,0x1881,0x1861,0x20a1,0x0820,0x1040,0x20c2,0x1860,0x28a1,0x1840,0x1840,0x28a1,0x1881,0x2081,
0x28a1,0x2060,0x28a1,0x28e2,0x20a1,0x20a1,0x1020,0x1040,0x20a1,0x1840,0x20c2,0x0840,0x5183,0x5183,0x1040,0x1060,
0x1060,0x78c0,0x0020,0x5880,0x48a1,0xcb20,0x70a0,0x9960,0x0040,0x0000,0x0020,0x0841,0x0841,0x0841,0x1081,0x18c3,
0x2104,0x0000,0x0861,0x31a7,0x39c7,0x0841,0x0041,0x0020,0x0000,0x0840,0x0040,0x4161,0x99e1,0x4001,0xff00,0xfc20,
0x0002,0x5163,0x5163,0x5183,0x2081,0x2060,0x4143,0x28a1,0x28e2,0x0820,0x0800,0x1881,0x20a2,0x28c2,0x1840,0x1020,
0x1860,0x30e2,0x30c2,0x28c2,0x1061,0x1840,0x30e2,0x30e1,0x30e2,0x20c2,0x1020,0x2081,0x28a1,0x28a1,0x1040,0x1000,
0x1041,0x3923,0x59c4,0x3102,0x0000,0x0000,0x48c1,0x58c0,0x0861,0x6820,0x7222,0xe540,0x2801,0x8161,0x0020,0x0000,
0x0020,0x0841,0x0840,0x0841,0x1061,0x18c3,0x1904,0x0000,0x0861,0x31a7,0x39c7,0x0841,0x0041,0x0020,0x0000,0x0840,
0x0861,0x5961,0x8960,0x6061,0xbc60,0xfc40,0x2022,0x28a1,0x6163,0x5163,0x28c1,0x30e1,0x28a1,0x0820,0x1061,0x1881,
0x1861,0x20a2,0x1020,0x1040,0x28c2,0x1860,0x28a1,0x1860,0x1840,0x28c1,0x1881,0x2081,0x2881,0x2060,0x28a1,0x28e2,
0x2061,0x20a1,0x1020,0x1040,0x20a1,0x1840,0x20c2,0x3923,0x20a1,0x3902,0x1040,0x0040,0x60e1,0x0020,0x0020,0x7881,
0x6a21,0xe300,0x4840,0x7900,0x0061,0x0000,0x0020,0x0841,0x0840,0x0841,0x1061,0x18c3,0x1904,0x0000,0x0861,0x31a6,
0x39c7,0x0841,0x0040,0x0000,0x0000,0x0840,0x0040,0x4941,0x91a0,0x6901,0x61e1,0xece0,0x4842,0x1081,0x6143,0x3922,
0x28c1,0x30e1,0x28a1,0x0800,0x1061,0x1881,0x1861,0x20a1,0x1020,0x1040,0x28a2,0x1840,0x28a1,0x1860,0x1840,0x28c1,
0x1881,0x2081,0x28a1,0x2060,0x28c1,0x20a1,0x1860,0x20a1,0x1020,0x1040,0x20a1,0x1040,0x3103,0x28e2,0x2060,0x30c2,
0x0840,0x1060,0x70e1,0x0000,0x0020,0x6801,0xd420,0xc1e0,0x40a0,0x9940,0x0040,0x0000,0x0020,0x0841,0x0840,0x0841,
0x1081,0x18c3,0x18e3,0x0000,0x0861,0x31a6,0x31a6,0x0841,0x0040,0x0000,0x0000,0x0840,0x0020,0x4141,0x89e1,0x5101,
0x6142,0xe520,0x98e0,0x2103,0x61a3,0x3922,0x1860,0x2080,0x4122,0x20a1,0x20c2,0x0820,0x0800,0x1881,0x20c1,0x28c2,
0x1840,0x1000,0x1860,0x30e2,0x30c2,0x28c2,0x1040,0x1840,0x3902,0x30c1,0x3123,0x1840,0x1000,0x20a1,0x20a1,0x28c2,
0x1040,0x0800,0x3123,0x30e2,0x3902,0x30c2,0x0000,0x4880,0x58e1,0x0861,0x48a1,0x6061,0xfd60,0xc0e0,0x38e1,0x9181,
0x0020,0x0000,0x0020,0x0840,0x0820,0x0840,0x1081,0x18c3,0x18e3,0x0000,0x0841,0x3186,0x31a6,0x0841,0x0040,0x0000,
0x0000,0x0820,0x0040,0x5161,0x8160,0x4101,0x7921,0xcd20,0xaaa0,0x9102,0x20c1,0x5163,0x20c1,0x30e1,0x28a1,0x0820,
0x1061,0x1881,0x1861,0x20a1,0x1020,0x1840,0x20a1,0x1840,0x28a1,0x1860,0x1840,0x28c1,0x1881,0x2881,0x28a1,0x2060,
0x20c2,0x2081,0x2061,0x28a1,0x1020,0x1040,0x20a1,0x28a2,0x3923,0x1040,0x2060,0x28a1,0x0040,0x6901,0x0040,0x0000,
0x6840,0x3941,0xfd20,0x3000,0x48c0,0x8100,0x0040,0x0000,0x0020,0x0820,0x0840,0x0840,0x1081,0x18c3,0x18e3,0x0000,
0x0841,0x3186,0x31a6,0x0861,0x0040,0x0000,0x0000,0x0840,0x0020,0x4961,0x89a0,0x20c1,0x30a1,0x5981,0xcb80,0xa1c1,
0x0061,0x4922,0x4102,0x28c1,0x28a1,0x0800,0x1040,0x1881,0x1861,0x20a1,0x1020,0x1040,0x20a1,0x1840,0x28a1,0x1840,
0x1840,0x28a1,0x1881,0x2881,0x28a1,0x2081,0x28c2,0x2081,0x1861,0x20a1,0x1020,0x1020,0x28e2,0x28e2,0x20c2,0x1040,
0x1840,0x1081,0x40a1,0x50c1,0x0041,0x1840,0x8000,0xe440,0xeaa0,0x0021,0x40a0,0xa160,0x0020,0x0000,0x0020,0x0840,
0x0840,0x0841,0x1081,0x18c3,0x18e3,0x0000,0x0861,0x2986,0x3186,0x0841,0x0040,0x0000,0x0000,0x0840,0x0040,0x3941,
0x81c1,0x30e1,0x30a1,0x40a1,0xed00,0x8101,0x28e2,0x30e2,0x5922,0x1081,0x3902,0x2081,0x20c2,0x0820,0x0800,0x1881,
0x20a1,0x20a1,0x1840,0x1000,0x1860,0x30e2,0x30c1,0x28c1,0x1040,0x1840,0x3902,0x3102,0x3102,0x1020,0x0800,0x2081,
0x20a1,0x28c2,0x28e2,0x1040,0x1040,0x28e2,0x30e2,0x18a1,0x70c0,0x0020,0x18a2,0x5881,0x28a1,0xfd00,0x7800,0x0820,
0x6141,0x91a2,0x0020,0x0000,0x0020,0x0841,0x0820,0x0841,0x1081,0x18c2,0x18e3,0x0000,0x0841,0x2965,0x3186,0x0841,
0x0020,0x0000,0x0000,0x0820,0x0860,0x4921,0x7940,0x4901,0x38e1,0x3061,0x59a2,0xd520,0x4801,0x18e2,0x5102,0x5122,
0x1881,0x0820,0x1061,0x1881,0x1861,0x20a1,0x1020,0x1040,0x20a1,0x1840,0x20a1,0x1860,0x1840,0x28a1,0x1881,0x28a1,
0x28a1,0x18a1,0x2081,0x2081,0x1861,0x20a1,0x0800,0x2081,0x3102,0x1040,0x28c2,0x1861,0x0040,0x50e1,0x48a0,0x0841,
0x3881,0x6001,0xc3c0,0xeae0,0x0001,0x1881,0x68e0,0x7100,0x0061,0x0000,0x0020,0x0840,0x0840,0x0841,0x1081,0x18c2,
0x18e3,0x0000,0x0841,0x2965,0x2986,0x0841,0x0020,0x0000,0x0000,0x0820,0x0040,0x4141,0x7960,0x48e0,0x30c1,0x28a1,
0x3042,0xdd61,0xe3e0,0x1002,0x28c2,0x5942,0x1081,0x0000,0x1041,0x1881,0x1861,0x20a1,0x0820,0x1020,0x20a1,0x1840,
0x20a1,0x1860,0x1840,0x28a1,0x1861,0x2881,0x28c1,0x1881,0x2081,0x2081,0x1860,0x20a1,0x1040,0x28c2,0x20a2,0x1040,
0x28c2,0x0840,0x1040,0x6901,0x0020,0x0061,0x7061,0x5a01,0xfd40,0x3800,0x0020,0x28a1,0x60c0,0x9160,0x0020,0x0000,
0x0020,0x0840,0x0840,0x0841,0x1061,0x18a2,0x18e3,0x0000,0x0841,0x2965,0x2965,0x0841,0x0020,0x0000,0x0000,0x0820,
0x0040,0x4141,0x71a1,0x30e1,0x1860,0x50c0,0x58e1,0x28e2,0xfce0,0x88c1,0x0041,0x38c1,0x6943,0x0881,0x20a2,0x0820,
0x0800,0x1881,0x20a1,0x20a1,0x1840,0x1000,0x1840,0x28e2,0x28a1,0x28c1,0x1020,0x1840,0x3102,0x30c2,0x30e2,0x1020,
0x0800,0x2081,0x3902,0x28e2,0x1040,0x0800,0x1041,0x10c2,0x6962,0x18a1,0x0000,0x5840,0x2801,0xeb40,0xa120,0x0000,
0x0000,0x0020,0x5921,0x81a2,0x0020,0x0000,0x0020,0x0841,0x0820,0x0841,0x1061,0x18a2,0x18c3,0x0000,0x0841,0x2945,
0x2965,0x0041,0x0020,0x0000,0x0000,0x0820,0x0840,0x4101,0x6940,0x48e1,0x28a1,0x48e1,0x38e1,0x2821,0x6242,0xf460,
0x6801,0x0082,0x5102,0x2061,0x0841,0x1861,0x1061,0x1881,0x1020,0x1040,0x20a1,0x1840,0x2081,0x1840,0x1840,0x28a1,
0x1861,0x2080,0x20a1,0x1840,0x2081,0x2081,0x1840,0x30e2,0x1861,0x1040,0x20a1,0x1041,0x00a2,0x58e1,0x60e0,0x0861,
0x2861,0x4000,0xdc20,0xfbc0,0x2001,0x0061,0x0820,0x1881,0x60e0,0x6100,0x0061,0x0000,0x0020,0x0820,0x0820,0x0841,
0x1061,0x18a2,0x18c3,0x0000,0x0841,0x2945,0x2945,0x0041,0x0020,0x0000,0x0000,0x0820,0x0020,0x3921,0x6940,0x40c0,
0x30e1,0x4102,0x20c2,0x3081,0x3041,0x6202,0xf560,0x78a2,0x0041,0x60c1,0x1061,0x1061,0x1861,0x1881,0x0820,0x1040,
0x2081,0x1040,0x2081,0x1840,0x1820,0x2081,0x1861,0x2081,0x20a1,0x1820,0x2060,0x1881,0x20a1,0x28e2,0x0800,0x1020,
0x20a1,0x0041,0x38e2,0x6900,0x0020,0x3081,0x3801,0x6a40,0xf400,0x5000,0x0021,0x1881,0x0840,0x28a1,0x58a0,0x7940,
0x0040,0x0000,0x0020,0x0820,0x0820,0x0841,0x1061,0x10a2,0x18c3,0x0020,0x0841,0x2145,0x2945,0x0840,0x0020,0x0000,
0x0000,0x0820,0x0020,0x3101,0x6961,0x28c1,0x2060,0x30c1,0x1861,0x28c2,0x50e1,0x1801,0x7b81,0xfda0,0x5802,0x0042,
0x58e2,0x0020,0x0800,0x1861,0x1881,0x2081,0x1040,0x0800,0x1840,0x28a1,0x20a1,0x28a1,0x1020,0x1840,0x28c2,0x28a1,
0x28c2,0x1840,0x2061,0x1881,0x20a1,0x20a1,0x0020,0x0840,0x7141,0x10a2,0x2881,0x2001,0x7a60,0xec20,0x4801,0x0041,
0x20a1,0x0000,0x0000,0x0020,0x6101,0x7161,0x0020,0x0000,0x0000,0x0820,0x0820,0x0840,0x1061,0x10a2,0x18c3,0x0020,
0x0041,0x2124,0x2145,0x0020,0x0020,0x0000,0x0000,0x0020,0x0840,0x30e1,0x5900,0x40c0,0x30c1,0x28a1,0x2081,0x1860,
0x1881,0x50e1,0x2801,0x59e1,0xe420,0x98c1,0x0001,0x68e2,0x0041,0x1861,0x1020,0x1040,0x1881,0x1040,0x1861,0x1840,
0x1840,0x2081,0x1860,0x2081,0x2080,0x1840,0x2081,0x30c2,0x1860,0x2081,0x0820,0x0820,0x18a1,0x7920,0x20c2,0x3061,
0x3001,0x6a21,0xec40,0x7820,0x0001,0x0000,0x0840,0x1041,0x0820,0x1861,0x50c0,0x48e0,0x0040,0x0000,0x0000,0x0820,
0x0820,0x0820,0x1061,0x1082,0x18c3,0x0020,0x0841,0x2104,0x2124,0x0041,0x0020,0x0000,0x0000,0x0820,0x0020,0x3101,
0x5920,0x40a0,0x30e2,0x28a1,0x20a1,0x1840,0x1840,0x28a1,0x48c1,0x4841,0x3141,0xfc80,0xdac0,0x3001,0x7081,0x0081,
0x0020,0x1020,0x1881,0x1040,0x1861,0x1840,0x1820,0x2060,0x1860,0x1861,0x2060,0x1840,0x30c1,0x1881,0x1060,0x1881,
0x0000,0x1060,0x60e1,0x3881,0x3881,0x2861,0xd420,0xebc0,0x3800,0x0061,0x0841,0x0000,0x0820,0x1061,0x0840,0x2081,
0x50a0,0x6900,0x0020,0x0000,0x0020,0x0820,0x0820,0x0820,0x0861,0x10a2,0x18c3,0x0020,0x0041,0x2104,0x2124,0x0041,
0x0020,0x0000,0x0000,0x0020,0x0020,0x30e1,0x5941,0x28a1,0x2081,0x1040,0x1840,0x20a1,0x2081,0x28a1,0x0841,0x3881,
0x60c1,0x0801,0x7ac1,0xfc00,0xda00,0x9080,0x0001,0x0061,0x0841,0x0820,0x1040,0x2081,0x1881,0x2881,0x2040,0x1040,
0x20a1,0x40c1,0x30c1,0x0820,0x0000,0x0041,0x48c1,0x8120,0x4880,0x3021,0x3941,0xbb20,0xe300,0x1801,0x0000,0x0000,
0x20a1,0x1060,0x1881,0x0000,0x0000,0x0020,0x48e1,0x6921,0x0020,0x0000,0x0020,0x0820,0x0820,0x0820,0x0841,0x1082,
0x10a2,0x0020,0x0040,0x2104,0x2104,0x0020,0x0020,0x0000,0x0000,0x0020,0x0820,0x28c1,0x4900,0x38a0,0x30c1,0x1860,
0x1861,0x1840,0x1040,0x20a1,0x1861,0x1081,0x1061,0x6880,0x3001,0x1881,0xb400,0xc2c0,0xf340,0x70c1,0x1021,0x0001,
0x0021,0x0021,0x0021,0x2061,0x2060,0x0020,0x60a1,0x1841,0x0041,0x0841,0x1841,0x7941,0x8960,0x3860,0x28a1,0xab60,
0xec60,0x98a0,0x0001,0x0061,0x0840,0x1041,0x1041,0x0000,0x0820,0x0840,0x0820,0x1860,0x40a0,0x40c0,0x0020,0x0000,
0x0000,0x0820,0x0820,0x0820,0x0841,0x1082,0x10a2,0x0020,0x0040,0x18e3,0x2104,0x0020,0x0020,0x0000,0x0000,0x0020,
0x0020,0x28e1,0x4900,0x38a0,0x30e1,0x1880,0x2081,0x1020,0x0820,0x1881,0x1861,0x1881,0x1040,0x0000,0x1840,0x48a0,
0x3021,0x2081,0x8b00,0xece0,0xc2e0,0xda60,0x7940,0x68c0,0x58e0,0x2881,0x2080,0xa180,0x60c0,0x6100,0x78e0,0x79c0,
0x6980,0x30a1,0x3941,0x9ac0,0xd360,0xb1c0,0x0002,0x0001,0x0000,0x1040,0x1040,0x1061,0x0820,0x0000,0x0020,0x1061,
0x0840,0x1861,0x4080,0x5100,0x0020,0x0000,0x0000,0x0820,0x0820,0x0820,0x0841,0x1082,0x10a2,0x0020,0x0040,0x18e3,
0x18e3,0x0020,0x0020,0x0000,0x0000,0x0000,0x0020,0x20c1,0x4901,0x28a0,0x1060,0x2080,0x2081,0x28a1,0x28a1,0x30a1,
0x2860,0x3080,0x30a1,0x2060,0x2861,0x4860,0x68a0,0x8100,0x50a0,0x3021,0x5181,0xcbe1,0xdb80,0xb2e0,0xbae0,0x69a0,
0x4940,0x9320,0x6180,0x7201,0x5981,0x61a1,0xaac0,0xdba0,0xec00,0xc260,0x7820,0x4081,0x40a2,0x30a2,0x28a1,0x28a1,
0x2061,0x1881,0x20a2,0x1881,0x2081,0x1061,0x1040,0x0020,0x38c0,0x5901,0x0020,0x0000,0x0020,0x0020,0x0820,0x0820,
0x0841,0x1081,0x10a2,0x0020,0x0020,0x18c3,0x18e3,0x0020,0x0000,0x0000,0x0000,0x0000,0x0820,0x0840,0x40e0,0x2880,
0x1860,0x1040,0x1860,0x1040,0x1040,0x20a1,0x1860,0x1860,0x1040,0x0000,0x0820,0x1840,0x0840,0x0060,0x0820,0x2860,
0x58c0,0x9140,0x99a0,0xdae0,0xca60,0xc2e3,0xe4c4,0xcc04,0xdbc2,0xf3e0,0xe360,0xda20,0x9900,0x2861,0x0001,0x0001,
0x0881,0x0841,0x1881,0x0040,0x0000,0x1040,0x0820,0x1040,0x0840,0x0000,0x0820,0x0840,0x0020,0x0840,0x3080,0x38c0,
0x0020,0x0000,0x0000,0x0020,0x0820,0x0820,0x0841,0x1061,0x10a2,0x0020,0x0020,0x18c3,0x18c3,0x0020,0x0020,0x0000,
0x0000,0x0000,0x0000,0x30e1,0x40e0,0x2860,0x2081,0x1060,0x1881,0x0820,0x0800,0x1060,0x1060,0x1860,0x0820,0x0000,
0x0000,0x0840,0x0820,0x0840,0x0000,0x0000,0x0041,0x0000,0x0040,0x0000,0x5121,0x82c2,0x7a41,0x6a21,0x92a2,0x30c1,
0x0001,0x0021,0x0021,0x0841,0x0000,0x0000,0x1061,0x0840,0x1081,0x0000,0x0000,0x0840,0x0840,0x0840,0x0020,0x0000,
0x0000,0x0840,0x0820,0x0840,0x3080,0x48e0,0x0020,0x0000,0x0000,0x0020,0x0020,0x0020,0x0841,0x1061,0x1082,0x0000,
0x0020,0x18c3,0x18c3,0x0020,0x0020,0x0000,0x0000,0x0000,0x0000,0x28c1,0x4101,0x2060,0x0820,0x0000,0x1040,0x1040,
0x1040,0x1040,0x0000,0x0800,0x1060,0x0000,0x0840,0x0000,0x0000,0x0820,0x0820,0x0820,0x0000,0x0000,0x0000,0x0820,
0x8aa2,0x4961,0x0000,0x0000,0x4101,0x8ac2,0x1061,0x0000,0x0000,0x0820,0x0840,0x1040,0x0020,0x0000,0x0000,0x1041,
0x0820,0x0840,0x0000,0x0000,0x1041,0x0820,0x0840,0x0000,0x0000,0x0000,0x3880,0x4901,0x0020,0x0000,0x0000,0x0020,
0x0020,0x0020,0x0840,0x1061,0x1082,0x0000,0x0020,0x10a2,0x18c3,0x0020,0x0000,0x0000,0x0000,0x0000,0x0000,0x1860,
0x4921,0x2880,0x1040,0x0820,0x1060,0x1060,0x1040,0x1881,0x0840,0x1040,0x1061,0x0020,0x0840,0x0820,0x0020,0x0841,
0x0820,0x0820,0x0840,0x0020,0x0020,0x1860,0x6a22,0x0000,0x0000,0x0000,0x0000,0x6a42,0x1881,0x0020,0x0820,0x1061,
0x0840,0x0841,0x1061,0x0020,0x1061,0x0861,0x0820,0x1061,0x0020,0x0840,0x1061,0x0820,0x0840,0x0820,0x0020,0x0820,
0x30a0,0x48e1,0x0000,0x0000,0x0000,0x0020,0x0020,0x0020,0x0840,0x0861,0x1082,0x0000,0x0020,0x10a2,0x10a2,0x0020,
0x0000,0x0000,0x0000,0x0000,0x0000,0x1061,0x1881,0x18a1,0x20c2,0x20c2,0x20c2,0x20c2,0x20c2,0x28e2,0x28e2,0x20e2,
0x20a2,0x1081,0x1081,0x18a2,0x18a2,0x18a2,0x1882,0x1882,0x1081,0x1081,0x1061,0x1081,0x7202,0x1040,0x0000,0x0000,
0x1860,0x6a23,0x1081,0x18a2,0x18c2,0x20c2,0x20c2,0x20c2,0x20c2,0x20c2,0x20e3,0x20c2,0x18c2,0x18c2,0x18a2,0x18c2,
0x18a2,0x18a2,0x18a1,0x18a1,0x1081,0x1081,0x1081,0x1881,0x0020,0x0000,0x0000,0x0020,0x0020,0x0020,0x0820,0x0861,
0x1082,0x0000,0x0020,0x10a2,0x10a2,0x0020,0x0000,0x0000,0x0000,0x0000,0x0000,0x0840,0x1061,0x1881,0x20a2,0x20c2,
0x20c2,0x20c2,0x20c2,0x20c2,0x20e2,0x20c2,0x18a2,0x1081,0x1081,0x10a2,0x18a2,0x1882,0x1082,0x1081,0x1081,0x1061,
0x1061,0x0041,0x3101,0x59a2,0x30c1,0x28c0,0x5182,0x20e1,0x1081,0x18a2,0x18a2,0x18c2,0x20c2,0x20c2,0x20c2,0x20c2,
0x20e3,0x20c3,0x18c2,0x18c2,0x18a2,0x18a2,0x18a2,0x18a2,0x18a2,0x18a1,0x18a2,0x1881,0x18a2,0x18a2,0x0020,0x0000,
0x0000,0x0020,0x0020,0x0020,0x0820,0x0861,0x0882,0x0000,0x0020,0x1082,0x1082,0x0020,0x0000,0x0000,0x0000,0x0000,
0x0000,0x0840,0x1061,0x1061,0x18a1,0x18a1,0x18a1,0x20c2,0x20c2,0x20c2,0x20e2,0x20c2,0x18a2,0x1081,0x1081,0x1082,
0x1082,0x1082,0x1081,0x1081,0x1081,0x1081,0x1081,0x1061,0x0041,0x1060,0x3901,0x30e1,0x1081,0x1061,0x18a1,0x18a2,
0x18a2,0x18c2,0x20c2,0x20c2,0x20c2,0x20e2,0x20e3,0x20e3,0x20c2,0x20c2,0x18c2,0x18c2,0x18a2,0x18a2,0x18a2,0x18a2,
0x18a2,0x18a2,0x18a2,0x18a2,0x0020,0x0000,0x0000,0x0000,0x0000,0x0020,0x0820,0x0841,0x0861,0x0000,0x0020,0x1082,
0x1082,0x0820,0x0000,0x0000,0x0000,0x0820,0x1040,0x1060,0x1861,0x20a1,0x28c2,0x20c1,0x20c1,0x20c1,0x28c2,0x28e2,
0x28c2,0x28c1,0x20a1,0x1881,0x1881,0x1881,0x1881,0x20a1,0x20a1,0x1881,0x1881,0x1061,0x1061,0x1061,0x1061,0x1040,
0x0820,0x0820,0x1861,0x1881,0x1881,0x20a1,0x20a1,0x20a1,0x20a2,0x20c2,0x20a1,0x20c2,0x20e2,0x20c2,0x20c2,0x28e2,
0x28c2,0x28e2,0x20c2,0x20a1,0x18a1,0x18a1,0x20c2,0x20c2,0x20c2,0x20c2,0x0840,0x0840,0x1041,0x1061,0x1061,0x1061,
0x1061,0x0841,0x0861,0x0000,0x0020,0x0862,0x1082,0x0020,0x0000,0x0000,0x0000,0x0820,0x1040,0x0020,0x5a23,0x5a23,
0x5224,0x5223,0x5a24,0x2080,0x1840,0x0820,0x0820,0x0820,0x0820,0x0820,0x0820,0x0020,0x0820,0x1881,0x20a1,0x1860,
0x0000,0x0000,0x0000,0x0000,0x0000,0x0000,0x0000,0x0000,0x0000,0x0000,0x0000,0x0000,0x0000,0x0020,0x0020,0x0000,
0x0000,0x0020,0x0020,0x0020,0x0020,0x0820,0x0820,0x1040,0x0840,0x0820,0x0020,0x0000,0x3122,0x3902,0x3922,0x3922,
0x28e2,0x0840,0x1041,0x0841,0x1061,0x0841,0x0840,0x0841,0x0861,0x0000,0x0020,0x0861,0x0861,0x0020,0x0000,0x0000,
0x0000,0x0000,0x0000,0x1881,0x4981,0x49c2,0x49e3,0x5244,0x30e1,0x0000,0x0000,0x0000,0x0000,0x0000,0x0000,0x0000,
0x0000,0x0000,0x0000,0x0000,0x0000,0x0000,0x0000,0x0000,0x0000,0x0000,0x0000,0x0000,0x0000,0x0000,0x0000,0x0000,
0x0000,0x0000,0x0000,0x0000,0x0000,0x0000,0x0000,0x0000,0x0000,0x0000,0x0000,0x0000,0x0000,0x0000,0x0020,0x0020,
0x0800,0x0000,0x0020,0x4942,0x3902,0x28c1,0x30e2,0x0000,0x0000,0x0020,0x0020,0x0820,0x0020,0x0820,0x0861,0x0000,
0x0020,0x0861,0x0861,0x0000,0x0000,0x0000,0x0000,0x0000,0x0000,0x3941,0x4182,0x4181,0x41c3,0x5224,0x0800,0x0000,
0x0000,0x0000,0x0000,0x0000,0x0000,0x0000,0x0000,0x0000,0x0000,0x0000,0x0000,0x0000,0x0000,0x0000,0x0000,0x0000,
0x0000,0x0000,0x0000,0x0000,0x0000,0x0000,0x0000,0x0000,0x0000,0x0000,0x0000,0x0000,0x0000,0x0000,0x0000,0x0000,
0x0000,0x0000,0x0020,0x0820,0x0820,0x0820,0x0820,0x0000,0x0000,0x2081,0x30e1,0x28c1,0x28c1,0x0000,0x0000,0x0020,
0x0020,0x0820,0x0000,0x0820,0x0841,0x0000,0x0000,0x0861,0x0861,0x0000,0x0000,0x0000,0x0000,0x0000,0x0000,0x1081,
0x49c2,0x4182,0x41a3,0x28a1,0x0000,0x0000,0x0000,0x0000,0x0000,0x0000,0x0000,0x0000,0x0000,0x0000,0x0000,0x0000,
0x0000,0x0000,0x0000,0x0000,0x0000,0x0000,0x0000,0x0000,0x0000,0x0000,0x0000,0x0000,0x0000,0x0000,0x0000,0x0000,
0x0000,0x0000,0x0000,0x0000,0x0000,0x0000,0x0000,0x0000,0x0020,0x0020,0x0820,0x0820,0x0000,0x0000,0x0000,0x0000,
0x1040,0x28c1,0x0840,0x0000,0x0000,0x0020,0x0820,0x0820,0x0020,0x0820,0x0841,0x0000,0x0000,0x0861,0x0861,0x0000,
0x0000,0x0000,0x0000,0x0000,0x0000,0x0000,0x28e1,0x28a1,0x2080,0x0000,0x0000,0x0000,0x0000,0x0000,0x0000,0x0000,
0x0000,0x0000,0x0000,0x0000,0x0000,0x0000,0x0000,0x0000,0x0000,0x0000,0x0000,0x0000,0x0000,0x0000,0x0000,0x0000,
0x0000,0x0000,0x0000,0x0000,0x0000,0x0000,0x0000,0x0000,0x0000,0x0000,0x0000,0x0000,0x0000,0x0000,0x0020,0x0020,
0x0820,0x0820,0x0000,0x0000,0x0000,0x0000,0x0000,0x0000,0x0000,0x0000,0x0000,0x0020,0x0820,0x0020,0x0020,0x0020,
0x0841,0x0000,0x0000,0x0841,0x0841,0x0000,0x0000,0x0000,0x0000,0x0000,0x0000,0x0000,0x0000,0x0000,0x0000,0x0000,
0x0000,0x0000,0x0000,0x0000,0x0000,0x0000,0x0000,0x0000,0x0000,0x0000,0x0000,0x0000,0x0000,0x0000,0x0000,0x0000,
0x0000,0x0000,0x0000,0x0000,0x0000,0x0000,0x0000,0x0000,0x0000,0x0000,0x0000,0x0000,0x0000,0x0000,0x0000,0x0000,
0x0000,0x0000,0x0000,0x0000,0x0020,0x0020,0x0020,0x0000,0x0000,0x0000,0x0000,0x0000,0x0000,0x0000,0x0000,0x0000,
0x0000,0x0020,0x0020,0x0020,0x0020,0x0020,0x0841,0x0000,0x0000,0x0841,0x0841,0x0000,0x0000,0x0000,0x0000,0x0000,
0x0000,0x0000,0x0000,0x0000,0x0000,0x0000,0x0000,0x0000,0x0000,0x0000,0x0000,0x0000,0x0000,0x0000,0x0000,0x0000,
0x0000,0x0000,0x0000,0x0000,0x0000,0x0000,0x0000,0x0000,0x0000,0x0000,0x0000,0x0000,0x0000,0x0000,0x0000,0x0000,
0x0000,0x0000,0x0000,0x0000,0x0000,0x0000,0x0000,0x0000,0x0000,0x0000,0x0000,0x0020,0x0000,0x0000,0x0000,0x0000,
0x0000,0x0000,0x0000,0x0000,0x0000,0x0000,0x0000,0x0020,0x0020,0x0020,0x0020,0x0020,0x0841,0x0000,0x0000,0x0841,
0x0841,0x0000,0x0000,0x0000,0x0000,0x0000,0x0000,0x0000,0x0000,0x0000,0x0000,0x0000,0x0000,0x0000,0x0000,0x0000,
0x0000,0x0000,0x0000,0x0000,0x0000,0x0000,0x0000,0x0000,0x0000,0x0000,0x0000,0x0000,0x0000,0x0000,0x0000,0x0000,
0x0000,0x0000,0x0000,0x0000,0x0000,0x0000,0x0000,0x0000,0x0000,0x0000,0x0000,0x0000,0x0000,0x0000,0x0000,0x0000,
0x0000,0x0000,0x0000,0x0000,0x0000,0x0000,0x0000,0x0000,0x0000,0x0000,0x0000,0x0000,0x0000,0x0020,0x0020,0x0020,
0x0000,0x0020,0x0841,0x0000,0x0000,0x0041,0x0041,0x0000,0x0000,0x0000,0x0000,0x0000,0x0000,0x0000,0x0000,0x0000,
0x0000,0x0000,0x0000,0x0000,0x0000,0x0000,0x0000,0x0000,0x0000,0x0000,0x0000,0x0000,0x0000,0x0000,0x0000,0x0000,
0x0000,0x0000,0x0000,0x0000,0x0000,0x0000,0x0000,0x0000,0x0000,0x0000,0x0000,0x0000,0x0000,0x0000,0x0000,0x0000,
0x0000,0x0000,0x0000,0x0000,0x0000,0x0000,0x0000,0x0000,0x0000,0x0000,0x0000,0x0000,0x0000,0x0000,0x0000,0x0000,
0x0000,0x0000,0x0000,0x0020,0x0020,0x0020,0x0000,0x0020,0x0820,0x0000,0x0000,0x0020,0x0020,0x0000,0x0000,0x0000,
0x0000,0x0000,0x0000,0x0000,0x0000,0x0000,0x0000,0x0000,0x0000,0x0000,0x0000,0x0000,0x0000,0x0000,0x0000,0x0000,
0x0000,0x0000,0x0000,0x0000,0x0000,0x0000,0x0000,0x0000,0x0000,0x0000,0x0000,0x0000,0x0000,0x0000,0x0000,0x0000,
0x0000,0x0000,0x0000,0x0000,0x0000,0x0000,0x0000,0x0000,0x0000,0x0000,0x0000,0x0000,0x0000,0x0000,0x0000,0x0000,
0x0000,0x0000,0x0000,0x0000,0x0000,0x0000,0x0000,0x0000,0x0000,0x0000,0x0020,0x0020,0x0000,0x0020,0x0020,0x0000,
0x0000,0x0020,0x0020,0x0000,0x0000,0x0000,0x0000,0x0000,0x0000,0x0000,0x0000,0x0000,0x0000,0x0000,0x0000,0x0000,
0x0000,0x0000,0x0000,0x0000,0x0000,0x0000,0x0000,0x0000,0x0000,0x0000,0x0000,0x0000,0x0000,0x0000,0x0000,0x0000,
0x0000,0x0000,0x0000,0x0000,0x0000,0x0000,0x0000,0x0000,0x0000,0x0000,0x0000,0x0000,0x0000,0x0000,0x0000,0x0000,
0x0000,0x0000,0x0000,0x0000,0x0000,0x0000,0x0000,0x0000,0x0000,0x0000,0x0000,0x0000,0x0000,0x0000,0x0000,0x0000,
0x0020,0x0000,0x0000,0x0020,0x0020,0x0000,0x0000,0x0020,0x0020,0x0000,0x0000,0x0000,0x0000,0x0000,0x0000,0x0000,
0x0000,0x0000,0x0000,0x0000,0x0000,0x0000,0x0000,0x0000,0x0000,0x0000,0x0000,0x0000,0x0000,0x0000,0x0000,0x0000,
0x0000,0x0000,0x0000,0x0000,0x0000,0x0000,0x0000,0x0000,0x0000,0x0000,0x0000,0x0000,0x0000,0x0000,0x0000,0x0000,
0x0000,0x0000,0x0000,0x0000,0x0000,0x0000,0x0000,0x0000,0x0000,0x0000,0x0000,0x0000,0x0000,0x0000,0x0000,0x0000,
0x0000,0x0000,0x0000,0x0000,0x0000,0x0000,0x0000,0x0000,0x0000,0x0020,0x0020,0x0000,0x0000,0x0020,0x0020,0x0000,
0x0000,0x0000,0x0000,0x0000,0x0000,0x0000,0x0000,0x0000,0x0000,0x0000,0x0000,0x0000,0x0000,0x0000,0x0000,0x0000,
0x0000,0x0000,0x0000,0x0000,0x0000,0x0000,0x0000,0x0000,0x0000,0x0000,0x0000,0x0000,0x0000,0x0000,0x0000,0x0000,
0x0000,0x0000,0x0000,0x0000,0x0000,0x0000,0x0000,0x0000,0x0000,0x0000,0x0000,0x0000,0x0000,0x0000,0x0000,0x0000,
0x0000,0x0000,0x0000,0x0000,0x0000,0x0000,0x0000,0x0000,0x0000,0x0000,0x0000,0x0000,0x0000,0x0000,0x0000,0x0000,
0x0020,0x0000,0x0000,0x0020,0x0020,0x0000,0x0000,0x0000,0x0000,0x0000,0x0000,0x0000,0x0000,0x0000,0x0000,0x0000,
0x0000,0x0000,0x0000,0x0000,0x0000,0x0000,0x0000,0x0000,0x0000,0x0000,0x0000,0x0000,0x0000,0x0000,0x0000,0x0000,
0x0000,0x0000,0x0000,0x0000,0x0000,0x0000,0x0000,0x0000,0x0000,0x0000,0x0000,0x0000,0x0000,0x0000,0x0000,0x0000,
0x0000,0x0000,0x0000,0x0000,0x0000,0x0000,0x0000,0x0000,0x0000,0x0000,0x0000,0x0000,0x0000,0x0000,0x0000,0x0000,
0x0000,0x0000,0x0000,0x0000,0x0000,0x0000,0x0020,0x0000,0x0000,0x0020,0x0000,0x0000,0x0000,0x0000,0x0000,0x0000,
0x0000,0x0000,0x0000,0x0000,0x0000,0x0000,0x0000,0x0000,0x0000,0x0000,0x0000,0x0000,0x0000,0x0000,0x0000,0x0000,
0x0000,0x0000,0x0000,0x0000,0x0000,0x0000,0x0000,0x0000,0x0000,0x0000,0x0000,0x0000,0x0000,0x0000,0x0000,0x0000,
0x0000,0x0000,0x0000,0x0000,0x0000,0x0000,0x0000,0x0000,0x0000,0x0000,0x0000,0x0000,0x0000,0x0000,0x0000,0x0000,
0x0000,0x0000,0x0000,0x0000,0x0000,0x0000,0x0000,0x0000,0x0000,0x0000,0x0000,0x0000,0x0020,0x0000,0x0000,0x0000,
0x0000,0x0000,0x0000,0x0000,0x0000,0x0000,0x0000,0x0000,0x0000,0x0000,0x0000,0x0000,0x0000,0x0000,0x0000,0x0000,
0x0000,0x0000,0x0000,0x0000,0x0000,0x0000,0x0000,0x0000,0x0000,0x0000,0x0000,0x0000,0x0000,0x0000,0x0000,0x0000,
0x0000,0x0000,0x0000,0x0000,0x0000,0x0000,0x0000,0x0000,0x0000,0x0000,0x0000,0x0000,0x0000,0x0000,0x0000,0x0000,
0x0000,0x0000,0x0000,0x0000,0x0000,0x0000,0x0000,0x0000,0x0000,0x0000,0x0000,0x0000,0x0000,0x0000,0x0000,0x0000,
0x0000,0x0000,0x0000,0x0000,};

const uint16_t N90[9380]={
0x0000,0x0000,0x0000,0x0000,0x0000,0x0000,0x0000,0x0000,0x0000,0x0000,0x0000,0x0000,0x0000,0x0000,0x0000,0x0000,
0x0000,0x0000,0x0000,0x0000,0x0000,0x0000,0x0000,0x0000,0x0000,0x0000,0x0000,0x0000,0x0000,0x0000,0x0000,0x0000,
0x0000,0x1082,0x51e5,0x2924,0x0000,0x0000,0x0000,0x0000,0x0000,0x0000,0x0000,0x0000,0x0000,0x0000,0x0000,0x0000,
0x0000,0x0000,0x0000,0x0000,0x0000,0x0000,0x0000,0x0000,0x0000,0x0000,0x0000,0x0000,0x0000,0x0000,0x0000,0x0000,
0x0000,0x0000,0x0000,0x0000,0x0000,0x0000,0x0000,0x0000,0x0000,0x0000,0x0000,0x0000,0x0000,0x0000,0x0000,0x0000,
0x0000,0x0000,0x0000,0x0000,0x0000,0x0000,0x0000,0x0000,0x0000,0x0000,0x0000,0x0000,0x0000,0x0000,0x0000,0x0000,
0x0000,0x0000,0x0000,0x0000,0x0000,0x0000,0x0861,0x3985,0x28c2,0x5228,0x1904,0x0000,0x0000,0x0000,0x0000,0x0000,
0x0000,0x0000,0x0000,0x0000,0x0000,0x0000,0x0000,0x0000,0x0000,0x0000,0x0000,0x0000,0x0000,0x0000,0x0000,0x0000,
0x0000,0x0000,0x0000,0x0000,0x0000,0x0000,0x0000,0x0000,0x0000,0x0000,0x0000,0x0000,0x0000,0x0000,0x0000,0x0000,
0x0000,0x0000,0x0000,0x0000,0x0000,0x0000,0x0000,0x0000,0x0000,0x0000,0x0000,0x0000,0x0000,0x0000,0x0000,0x0000,
0x0000,0x0000,0x0000,0x0000,0x0000,0x0000,0x0000,0x0000,0x0000,0x0000,0x0000,0x0000,0x1082,0x39a6,0x1081,0x39c7,
0x2104,0x0000,0x0000,0x0000,0x0000,0x0000,0x0000,0x0000,0x0000,0x0000,0x0000,0x0000,0x0000,0x0000,0x0000,0x0000,
0x0000,0x0000,0x0000,0x0000,0x0000,0x0000,0x0000,0x0000,0x0000,0x0000,0x0000,0x0000,0x0000,0x0000,0x0000,0x0000,
0x0000,0x0000,0x0000,0x0000,0x0000,0x0000,0x0000,0x0000,0x0000,0x0000,0x0000,0x0000,0x0000,0x0000,0x0000,0x0000,
0x0000,0x0000,0x0000,0x0000,0x0000,0x0000,0x0000,0x0000,0x0000,0x0000,0x0000,0x0000,0x0000,0x0000,0x0000,0x0000,
0x0000,0x0000,0x0020,0x3986,0x20a1,0x5269,0x0882,0x0000,0x0000,0x0000,0x0000,0x0000,0x0000,0x0000,0x0000,0x0000,
0x0000,0x0000,0x0000,0x0000,0x0000,0x0000,0x0000,0x0000,0x0000,0x0000,0x0000,0x0000,0x0000,0x0000,0x0000,0x0000,
0x0000,0x0000,0x0000,0x0000,0x0000,0x0000,0x0000,0x0000,0x0000,0x0000,0x0000,0x0000,0x0000,0x0000,0x0000,0x0000,
0x0000,0x0000,0x0000,0x0000,0x0000,0x0000,0x0000,0x0000,0x0000,0x0000,0x0000,0x0000,0x0000,0x0000,0x0000,0x0000,
0x0000,0x0000,0x0000,0x0000,0x0000,0x0000,0x0000,0x0000,0x1061,0x3944,0x2081,0x4a49,0x10a2,0x0000,0x0000,0x0000,
0x0000,0x0000,0x0000,0x0000,0x0000,0x0000,0x0000,0x0000,0x0000,0x0000,0x0000,0x0000,0x0000,0x0000,0x0000,0x0000,
0x0000,0x0000,0x0000,0x0000,0x0000,0x0000,0x0000,0x0000,0x0000,0x0000,0x0000,0x0000,0x0000,0x0000,0x0000,0x0000,
0x0000,0x0000,0x0000,0x0000,0x0000,0x0000,0x0000,0x0000,0x0000,0x0000,0x0000,0x0000,0x0000,0x0000,0x0000,0x0000,
0x0000,0x0000,0x0000,0x0000,0x0000,0x0000,0x0000,0x0000,0x0000,0x0000,0x0000,0x0000,0x0000,0x0000,0x0882,0x18c3,
0x1881,0x3186,0x1904,0x0000,0x0000,0x0000,0x0000,0x0000,0x0000,0x0000,0x0000,0x0000,0x0000,0x0000,0x0000,0x0000,
0x0000,0x0000,0x0000,0x0000,0x0000,0x0000,0x0000,0x0000,0x0000,0x0000,0x0000,0x0000,0x0000,0x0000,0x0000,0x0000,
0x0000,0x0000,0x0000,0x0000,0x0000,0x0000,0x0000,0x0000,0x0000,0x0000,0x0000,0x0000,0x0000,0x0000,0x0000,0x0000,
0x0000,0x0000,0x0000,0x0000,0x0000,0x0000,0x0000,0x0000,0x0000,0x0000,0x0000,0x0000,0x0000,0x0000,0x0000,0x0000,
0x0000,0x0000,0x0000,0x0000,0x2903,0x4164,0x3902,0x49e7,0x41c6,0x0000,0x0000,0x0000,0x0000,0x0000,0x0000,0x0000,
0x0000,0x0000,0x0000,0x0000,0x0000,0x0000,0x0000,0x0000,0x0000,0x0000,0x0000,0x0000,0x0000,0x0000,0x0000,0x0000,
0x0000,0x0000,0x0000,0x0000,0x0000,0x0000,0x0000,0x0000,0x0000,0x0000,0x0000,0x0000,0x0000,0x0000,0x0000,0x0000,
0x0000,0x0000,0x0000,0x0000,0x0000,0x0000,0x0000,0x0000,0x0000,0x0000,0x0000,0x0000,0x0000,0x0000,0x0000,0x0000,
0x0000,0x0000,0x0000,0x0000,0x0000,0x0000,0x0000,0x0000,0x0000,0x0000,0x20c2,0x3901,0x3902,0x28c1,0x28e2,0x0000,
0x0000,0x0000,0x0000,0x0000,0x0000,0x0000,0x0000,0x0000,0x0000,0x0000,0x0000,0x0000,0x0000,0x0000,0x0000,0x0000,
0x0000,0x0000,0x0000,0x0000,0x0000,0x0000,0x0000,0x0000,0x0000,0x0000,0x0000,0x0000,0x0000,0x0000,0x0000,0x0000,
0x0000,0x0000,0x0000,0x0000,0x0000,0x0000,0x0000,0x0000,0x0000,0x0000,0x0000,0x0000,0x0000,0x0000,0x0000,0x0000,
0x0000,0x0000,0x0000,0x0000,0x0000,0x0000,0x0000,0x0000,0x0000,0x0000,0x0000,0x0000,0x0000,0x0000,0x0000,0x31e6,
0x62c8,0x0000,0x28e1,0x0020,0x0000,0xa4b0,0x3165,0x0000,0x0000,0x0000,0x0000,0x0000,0x0000,0x0000,0x0000,0x0000,
0x0000,0x0000,0x0000,0x0000,0x0000,0x0000,0x0000,0x0000,0x0000,0x0000,0x0000,0x0000,0x0000,0x0000,0x0000,0x0000,
0x0000,0x0000,0x0000,0x0000,0x0000,0x0000,0x0000,0x0000,0x0000,0x0000,0x0000,0x0000,0x0000,0x0000,0x0000,0x0000,
0x0000,0x0000,0x0000,0x0000,0x0000,0x0000,0x0000,0x0000,0x0000,0x0000,0x0000,0x0000,0x0000,0x0000,0x0000,0x0000,
0x0000,0x0000,0x0000,0x0000,0x31e7,0xbc6f,0x8b6b,0x82c7,0x72e8,0x49a3,0x6aa7,0x732b,0x39c7,0x0000,0x0000,0x0000,
0x0000,0x0000,0x0000,0x0000,0x0000,0x0000,0x0000,0x0000,0x0000,0x0000,0x0000,0x0000,0x0000,0x0000,0x0000,0x0000,
0x0000,0x0000,0x0000,0x0000,0x0000,0x0000,0x0000,0x0000,0x0000,0x0000,0x0000,0x0000,0x0000,0x0000,0x0000,0x0000,
0x0000,0x0000,0x0000,0x0000,0x0000,0x0000,0x0000,0x0000,0x0000,0x0000,0x0000,0x0000,0x0000,0x0000,0x0000,0x0000,
0x0000,0x0000,0x0000,0x0000,0x0000,0x0000,0x0000,0x0000,0x0000,0x41e7,0x8c31,0x2040,0x30a0,0xa3ec,0xccce,0xac0b,
0x8b69,0x2060,0x3165,0x2945,0x0020,0x0000,0x0000,0x0000,0x0000,0x0000,0x0000,0x0000,0x0000,0x0000,0x0000,0x0000,
0x0000,0x0000,0x0000,0x0000,0x0000,0x0000,0x0000,0x0000,0x0000,0x0000,0x0000,0x0000,0x0000,0x0000,0x0000,0x0000,
0x0000,0x0000,0x0000,0x0000,0x0000,0x0000,0x0000,0x0000,0x0000,0x0000,0x0000,0x0000,0x0000,0x0000,0x0000,0x0000,
0x0000,0x0000,0x0000,0x0000,0x0000,0x0000,0x0000,0x0000,0x0000,0x0000,0x0000,0x0000,0x0000,0x0020,0x4a49,0x41c7,
0x0000,0x1020,0x0020,0x0000,0x0000,0x1062,0x0000,0x0820,0x0000,0x20e3,0x20e3,0x0000,0x0000,0x0000,0x0000,0x0000,
0x0000,0x0000,0x0000,0x0000,0x0000,0x0000,0x0000,0x0000,0x0000,0x0000,0x0000,0x0000,0x0000,0x0000,0x0000,0x0000,
0x0000,0x0000,0x0000,0x0000,0x0000,0x0000,0x0000,0x0000,0x0000,0x0000,0x0000,0x0000,0x0000,0x0000,0x0000,0x0000,
0x0000,0x0000,0x0000,0x0000,0x0000,0x0000,0x0000,0x0000,0x0000,0x0000,0x0000,0x0000,0x0000,0x0000,0x0000,0x0000,
0x0000,0x0000,0x0000,0x0000,0x0820,0x0000,0x0841,0x0841,0x1061,0x20a1,0x28c2,0x20c2,0x18a1,0x0841,0x0840,0x0020,
0x0000,0x0000,0x0000,0x1061,0x18e4,0x0000,0x0000,0x0000,0x0000,0x0000,0x0000,0x0000,0x0000,0x0000,0x0000,0x0000,
0x0000,0x0000,0x0000,0x0000,0x0000,0x0000,0x0000,0x0000,0x0000,0x0000,0x0000,0x0000,0x0000,0x0000,0x0000,0x0000,
0x0000,0x0000,0x0000,0x0000,0x0000,0x0000,0x0000,0x0000,0x0000,0x0000,0x0000,0x0000,0x0000,0x0000,0x0000,0x0000,
0x0000,0x0000,0x0000,0x0000,0x0000,0x0000,0x0000,0x0000,0x0000,0x0000,0x0000,0x0820,0x0841,0x1061,0x20a1,0x3943,
0x3102,0x41a5,0x20c2,0x1061,0x0840,0x0000,0x0000,0x0000,0x0000,0x0820,0x0841,0x0000,0x0000,0x0000,0x0000,0x0000,
0x0000,0x0000,0x0000,0x0000,0x0000,0x0000,0x0000,0x0000,0x0000,0x0000,0x0000,0x0000,0x0000,0x0000,0x0000,0x0000,
0x0000,0x0000,0x0000,0x0000,0x0000,0x0000,0x0000,0x0000,0x0000,0x0000,0x0000,0x0000,0x0000,0x0000,0x0000,0x0000,
0x0000,0x0000,0x0000,0x0000,0x0000,0x0000,0x0000,0x0000,0x0820,0x0820,0x0820,0x0820,0x0800,0x0800,0x0800,0x0800,
0x0800,0x0000,0x0000,0x0000,0x0000,0x49c5,0x30e2,0x730b,0x0000,0x0000,0x0000,0x0000,0x0000,0x0800,0x0800,0x0000,
0x0000,0x0000,0x0000,0x0000,0x0000,0x0000,0x0000,0x0000,0x0000,0x0000,0x0000,0x0000,0x0000,0x0000,0x0000,0x0000,
0x0000,0x0000,0x0000,0x0000,0x0000,0x0000,0x0000,0x0000,0x0000,0x0000,0x0000,0x0000,0x0000,0x0000,0x0000,0x0000,
0x0000,0x0000,0x0000,0x0000,0x0000,0x0000,0x0000,0x0000,0x0000,0x0000,0x0000,0x0000,0x0000,0x0000,0x0800,0x0820,
0x0820,0x0800,0x0000,0x0000,0x0000,0x0800,0x0000,0x0000,0x0000,0x0000,0x0861,0x3144,0x1881,0x5289,0x0020,0x0000,
0x0000,0x0000,0x0000,0x0000,0x0800,0x0800,0x0800,0x0000,0x0000,0x0000,0x0000,0x0000,0x0000,0x0800,0x0800,0x0000,
0x0000,0x0000,0x0000,0x0000,0x0000,0x0000,0x0000,0x0000,0x0000,0x0000,0x0000,0x0000,0x0000,0x0000,0x0000,0x0000,
0x0000,0x0000,0x0000,0x0000,0x0000,0x0000,0x0000,0x0000,0x0000,0x0000,0x0000,0x0000,0x0000,0x0000,0x0000,0x0020,
0x0020,0x0020,0x0841,0x0841,0x0841,0x0840,0x0840,0x0840,0x0861,0x1061,0x1061,0x1061,0x1061,0x1061,0x1061,0x1060,
0x1081,0x5a06,0x51e5,0x732b,0x0000,0x1040,0x1040,0x0840,0x0840,0x0820,0x0820,0x0820,0x0820,0x0820,0x0000,0x0000,
0x0000,0x0000,0x0000,0x0000,0x0800,0x0000,0x0000,0x0000,0x0000,0x0000,0x0000,0x0000,0x0000,0x0000,0x0000,0x0000,
0x0000,0x0000,0x0000,0x0000,0x0000,0x0000,0x0000,0x0000,0x0000,0x0000,0x0000,0x0000,0x0000,0x0000,0x0000,0x0000,
0x0020,0x0020,0x0861,0x0881,0x0861,0x0841,0x0841,0x0840,0x0840,0x0840,0x0841,0x0841,0x0840,0x0840,0x0840,0x0040,
0x0840,0x0020,0x0840,0x0020,0x0020,0x0020,0x0000,0x0040,0x0860,0x0840,0x0000,0x0000,0x0020,0x0820,0x0840,0x1040,
0x1040,0x1040,0x1060,0x1060,0x1061,0x1040,0x1040,0x0840,0x0840,0x0840,0x0820,0x0020,0x0000,0x0000,0x0000,0x0000,
0x0000,0x0000,0x0000,0x0000,0x0000,0x0000,0x0000,0x0000,0x0000,0x0000,0x0000,0x0000,0x0000,0x0000,0x0000,0x0000,
0x0000,0x0000,0x0841,0x18e3,0x0841,0x0861,0x0881,0x0000,0x0000,0x0000,0x1081,0x2965,0x2945,0x2965,0x3186,0x2965,
0x3984,0x41a4,0x4184,0x49c5,0x5a05,0x6226,0x5a05,0x5a05,0x51e5,0x51e5,0x59e5,0x59e5,0x7a86,0x82c7,0x7287,0x6a66,
0x6a46,0x49c4,0x41a4,0x3143,0x20e2,0x20c2,0x18a2,0x18c2,0x1081,0x0840,0x0840,0x0840,0x1040,0x1061,0x1061,0x1061,
0x1061,0x1040,0x0840,0x0840,0x0840,0x0840,0x0020,0x0020,0x0000,0x0000,0x4a49,0x39e7,0x0000,0x0000,0x0000,0x0000,
0x0000,0x0000,0x0000,0x0000,0x0000,0x0000,0x0000,0x10a2,0x2965,0x31a7,0x0000,0x0000,0x0020,0x4228,0x8451,0xa4f3,
0x8bef,0x6b0d,0x62aa,0x62a9,0x6aa8,0x6a67,0x6247,0x6226,0x59e5,0x51c5,0x49a4,0x4984,0x3943,0x3102,0x28e2,0x28c2,
0x28e2,0x3102,0x3922,0x30e2,0x18a1,0x20a1,0x3922,0x3922,0x4163,0x49a4,0x4984,0x49a4,0x49a4,0x5a06,0x6226,0x5a05,
0x51c4,0x4164,0x2903,0x18a2,0x1081,0x1081,0x18a1,0x18a2,0x18a1,0x1081,0x1061,0x1041,0x0840,0x0820,0x0020,0x0840,
0x4a69,0x5aeb,0x632c,0x0000,0x0000,0x0000,0x0000,0x0000,0x0000,0x0000,0x0000,0x0000,0x1903,0x2945,0x0861,0x0020,
0x52aa,0x9cf3,0x8430,0x6baf,0x526a,0x3965,0x3922,0x3901,0x4162,0x3922,0x3102,0x3902,0x4142,0x4983,0x59e4,0x59c3,
0x61e4,0x4162,0x3922,0x3102,0x3102,0x3102,0x3102,0x4163,0x51c4,0x4163,0x3122,0x3122,0x3943,0x3963,0x4183,0x4984,
0x4984,0x4184,0x4163,0x4163,0x4163,0x4163,0x4183,0x4184,0x4184,0x49a4,0x51c4,0x61e5,0x3143,0x18c2,0x18a2,0x20e2,
0x2903,0x2903,0x2903,0x2103,0x10a2,0x18c3,0x10a3,0x1082,0x39c7,0x4a49,0x0820,0x0000,0x0000,0x0000,0x0000,0x0000,
0x0000,0x2124,0x2104,0x0000,0x630c,0x9d14,0xa555,0x4a69,0x0821,0x0820,0x4142,0x4983,0x4142,0x3102,0x4142,0x4162,
0x4162,0x49a3,0x61e3,0x82c5,0x7a23,0x3922,0x3922,0x4142,0x4142,0x3922,0x3102,0x3102,0x30e2,0x4142,0x51c4,0x4163,
0x3122,0x3923,0x4163,0x4163,0x4983,0x51a4,0x51c4,0x59e4,0x59e4,0x51c4,0x59e4,0x59e4,0x6205,0x5a05,0x51c4,0x4984,
0x3963,0x49a4,0x8265,0x8a65,0x6204,0x18c2,0x1881,0x20c2,0x20e2,0x20e3,0x2103,0x3165,0x2945,0x18c2,0x0861,0x18e3,
0x31a6,0x0020,0x0000,0x0000,0x0000,0x0000,0x18e3,0x18c3,0x0020,0x9d14,0xa555,0x39e7,0x0000,0x0000,0x28c2,0x3102,
0x3922,0x4962,0x5182,0x4982,0x4142,0x4142,0x51a3,0x7a64,0x5961,0x30c0,0x30e1,0x3901,0x3922,0x3922,0x4142,0x4962,
0x4142,0x3902,0x28c1,0x18a1,0x20a1,0x20c1,0x28e2,0x3102,0x4143,0x4163,0x4163,0x4983,0x49a3,0x51a4,0x51a4,0x51a4,
0x51a4,0x51c4,0x51c4,0x59c4,0x59e4,0x6205,0x7245,0x82a6,0x7a85,0x59e4,0x51a4,0x51c4,0x3943,0x1081,0x1081,0x18a2,
0x18a1,0x18a1,0x2103,0x3186,0x2124,0x0841,0x10a2,0x18c2,0x0000,0x0000,0x0000,0x0841,0x18e3,0x2965,0xa554,0x9cf4,
0x0020,0x0840,0x1061,0x20a1,0x20c1,0x3102,0x4142,0x4122,0x3901,0x20a1,0x4982,0x7203,0x6182,0x4921,0x30e1,0x30e1,
0x30e1,0x30e1,0x30e1,0x28e1,0x28c1,0x20a1,0x1061,0x0840,0x0840,0x0020,0x0020,0x0820,0x0840,0x1061,0x1881,0x30e2,
0x3922,0x4143,0x4143,0x4163,0x4163,0x4963,0x4983,0x4983,0x4983,0x4983,0x4983,0x4963,0x4163,0x4983,0x61e4,0x7225,
0x6205,0x49a4,0x3943,0x4143,0x18a1,0x1061,0x18a1,0x1881,0x1881,0x18a2,0x2965,0x2965,0x0020,0x0861,0x0861,0x0000,
0x0000,0x0861,0x2124,0x9cd3,0xa534,0x0000,0x18a2,0x1081,0x1081,0x18a1,0x3102,0x3101,0x28c1,0x1881,0x1081,0x6264,
0x7284,0x30a1,0x30e1,0x28a1,0x28a1,0x20a1,0x20a1,0x20a1,0x20a1,0x1880,0x0820,0x0020,0x0000,0x0000,0x0000,0x0000,
0x0000,0x0000,0x0000,0x0000,0x0000,0x0820,0x0840,0x20c1,0x3102,0x3102,0x3102,0x3922,0x3922,0x3922,0x3922,0x3922,
0x3922,0x3922,0x3922,0x3122,0x3102,0x3102,0x3142,0x4183,0x4184,0x3943,0x3123,0x18a1,0x18a1,0x18a2,0x1081,0x1081,
0x18a2,0x3186,0x1904,0x0840,0x20e2,0x0000,0x0000,0x10a2,0x630c,0x8c71,0x18e4,0x0841,0x1082,0x0021,0x0021,0x1020,
0x0000,0x0000,0x0800,0x4981,0x9b86,0x82a4,0x2902,0x2901,0x3101,0x3922,0x3922,0x3942,0x3122,0x4142,0x4122,0x20a1,
0x1081,0x1881,0x1881,0x1881,0x1881,0x1881,0x18a1,0x1881,0x1881,0x1881,0x20c1,0x1881,0x20a1,0x20c2,0x28c2,0x5183,
0x5183,0x4963,0x51a3,0x59c3,0x59c4,0x59c4,0x51a3,0x5a04,0x59e4,0x51a3,0x6224,0x6204,0x3923,0x20e2,0x20c2,0x1882,
0x1082,0x18a2,0x0000,0x18c2,0x20c2,0x20e3,0x10a2,0x2124,0x39e7,0x0020,0x1881,0x0820,0x0000,0x2966,0x8c51,0x73ce,
0x41a5,0x3985,0x2924,0x51a4,0x7285,0x8327,0x7ae7,0x6225,0xa368,0xac0a,0xa367,0x7a44,0x8285,0x8265,0x6a24,0x7a44,
0x9ac5,0xa347,0xab87,0x9ae6,0x5183,0x4983,0x5184,0x4143,0x2903,0x28e2,0x28e2,0x2902,0x3102,0x3103,0x3103,0x3123,
0x3123,0x3123,0x3943,0x3123,0x2903,0x4964,0x4984,0x61e5,0x6a25,0x6a05,0x7245,0x7246,0x6a25,0x8aa6,0x82a6,0x82a6,
0x8ae7,0x9327,0x6205,0x69a4,0xfdee,0x9beb,0x82c8,0x9b89,0x9ba9,0x51c4,0x6205,0x5a06,0x5a06,0x41a6,0x41e7,0x18e3,
0x0840,0x1040,0x0020,0x4a49,0x7bef,0x3986,0x18a2,0x20e3,0x0861,0x1041,0x0800,0xcd6f,0xfead,0xfe6c,0xff2d,0xfff9,
0x58e0,0x3942,0x59e5,0x51e5,0x51e5,0x59e5,0x49c5,0x3964,0x3944,0x20e3,0x2103,0x2923,0x2923,0x3144,0x3144,0x2924,
0x2923,0x2923,0x20e3,0x0023,0x0023,0x0863,0x2924,0x3144,0x3164,0x3964,0x3984,0x3164,0x3144,0x39a5,0x5a26,0x5a26,
0x5a26,0x6246,0x6a87,0x7287,0x82a7,0x7aa7,0x7287,0x72a8,0x6a87,0x4143,0xcc69,0xdc8b,0xc3a9,0xec8b,0x5288,0x0000,
0x0821,0x0000,0x0020,0x1082,0x3186,0x2965,0x0820,0x1040,0x0861,0x5aeb,0x8430,0x10a2,0x10a2,0x0882,0x0020,0x1040,
0x0000,0xd58e,0xfe2b,0xee4b,0xffb0,0xbb65,0x1000,0x5a25,0x6a87,0x6246,0x6246,0x6226,0x6226,0x5a05,0x49c5,0x3964,
0x3985,0x3985,0x4185,0x39a5,0x39a5,0x3985,0x3985,0x3144,0x20e4,0x9bc6,0xed87,0x9c06,0x2945,0x3185,0x41c5,0x41e6,
0x41e6,0x4a06,0x49e6,0x41c5,0x5a47,0x72c8,0x72a8,0x7ae9,0x8309,0x8b29,0x936a,0x936a,0x9bcb,0xac4c,0x9bcb,0x61c3,
0x7a45,0xe4aa,0xc3c9,0xd48b,0x8349,0x0000,0x0861,0x0861,0x0861,0x1082,0x2124,0x31a6,0x0020,0x0820,0x10a2,0x6b6d,
0x6b6d,0x0841,0x18c3,0x0861,0x0020,0x1061,0x0000,0xb48c,0xff70,0xfdca,0xc325,0x4080,0x4142,0x6246,0x6a66,0x72c7,
0x6266,0x6a87,0x59e5,0x51c5,0x41c5,0x3985,0x3985,0x3964,0x3964,0x3985,0x41a5,0x41a5,0x3965,0x18e4,0xfda6,0xf586,
0xe3e4,0xf566,0xfd26,0x1905,0x41a5,0x49e6,0x4a26,0x49e6,0x49e6,0x49e5,0x41e6,0x7b09,0x7b09,0x72c8,0x8329,0x93ab,
0x8b8a,0x9beb,0x93ab,0xa40c,0x9beb,0x5983,0x69e4,0x71a3,0xc386,0xfe4d,0x41c6,0x0000,0x0841,0x0861,0x0861,0x10a2,
0x2104,0x39c7,0x0020,0x0820,0x18c3,0x6b6d,0x5aeb,0x0861,0x18c3,0x0861,0x0020,0x1881,0x1061,0x7244,0xaae6,0x6100,
0x0000,0x0000,0x28c1,0x0840,0x1861,0x1860,0x0000,0x1040,0x1061,0x0820,0x1081,0x0000,0x0000,0x1081,0x0020,0x1061,
0x0000,0x0000,0x0001,0x7263,0xfca5,0x1000,0x0000,0x1000,0xfc44,0x7a83,0x0001,0x0000,0x0000,0x10a2,0x0820,0x18a1,
0x0000,0x0000,0x3943,0x0020,0x1881,0x1861,0x0000,0x28e2,0x0800,0x0000,0x4164,0x0000,0x0840,0x1081,0x38a1,0x9ae6,
0x0000,0x0841,0x0841,0x0841,0x0861,0x1082,0x18e3,0x31a6,0x0841,0x0000,0x2104,0x6b6d,0x52aa,0x0861,0x10c3,0x0861,
0x0040,0x1881,0x1081,0x51a3,0x5900,0x1880,0x0000,0x0800,0x28c2,0x20a1,0x28c2,0x1060,0x0800,0x1060,0x20c1,0x1881,
0x1882,0x0000,0x0000,0x18a2,0x1061,0x18c2,0x0000,0x0000,0x0001,0xc384,0x61c3,0x0000,0x1860,0x0000,0x9a83,0xbb43,
0x0001,0x0000,0x0820,0x20e3,0x1881,0x20e2,0x0000,0x0000,0x3943,0x28e2,0x3943,0x1881,0x0800,0x20c2,0x3963,0x4163,
0x3123,0x0800,0x0840,0x5983,0x69e4,0x8ac6,0x0021,0x0841,0x0841,0x0841,0x0861,0x10a2,0x18c3,0x31a6,0x0861,0x0000,
0x2124,0x6b4d,0x4a8a,0x0861,0x10a2,0x0040,0x0040,0x1881,0x10a1,0x4162,0x6940,0x28c1,0x20c2,0x20c2,0x20a1,0x0000,
0x0820,0x3122,0x1881,0x28e2,0x0000,0x0000,0x1081,0x1081,0x18a2,0x0020,0x0000,0x0840,0x18c2,0x18a2,0x0082,0x5121,
0x9243,0x0000,0x0000,0x1881,0xc304,0x40a1,0x0082,0x10a1,0x18c2,0x0820,0x0000,0x1061,0x18c2,0x20e3,0x20e2,0x0000,
0x0820,0x3943,0x28c2,0x4184,0x0820,0x0820,0x49a4,0x3122,0x49a4,0x20e2,0x5101,0x92a5,0x08a3,0x0841,0x0841,0x0841,
0x0841,0x10a2,0x18e3,0x31a6,0x1082,0x0000,0x2145,0x6b4d,0x4a69,0x0861,0x10a2,0x0040,0x0840,0x1881,0x0861,0xaae5,
0x6181,0x4122,0x0820,0x0840,0x28c2,0x1040,0x1881,0x1881,0x0820,0x1881,0x1881,0x0820,0x1082,0x0020,0x0820,0x1081,
0x0020,0x1081,0x0840,0x0020,0x10a2,0x0041,0x7a03,0x4962,0x5182,0xfba5,0xba82,0x0000,0x0882,0x0020,0x0841,0x18a1,
0x0020,0x18a2,0x0820,0x0041,0x3123,0x0020,0x18a2,0x20a2,0x1040,0x3923,0x1881,0x1881,0x51e5,0x1061,0x3102,0x41a4,
0x79e4,0xbbc8,0x0002,0x0841,0x0841,0x0841,0x0841,0x10a2,0x2104,0x31a6,0x1082,0x0000,0x2945,0x6b4d,0x4a8a,0x18a2,
0x10a2,0x0041,0x0840,0x1881,0x1081,0x4183,0x69c2,0x4962,0x0020,0x0020,0x20c2,0x20c2,0x28e2,0x0841,0x0020,0x1061,
0x3102,0x20c2,0x2904,0x28e3,0x20a2,0x3123,0x1903,0x10c4,0x00a3,0x08a2,0x18e3,0x78c2,0x6880,0x6921,0x7181,0x18c1,
0x6061,0x78a2,0x20e3,0x10a2,0x0882,0x2104,0x1904,0x3144,0x18e3,0x18e3,0x4984,0x6206,0x6a06,0x41a4,0x4185,0x49a5,
0x9308,0x8ac7,0x72a7,0x6a67,0x3123,0x6a25,0x92e6,0x82c7,0x0882,0x0841,0x0841,0x0841,0x0841,0x10a2,0x18e3,0x3186,
0x10a2,0x0000,0x2945,0x6b4d,0x4a69,0x10a2,0x10a2,0x0041,0x0820,0x1881,0x1881,0x3942,0x6120,0x38e1,0x3943,0x4984,
0x4163,0x3923,0x3923,0x49a4,0x41a4,0x4184,0x3943,0x28e3,0x3944,0x41a6,0x2945,0x2084,0x7143,0xb302,0x5984,0x4883,
0x1883,0x3101,0x49c0,0x38e1,0x0882,0x41c2,0x41e1,0x2901,0x30e3,0x0003,0x3083,0x7a81,0x50e1,0x2002,0x1104,0x3985,
0x4164,0x30c2,0x30c1,0x6226,0x59e5,0x7aa7,0x4964,0x4943,0x8ac7,0x6a46,0x7287,0x4122,0x48a1,0x9a85,0x08a3,0x0841,
0x0841,0x0841,0x0841,0x10a2,0x18e3,0x3186,0x10a2,0x0000,0x2945,0x6b4d,0x4a69,0x10a2,0x10a2,0x0041,0x0840,0x1881,
0x0861,0xab05,0x6981,0x4922,0x0020,0x0820,0x30e2,0x1881,0x20a1,0x1881,0x0000,0x1881,0x28c2,0x2903,0x00a3,0x0001,
0x4001,0xeaa1,0xeca1,0x82e1,0x51e1,0xf420,0xe380,0xeca0,0xfd41,0x28e2,0x4921,0xfba0,0xe481,0xece0,0xcb80,0xfc40,
0x82c1,0x7a62,0xfd41,0xfc01,0x90e1,0x0002,0x08e3,0x18a1,0x28e2,0x28c2,0x0020,0x4163,0x3102,0x28e2,0x4984,0x1881,
0x6a67,0x4983,0x81e3,0xab87,0x0002,0x0841,0x0841,0x0841,0x0841,0x1082,0x18e3,0x3186,0x10a2,0x0000,0x2945,0x6b4d,
0x4a69,0x10a2,0x1082,0x0040,0x0840,0x1881,0x0881,0x49a3,0x7203,0x4962,0x0000,0x0000,0x20a1,0x20a1,0x28c2,0x1040,
0x0800,0x1040,0x4143,0x1904,0x1803,0xfb40,0xf660,0x72a2,0x82e2,0xbac1,0xfce0,0xfa60,0x4862,0x0002,0x1023,0x0882,
0xa0a0,0x7001,0x0002,0x0002,0x1822,0x98a0,0xfc80,0xd322,0xa2c2,0x82a3,0xdda1,0xfde0,0x7023,0x1843,0x49c4,0x18a2,
0x1040,0x30e2,0x4984,0x4984,0x3123,0x3943,0x5a26,0x61e5,0x9b06,0x7ac6,0x0062,0x0841,0x0841,0x0841,0x0841,0x1082,
0x18e3,0x3186,0x10a2,0x0000,0x2145,0x6b4d,0x4a69,0x1082,0x1082,0x0040,0x0840,0x1881,0x1081,0x3122,0x7980,0x6101,
0x18c1,0x20a1,0x20a1,0x0000,0x0820,0x3102,0x1881,0x28e2,0x0002,0xa121,0xfdc0,0xabe2,0x4123,0xd440,0xfa20,0xe9a0,
0x0002,0x0002,0x00c2,0x2903,0x1061,0x5902,0x60a1,0x50e2,0x0020,0x1020,0x20c2,0x0042,0x0003,0x60a1,0xfac0,0xe2a0,
0x4003,0x9c43,0xf6e1,0xfb20,0x1002,0x31c4,0x3103,0x49a4,0x1861,0x1040,0x51c4,0x6a67,0x6287,0x20a0,0x68e0,0x8a85,
0x08a3,0x0041,0x0841,0x0841,0x0841,0x1082,0x18e3,0x3186,0x10a2,0x0000,0x2145,0x6b4d,0x4a69,0x10a2,0x1082,0x0040,
0x0820,0x1881,0x0861,0xab45,0x81c1,0x6941,0x0040,0x1040,0x28c2,0x1040,0x1881,0x20a1,0x0041,0x0802,0x9142,0xff00,
0x7302,0xaa82,0x8921,0xb8e1,0x7080,0x0062,0x0041,0x1040,0x3103,0x1861,0x1861,0x40c1,0x4860,0x38a1,0x1861,0x1840,
0x20a2,0x1040,0x2081,0x00a2,0x0021,0xc9c1,0xa980,0x8142,0x6a24,0xfec0,0xfe20,0x5003,0x0043,0x4164,0x28c2,0x20a1,
0x6205,0x59e5,0x3123,0x3922,0x9a02,0xaba7,0x0002,0x0841,0x0841,0x0841,0x0841,0x1082,0x18e3,0x3186,0x10a2,0x0000,
0x2945,0x634d,0x4a69,0x10a2,0x1082,0x0040,0x0820,0x1881,0x0861,0x41a3,0x8203,0x5182,0x0000,0x0800,0x20c2,0x2081,
0x28c2,0x0061,0x1001,0xfbe0,0x8263,0x6a22,0x9162,0x4861,0xd920,0x38e1,0x0041,0x20a2,0x1041,0x2903,0x2081,0x1840,
0x30e3,0x2860,0x3860,0x3080,0x2081,0x2081,0x2081,0x0800,0x1040,0x2903,0x0881,0x00e3,0xa940,0xa140,0x2803,0x89c4,
0xf5a2,0xfee0,0x7841,0x0063,0x4984,0x6226,0x4984,0x6a67,0x1881,0x7a44,0x9ae6,0x72a6,0x0082,0x0841,0x0841,0x0841,
0x0841,0x1082,0x18e3,0x3186,0x10a2,0x0000,0x2945,0x634c,0x4a69,0x10a2,0x1082,0x0040,0x0840,0x1881,0x10a1,0x3142,
0x81a0,0x7921,0x10c1,0x20c1,0x20a1,0x0800,0x0041,0x1023,0xfb00,0xfde1,0x40e2,0x9061,0x0062,0xd161,0x30e1,0x0020,
0x0800,0x1020,0x3123,0x20c2,0x1840,0x1861,0x30c2,0x28a1,0x30a1,0x30c2,0x1820,0x1820,0x20a1,0x1881,0x20a2,0x1040,
0x0800,0x0861,0x00a2,0xb1a2,0x6962,0x1002,0x8a45,0xfea1,0xff00,0x6024,0x49e6,0x3103,0x51a4,0x6a66,0x3123,0x28c1,
0x8161,0x8265,0x00a3,0x0041,0x0841,0x0841,0x0841,0x0861,0x18c3,0x3186,0x10a2,0x0000,0x2945,0x632c,0x4a49,0x1082,
0x1082,0x0040,0x0840,0x1881,0x0021,0xb3c6,0x8a02,0x6941,0x0040,0x1860,0x28e2,0x1061,0x0002,0xf261,0xffa0,0xb3c2,
0x3843,0x1841,0x6902,0x1041,0x0041,0x1881,0x1020,0x20c2,0x1861,0x0820,0x1861,0x28e3,0x2061,0x2081,0x2881,0x28a1,
0x2060,0x2060,0x20a1,0x1040,0x1861,0x2081,0x1040,0x20a2,0x1061,0x0022,0xd9c2,0x6141,0x0005,0xbb66,0xff40,0xfdc1,
0x9904,0x0062,0x6206,0x28c2,0x28c2,0x4143,0xa243,0xb3e7,0x0002,0x0841,0x0841,0x0841,0x0841,0x0841,0x10a2,0x3186,
0x10a2,0x0000,0x2945,0x634c,0x4a49,0x0861,0x1082,0x0020,0x0820,0x1881,0x0841,0x49a4,0x8244,0x5162,0x0020,0x1020,
0x28e2,0x1082,0x98a2,0xffe0,0xfec0,0x2003,0x30e2,0x7122,0x30c2,0x0000,0x0800,0x1881,0x20c2,0x20c2,0x0800,0x0800,
0x1881,0x28e3,0x1861,0x2060,0x2881,0x2881,0x20a1,0x20a1,0x2081,0x1000,0x1020,0x28e2,0x20a2,0x28e2,0x0800,0x0000,
0x00c3,0xc203,0x69e4,0x1005,0xfda1,0xfec0,0xdae1,0x6925,0x72e7,0x0020,0x0840,0x7a85,0xa327,0x6a86,0x0062,0x0841,
0x0841,0x0841,0x0841,0x0841,0x10a2,0x3186,0x10a2,0x0000,0x2945,0x634d,0x4a69,0x0861,0x1082,0x0020,0x0840,0x1881,
0x1081,0x2901,0x8180,0x7941,0x10a1,0x28c1,0x00a2,0x6000,0xff80,0xdc80,0x71a3,0x10a3,0x58c0,0x80a0,0x0061,0x1061,
0x1861,0x1881,0x20e3,0x1020,0x1061,0x1040,0x2903,0x1840,0x1020,0x28c1,0x28a1,0x28c2,0x1820,0x1820,0x2081,0x1861,
0x20a1,0x1020,0x0800,0x1061,0x18a2,0x18c2,0x10a2,0x0020,0xe202,0x5165,0x81e6,0xec21,0xffc0,0xfb80,0x4186,0x20c2,
0x3943,0x20a1,0x8940,0x8265,0x00a3,0x0041,0x0841,0x0841,0x0841,0x0861,0x10a2,0x3186,0x10a2,0x0000,0x2945,0x634d,
0x4a69,0x0861,0x1082,0x0020,0x0840,0x1881,0x0041,0x9ae4,0x81c2,0x7981,0x0861,0x0881,0x2822,0xfc20,0xfe80,0xd281,
0x0802,0x4122,0xa141,0x0040,0x1081,0x0820,0x1040,0x2924,0x1041,0x1040,0x1020,0x1861,0x28e3,0x1820,0x1840,0x2081,
0x28a1,0x28a1,0x2060,0x1840,0x2081,0x1040,0x1861,0x1881,0x1040,0x1881,0x1061,0x1061,0x20e2,0x0041,0x30e2,0xa246,
0x4125,0x81c6,0xffe0,0xbc84,0x48c5,0x0862,0x28e2,0x4122,0xa222,0xaba6,0x0022,0x0841,0x0841,0x0841,0x0841,0x0861,
0x1082,0x3186,0x10a2,0x0000,0x2945,0x632c,0x4a49,0x0861,0x1082,0x0020,0x0840,0x1881,0x0861,0x3922,0x79e3,0x5962,
0x0020,0x0001,0x90a1,0xfdc0,0xe380,0x5842,0x0081,0x4143,0x30e2,0x1881,0x1081,0x0800,0x20e3,0x20c2,0x1061,0x1881,
0x0800,0x20e2,0x20a2,0x1861,0x1861,0x2061,0x2881,0x2881,0x20a1,0x20a1,0x1881,0x1000,0x1020,0x20c2,0x18a1,0x20c2,
0x0800,0x0800,0x28e2,0x3102,0x6a46,0x81c4,0x38e2,0x4a07,0xda83,0x8aa5,0xfcc1,0x1002,0x1081,0x6a04,0xa2e5,0x5a05,
0x0000,0x0840,0x0020,0x0841,0x0841,0x0841,0x1082,0x3186,0x10a2,0x0000,0x2945,0x632c,0x4a29,0x0861,0x1082,0x0020,
0x0840,0x1881,0x1081,0x20c1,0x7960,0x8141,0x18c2,0x0802,0xfd40,0xffa0,0xe9e0,0x10c3,0x30c1,0x4143,0x0020,0x0800,
0x1061,0x20c2,0x2904,0x0820,0x0800,0x1020,0x18a2,0x2923,0x1860,0x1000,0x1820,0x28c2,0x28a1,0x28a2,0x1840,0x1820,
0x20a1,0x1861,0x1881,0x1020,0x0800,0x1060,0x1881,0x18a2,0x1081,0x18a2,0x71e5,0x5184,0x79a4,0x61e5,0x2823,0xb4a4,
0xfee0,0x9061,0x1924,0x20c2,0x9161,0x7a24,0x0001,0x0840,0x0020,0x0841,0x0841,0x0841,0x1082,0x3186,0x10a2,0x0000,
0x2945,0x632c,0x4a49,0x0861,0x1082,0x0020,0x0040,0x1881,0x0041,0xaac4,0x79a1,0x6942,0x0042,0xa8e1,0xf620,0xfe00,
0x3802,0x18c2,0x5922,0x3902,0x1860,0x0820,0x18a2,0x2903,0x1040,0x1061,0x1020,0x1040,0x2903,0x1861,0x1861,0x1840,
0x1840,0x2081,0x28a1,0x20a1,0x2060,0x1860,0x2081,0x1040,0x1061,0x1861,0x1040,0x1881,0x1040,0x1041,0x18c3,0x61a5,
0x28e2,0x18e2,0x6943,0x81a3,0x69a5,0xe3e3,0xf600,0xfce0,0x1003,0x2923,0xaa22,0x8b05,0x0001,0x0841,0x0841,0x0841,
0x0841,0x0841,0x1082,0x3186,0x10a2,0x0000,0x2145,0x632c,0x4249,0x0861,0x1082,0x0020,0x0840,0x1881,0x0861,0x4162,
0x79e3,0x4183,0x0801,0xfde0,0xf620,0xa040,0x1103,0x38c1,0x5943,0x10a1,0x28a1,0x1861,0x2904,0x1061,0x0800,0x1881,
0x1061,0x18a2,0x20e3,0x0800,0x1861,0x1861,0x1881,0x2081,0x2881,0x2081,0x2081,0x2081,0x1881,0x1020,0x1020,0x20c2,
0x18a1,0x20a2,0x0800,0x0020,0x4985,0x3903,0x4964,0x20a1,0x1881,0xa9c3,0x5a46,0x4804,0xfec1,0xffe0,0x6801,0x4164,
0x9aa5,0x6245,0x08a3,0x0841,0x0841,0x0841,0x0841,0x0861,0x0882,0x3186,0x10a2,0x0000,0x2945,0x632c,0x4228,0x0861,
0x0882,0x0020,0x0040,0x1881,0x0861,0x38e1,0x89a0,0x6962,0x48c2,0xfdc0,0xfd00,0x6800,0x1903,0x5143,0x4963,0x30e2,
0x1020,0x1861,0x20e3,0x1040,0x1061,0x0820,0x0800,0x20c2,0x1882,0x1040,0x1861,0x1020,0x1820,0x28c2,0x28a1,0x20a2,
0x1840,0x1840,0x2081,0x1861,0x1881,0x1020,0x0800,0x1040,0x1061,0x3965,0x28e3,0x0800,0x1861,0x4143,0x18a1,0x8266,
0x5a26,0x1021,0xda01,0xf620,0xda82,0x0862,0x9161,0x8245,0x00a3,0x0841,0x0841,0x0841,0x0841,0x0861,0x0882,0x3186,
0x10a2,0x0000,0x2945,0x632c,0x4229,0x0861,0x0882,0x0020,0x0840,0x1881,0x0041,0xa2e3,0x81a1,0x5122,0xb160,0xff60,
0xdae1,0x0001,0x4143,0x3902,0x3103,0x2081,0x1881,0x3924,0x1082,0x0840,0x1040,0x1040,0x1040,0x2924,0x0820,0x1040,
0x1861,0x1840,0x1840,0x2081,0x28a1,0x20a1,0x2060,0x1860,0x1881,0x1040,0x1061,0x1861,0x1020,0x1041,0x2903,0x3144,
0x18a2,0x1860,0x28c2,0x3902,0x1861,0x5a05,0x7a46,0x08a2,0x9183,0xffe0,0xfd61,0x1003,0xaa83,0x8306,0x0022,0x0841,
0x0841,0x0841,0x0861,0x0861,0x0881,0x3186,0x10a2,0x0000,0x2945,0x630c,0x4229,0x0861,0x1082,0x0020,0x0840,0x18a1,
0x0861,0x4142,0x71c3,0x3043,0xfb60,0xff60,0xca81,0x0062,0x4143,0x28a1,0x28e2,0x1840,0x4122,0x28c2,0x1061,0x0820,
0x0820,0x1061,0x2903,0x20a2,0x0820,0x0820,0x1861,0x1861,0x1881,0x2081,0x28a1,0x2081,0x20a1,0x20a1,0x1861,0x1020,
0x1020,0x20a2,0x1881,0x28e3,0x2923,0x0820,0x20c2,0x3102,0x4984,0x28a1,0x1040,0x5205,0x7a46,0x4144,0x6883,0xffc0,
0xff40,0x5084,0x92c6,0x5a25,0x0083,0x0841,0x0841,0x0841,0x0841,0x0861,0x0882,0x3186,0x10a2,0x0000,0x2945,0x630c,
0x4228,0x0861,0x0882,0x0020,0x0840,0x1881,0x0081,0x40e0,0x9160,0x5842,0xf540,0xfe80,0x6001,0x0861,0x5163,0x3943,
0x28c2,0x28c1,0x4943,0x0000,0x1061,0x1061,0x1041,0x1041,0x2103,0x1040,0x1061,0x1040,0x1861,0x1020,0x1840,0x28c2,
0x28a1,0x20a1,0x1840,0x1840,0x1881,0x1860,0x1861,0x0820,0x0820,0x3144,0x1061,0x1882,0x18a2,0x0820,0x1861,0x4143,
0x3102,0x5a05,0x8205,0x30c2,0x2023,0xfd80,0xfe60,0x6001,0x91c2,0x7a65,0x08c3,0x0841,0x0841,0x0841,0x0841,0x0841,
0x0881,0x3186,0x10a2,0x0000,0x2145,0x630c,0x4228,0x0861,0x0882,0x0020,0x0840,0x1881,0x0061,0xaa83,0x8181,0x5882,
0xfea0,0xfe80,0x3802,0x30c2,0x5984,0x3923,0x2081,0x30e2,0x30c2,0x0820,0x1061,0x0840,0x0820,0x20e3,0x18a2,0x1040,
0x1040,0x1040,0x1861,0x1840,0x1840,0x2081,0x28a1,0x20a1,0x2060,0x1860,0x1881,0x1040,0x1040,0x1040,0x3123,0x20c2,
0x0820,0x1061,0x20c2,0x1840,0x28c1,0x30e2,0x4143,0x51c5,0x7a05,0x89e4,0x0803,0xfba0,0xff80,0x98c2,0xa223,0x7ae5,
0x0000,0x0840,0x0040,0x0841,0x0841,0x0841,0x1082,0x3186,0x10a2,0x0000,0x2945,0x5b0c,0x4228,0x0841,0x0882,0x0020,
0x0840,0x1881,0x0861,0x3922,0x6982,0x68c2,0xffe0,0xfe60,0x3802,0x5163,0x3922,0x3943,0x2081,0x3943,0x30c1,0x1881,
0x1081,0x0800,0x0820,0x20e3,0x1061,0x1881,0x0820,0x0820,0x1861,0x1881,0x1881,0x2081,0x2081,0x2081,0x2081,0x2081,
0x1861,0x1020,0x0800,0x2923,0x2903,0x18a1,0x0820,0x0820,0x20c2,0x28e2,0x4143,0x2081,0x5a05,0x3923,0x49a4,0x7a25,
0x0083,0xea20,0xff00,0x81e3,0x9245,0x51c4,0x0000,0x0040,0x0020,0x0841,0x0841,0x0841,0x1082,0x3186,0x10a2,0x0000,
0x2945,0x5b0c,0x4228,0x0841,0x0881,0x0020,0x0040,0x1881,0x0881,0x48e0,0x9940,0x7082,0xfec0,0xfd20,0x1802,0x8963,
0x1081,0x3943,0x3123,0x3902,0x0820,0x0800,0x1061,0x1041,0x18a2,0x1881,0x0800,0x1040,0x1061,0x1040,0x1861,0x1020,
0x1840,0x20a2,0x28a1,0x20a1,0x1840,0x1040,0x1881,0x1040,0x20a2,0x28e3,0x0800,0x1040,0x1861,0x1882,0x18a2,0x1020,
0x1040,0x5184,0x6226,0x59c5,0x20c2,0x6942,0x5144,0xb201,0xf5c0,0xe280,0x8961,0x51c4,0x0001,0x0040,0x0841,0x0841,
0x0841,0x0841,0x1082,0x3186,0x10c2,0x0000,0x2945,0x5aec,0x4228,0x0841,0x0881,0x0020,0x0040,0x1881,0x0041,0xb2a3,
0x8181,0x78e2,0xffa0,0xfd20,0x4843,0x6943,0x1881,0x3943,0x3123,0x2081,0x1860,0x1020,0x1061,0x1061,0x2924,0x1040,
0x0820,0x1061,0x1040,0x1040,0x1881,0x1840,0x1860,0x2081,0x20a1,0x2081,0x2060,0x1860,0x1861,0x1881,0x3124,0x1040,
0x1020,0x1061,0x1041,0x1061,0x18a2,0x1860,0x1860,0x59c5,0x4984,0x6205,0x2081,0x4902,0x71a4,0x9960,0xfe40,0xc241,
0xa1c2,0x82e5,0x0042,0x0040,0x0841,0x0841,0x0841,0x0841,0x10a2,0x3186,0x10a2,0x0000,0x2945,0x5aec,0x4228,0x0861,
0x0861,0x0020,0x0820,0x1881,0x0061,0x4142,0x6982,0x8122,0xffe0,0xfd80,0x3803,0x2902,0x30e2,0x49a4,0x28a2,0x1840,
0x30c1,0x1881,0x1061,0x18a2,0x18a2,0x1061,0x1861,0x1881,0x0820,0x1020,0x1861,0x1881,0x1881,0x2081,0x2081,0x2081,
0x20a1,0x2081,0x1881,0x2903,0x1841,0x1881,0x1881,0x18a1,0x0820,0x1040,0x20c2,0x28c2,0x4143,0x6a06,0x4143,0x59e5,
0x3122,0x3123,0x99e2,0xb140,0xfee0,0x81c2,0x9205,0x5205,0x0062,0x0040,0x0841,0x0841,0x0841,0x0841,0x10a2,0x3186,
0x10c2,0x0000,0x2145,0x5aec,0x4228,0x0861,0x0861,0x0020,0x0840,0x1881,0x0881,0x38e0,0x9140,0x6882,0xfe60,0xed00,
0xa943,0x0081,0x28c2,0x49a4,0x3102,0x28a1,0x1040,0x0800,0x1061,0x2924,0x1061,0x0820,0x0800,0x1040,0x1061,0x1060,
0x1861,0x1020,0x1840,0x28c2,0x20a1,0x20a1,0x1840,0x1040,0x2903,0x20a2,0x1840,0x1020,0x0800,0x1040,0x1861,0x1882,
0x1882,0x1020,0x1040,0x6a05,0x59e5,0x4163,0x1040,0x0061,0x7902,0xc200,0xf580,0xda00,0x9180,0x51c4,0x00a2,0x0020,
0x0841,0x0841,0x0841,0x0841,0x18a3,0x3186,0x10a2,0x0000,0x2145,0x5b0c,0x4228,0x0841,0x0861,0x0020,0x0820,0x1081,
0x0041,0xaac3,0x81a1,0x68a2,0xfec0,0xfe20,0x9902,0x0061,0x4164,0x30e2,0x28c1,0x3102,0x1840,0x0820,0x20e3,0x20e3,
0x1040,0x1041,0x0820,0x1041,0x1040,0x1040,0x1881,0x1840,0x1840,0x20a2,0x28e3,0x2081,0x1840,0x28c2,0x28e3,0x1020,
0x1861,0x1861,0x1020,0x1861,0x1040,0x1861,0x20a2,0x1040,0x30e2,0x59e5,0x51a4,0x30e2,0x28a1,0x0082,0x7122,0xfae0,
0xff00,0xb141,0xa1c2,0x82e5,0x0022,0x0020,0x0841,0x0841,0x0841,0x0861,0x18a3,0x3186,0x10a2,0x0000,0x2945,0x5b0b,
0x4228,0x0841,0x0861,0x0020,0x0820,0x1081,0x0061,0x3942,0x79c3,0x5883,0xfe40,0xffe0,0xba81,0x08c3,0x4984,0x2060,
0x1840,0x3103,0x3902,0x1881,0x2944,0x0820,0x0820,0x1881,0x1861,0x1881,0x1020,0x1020,0x1861,0x1881,0x1881,0x2081,
0x20e3,0x1860,0x28c2,0x2903,0x1861,0x1020,0x1020,0x20a2,0x1881,0x1881,0x1020,0x1040,0x20c2,0x28c1,0x59c4,0x6a26,
0x1840,0x28a1,0x3943,0x2103,0x7922,0xfd40,0xffe0,0x6922,0x9204,0x49c4,0x0062,0x0020,0x0841,0x0841,0x0841,0x0861,
0x18c3,0x3186,0x10a2,0x0000,0x2945,0x5aeb,0x4229,0x0861,0x0861,0x0020,0x0820,0x1081,0x0881,0x28a1,0x9180,0x5042,
0xfca0,0xfec0,0x88c1,0x00a3,0x4164,0x3922,0x2081,0x28e2,0x38e2,0x1881,0x20e3,0x1041,0x1061,0x1040,0x0800,0x1041,
0x1861,0x1061,0x1881,0x1020,0x1040,0x28e2,0x28c2,0x20a2,0x2903,0x1840,0x1881,0x1861,0x1861,0x1040,0x1000,0x1841,
0x1861,0x1882,0x1882,0x1040,0x59c5,0x4943,0x28a1,0x3923,0x2081,0x0062,0x3883,0xfea0,0xf5a0,0x9821,0xa1a0,0x3963,
0x0082,0x0020,0x0841,0x0841,0x0841,0x0881,0x18c3,0x3186,0x10c2,0x0000,0x2945,0x5aeb,0x4229,0x1081,0x0861,0x0020,
0x0820,0x1081,0x0041,0xa304,0x81c1,0x40e2,0xda60,0xfe40,0xc1e1,0x3104,0x4143,0x30e2,0x2060,0x20a1,0x28c1,0x3923,
0x18a2,0x0840,0x1041,0x1061,0x1040,0x1061,0x1040,0x1040,0x1881,0x1840,0x1840,0x20c2,0x28c2,0x2903,0x2081,0x1840,
0x1881,0x1041,0x1861,0x1861,0x1020,0x1861,0x1040,0x1861,0x1882,0x3923,0x49a4,0x28a1,0x28a1,0x3902,0x30c2,0x0883,
0x68a2,0xffc0,0xfe40,0x6801,0xa1e1,0x9b66,0x0001,0x0020,0x0841,0x0841,0x0841,0x1082,0x18c3,0x2986,0x10a2,0x0000,
0x2945,0x5aeb,0x4229,0x1061,0x0861,0x0020,0x0820,0x1081,0x0861,0x3143,0x79e3,0x4143,0x8800,0xffe0,0xf561,0x38a4,
0x4943,0x2081,0x1840,0x1860,0x3923,0x3103,0x28e3,0x1041,0x0820,0x1881,0x1861,0x1881,0x1020,0x1041,0x1881,0x20a2,
0x20a2,0x20a2,0x2903,0x20c2,0x20a2,0x20a2,0x1861,0x1020,0x1020,0x2081,0x1881,0x1881,0x1000,0x1861,0x3144,0x4164,
0x4143,0x2881,0x2880,0x30c2,0x4143,0x1864,0xe9e1,0xffe0,0xff80,0x6042,0x9244,0x41c4,0x0021,0x0020,0x0841,0x0841,
0x0841,0x1082,0x18c3,0x3186,0x10a2,0x0000,0x2945,0x5aeb,0x4228,0x1081,0x0861,0x0020,0x0020,0x1081,0x1081,0x0881,
0x8960,0x5942,0x3842,0xfe20,0xcc62,0x50c2,0x20a2,0x3903,0x2081,0x28c2,0x4123,0x0820,0x18a2,0x2904,0x18a2,0x1040,
0x1061,0x20c2,0x2903,0x2903,0x20e3,0x20e3,0x20c3,0x2903,0x2103,0x20c2,0x20e3,0x2903,0x28e3,0x20a1,0x1861,0x1040,
0x0800,0x1040,0x20a2,0x3165,0x20e3,0x3944,0x2080,0x30e2,0x30c1,0x3923,0x18a2,0x3803,0xf3c0,0xf6c0,0xed00,0x4001,
0x99a0,0x20c2,0x0041,0x0020,0x0841,0x0841,0x0841,0x1082,0x18c3,0x2986,0x10a2,0x0000,0x2945,0x5aeb,0x4228,0x1061,
0x0861,0x0020,0x0020,0x1061,0x0041,0x9ac4,0x7981,0x6142,0x0002,0xfda0,0xa3a3,0x9142,0x0882,0x30e2,0x2060,0x30e2,
0x4923,0x0820,0x1881,0x1881,0x2903,0x2103,0x2944,0x2103,0x1861,0x1041,0x1881,0x1840,0x1860,0x2081,0x1861,0x1861,
0x2061,0x1860,0x1881,0x1861,0x18a2,0x2903,0x20a2,0x20e2,0x28e3,0x1861,0x2903,0x3944,0x2080,0x30c1,0x28a1,0x3903,
0x0063,0xb921,0xf580,0xfee0,0xf480,0x2001,0x89a1,0x82c4,0x0001,0x0020,0x0841,0x0841,0x0841,0x1082,0x18c3,0x2966,
0x10a2,0x0000,0x2945,0x5aeb,0x4228,0x0861,0x0861,0x0020,0x0020,0x1061,0x0841,0x3942,0x79c2,0x4142,0x0021,0xfaa2,
0x6a43,0x8a42,0x9183,0x0022,0x1860,0x3923,0x30e2,0x28a2,0x2903,0x2904,0x20e3,0x20e3,0x20a2,0x20c2,0x1861,0x1040,
0x1861,0x1881,0x2081,0x2081,0x2081,0x1840,0x2081,0x2081,0x1861,0x1040,0x1061,0x20c2,0x20e2,0x2903,0x20c2,0x1041,
0x3124,0x28e2,0x30e2,0x28a1,0x2881,0x20c2,0x4083,0xcae0,0xdd80,0xffe0,0xfb60,0x2002,0x8203,0x3163,0x0020,0x0020,
0x0841,0x0841,0x0841,0x1082,0x18c3,0x3166,0x10a2,0x0000,0x2945,0x5acb,0x4208,0x0861,0x0861,0x0020,0x0020,0x1061,
0x1061,0x0881,0x8140,0x5901,0x2902,0x7144,0x8a23,0xb401,0xfde0,0x1803,0x18c2,0x4164,0x38c1,0x38e3,0x28e3,0x20c2,
0x1881,0x1040,0x0800,0x1041,0x20a2,0x20c3,0x20e3,0x18a2,0x1881,0x28e2,0x20a2,0x20a2,0x20a2,0x20a2,0x2923,0x2903,
0x18a1,0x1020,0x0800,0x1040,0x28e3,0x3165,0x3985,0x1840,0x2060,0x30e2,0x30c2,0x1823,0xca80,0xffe0,0xd3e0,0xed60,
0xcae1,0x0021,0x8960,0x0881,0x0041,0x0020,0x0861,0x0841,0x0841,0x1082,0x18c3,0x2966,0x10a2,0x0000,0x2945,0x5acb,
0x4208,0x0861,0x0861,0x0020,0x0020,0x1061,0x0021,0x9aa4,0x7960,0x5921,0x28c2,0x59a4,0x4803,0xe581,0xffc0,0x98a2,
0x3103,0x4963,0x5163,0x30e2,0x1881,0x1040,0x1061,0x1861,0x1020,0x1881,0x20c2,0x20c2,0x20e3,0x18a2,0x20a1,0x20a2,
0x1881,0x20a2,0x28c2,0x20c2,0x2903,0x2903,0x20c2,0x1881,0x1020,0x1040,0x1020,0x1861,0x3965,0x3944,0x2081,0x30c2,
0x0002,0x60c2,0xffe0,0xfea0,0xc260,0xf600,0xb9c1,0x3861,0x8980,0x6a23,0x0000,0x0020,0x0861,0x0841,0x0841,0x1082,
0x18e3,0x2966,0x10a2,0x0000,0x2945,0x5aeb,0x4208,0x0861,0x0861,0x0020,0x0020,0x1061,0x0841,0x3942,0x71a2,0x4122,
0x2081,0x4164,0x00a3,0xd2a1,0xfdc1,0xfde1,0x3883,0x3944,0x3923,0x1881,0x1881,0x0820,0x1061,0x28e3,0x20c2,0x20c2,
0x1041,0x1020,0x1861,0x1881,0x2081,0x2081,0x1861,0x1840,0x2081,0x2081,0x1861,0x1040,0x1861,0x20c2,0x20c2,0x20c2,
0x1040,0x2903,0x28e3,0x3102,0x3923,0x1082,0x8162,0xfde0,0xcbe0,0xa120,0xc2c0,0xffe0,0x9000,0x38a1,0x79a1,0x3163,
0x0020,0x0020,0x0861,0x0841,0x0841,0x1082,0x18c3,0x2966,0x10a2,0x0000,0x2145,0x5acb,0x4208,0x0861,0x0861,0x0020,
0x0020,0x1061,0x1061,0x0881,0x7120,0x5101,0x28e2,0x4184,0x3943,0x3001,0xfd81,0x2104,0x50e3,0x40c3,0x0021,0x0820,
0x20a2,0x2903,0x28e3,0x1861,0x1020,0x1841,0x1861,0x1861,0x1881,0x1020,0x1820,0x28c2,0x2081,0x2081,0x1840,0x1840,
0x2081,0x1840,0x1860,0x1020,0x1020,0x1881,0x3103,0x3985,0x20a2,0x0020,0x38c1,0x4164,0xfc41,0xd500,0xffe0,0x98c1,
0xbb60,0xfdc0,0x3821,0x3880,0x9160,0x08a1,0x0041,0x0020,0x0861,0x0841,0x0841,0x1082,0x18c3,0x2966,0x10a2,0x0000,
0x2945,0x5aeb,0x4208,0x0841,0x0861,0x0020,0x0020,0x1041,0x0041,0x9283,0x7161,0x5121,0x28e2,0x3102,0x4143,0x2103,
0x28a3,0x6982,0xffe0,0xfc81,0x1802,0x10c2,0x3103,0x1861,0x1861,0x1861,0x1020,0x1861,0x1861,0x1040,0x2081,0x1840,
0x1840,0x20a2,0x2081,0x2081,0x2060,0x1840,0x1881,0x1840,0x1861,0x1861,0x1020,0x1040,0x1861,0x2924,0x3945,0x5943,
0xd9a2,0x70e1,0x4983,0xfe01,0xa941,0x4022,0xf540,0xfd20,0x0801,0x2881,0x9180,0x6a43,0x0000,0x0020,0x0861,0x0841,
0x0841,0x1082,0x18c3,0x2965,0x10a2,0x0000,0x2925,0x5acb,0x4208,0x0841,0x0841,0x0020,0x0020,0x0841,0x0040,0x3942,
0x69a2,0x3922,0x3102,0x28a1,0x28e2,0x3943,0x2964,0xa901,0xffe0,0xff00,0x5822,0x4063,0x00a3,0x1021,0x1041,0x28c2,
0x20a2,0x20c2,0x1020,0x1020,0x1881,0x2081,0x2081,0x2081,0x2061,0x2040,0x28a1,0x2081,0x2061,0x1020,0x1020,0x2081,
0x2081,0x20a2,0x28e3,0x4944,0x4124,0x2083,0x2003,0xffe0,0xbbe1,0x40a4,0x00c3,0x6821,0xfdc0,0xfc20,0x0001,0x28c1,
0x81c2,0x3963,0x0020,0x0020,0x0861,0x0841,0x0841,0x1082,0x18c3,0x2965,0x10c2,0x0000,0x2945,0x5acb,0x4208,0x0841,
0x0841,0x0020,0x0020,0x0841,0x1061,0x0061,0x7140,0x5101,0x49a4,0x3902,0x28c2,0x3123,0x4143,0x1063,0xa0e2,0x61c2,
0xffe0,0xfb40,0x3803,0x0043,0x20c2,0x1861,0x1020,0x1861,0x2081,0x1861,0x2081,0x1020,0x1840,0x28c2,0x2081,0x2081,
0x2040,0x1820,0x2081,0x2061,0x28a1,0x30e3,0x40e2,0x40e2,0x3944,0x00c3,0x0003,0xe160,0xff80,0x8203,0xfd00,0x2083,
0x2064,0xfd20,0xd520,0xd121,0x0042,0x2860,0x9160,0x0881,0x0041,0x0020,0x0841,0x0841,0x0841,0x1082,0x18c3,0x2965,
0x10c3,0x0000,0x2945,0x5acb,0x4208,0x0841,0x0841,0x0020,0x0020,0x0841,0x0041,0x8243,0x6960,0x5122,0x4184,0x30e2,
0x3943,0x4163,0x30c2,0x3943,0x00c3,0x70a2,0xfec0,0xff60,0xfba0,0x9822,0x0003,0x0082,0x0861,0x2082,0x2081,0x1861,
0x20a1,0x1840,0x2040,0x28c2,0x2881,0x28a1,0x30a1,0x30e2,0x30e3,0x30c2,0x28a1,0x28a2,0x1841,0x1082,0x1023,0x4802,
0xdae1,0xffe0,0xffe0,0xa981,0x4002,0x5122,0x38a4,0xff01,0xf4a0,0x7002,0x0062,0x3880,0x9180,0x6203,0x0020,0x0020,
0x0861,0x0841,0x0841,0x1082,0x18c3,0x2965,0x10c3,0x0000,0x2145,0x5acb,0x4208,0x0861,0x0841,0x0020,0x0020,0x0841,
0x0040,0x4962,0x6182,0x4963,0x3943,0x28a1,0x41a4,0x4163,0x4163,0x3923,0x1861,0x0002,0x5042,0xc960,0xede0,0xffe0,
0xfa80,0x4002,0x1803,0x10e3,0x0841,0x1841,0x20a2,0x20a1,0x20a1,0x28a1,0x30a1,0x3903,0x3903,0x30e2,0x2881,0x1840,
0x1841,0x00a2,0x0822,0x20c3,0xc1e2,0xffe0,0xcce0,0xdac0,0x70a1,0x0802,0x18a1,0x9941,0x6142,0x1082,0xfca0,0x5062,
0x0000,0x30c1,0x81c2,0x3962,0x0020,0x0020,0x0861,0x0841,0x0841,0x0881,0x18c3,0x2965,0x10c3,0x0000,0x2145,0x5acb,
0x3a08,0x0040,0x0841,0x0020,0x0020,0x0840,0x0861,0x18c1,0x6120,0x6142,0x3123,0x4163,0x4164,0x20a1,0x3923,0x3923,
0x2081,0x3903,0x0041,0x1801,0xb101,0xfee0,0xe560,0xfe20,0xfae0,0x8861,0x1002,0x0802,0x1042,0x1842,0x48e3,0x30e2,
0x3081,0x2081,0x1061,0x0041,0x1082,0x0802,0x1802,0x6821,0xfae0,0x58c2,0xff40,0xff20,0xda60,0x7821,0x0022,0x30e2,
0x20a2,0x18c2,0xe9a0,0x6941,0x1821,0x40c2,0x0861,0x2860,0x8940,0x10a1,0x0041,0x0020,0x0841,0x0841,0x0841,0x0881,
0x10a2,0x2965,0x18c3,0x0000,0x2125,0x52cb,0x3a07,0x0841,0x0841,0x0020,0x0020,0x0840,0x0021,0x8a63,0x6940,0x6162,
0x20e2,0x3943,0x3943,0x3102,0x28c2,0x30e2,0x1860,0x30e2,0x2081,0x0041,0x0083,0x6001,0xe220,0xfdc0,0xff00,0xfe20,
0xfc60,0xfae0,0xaa01,0xf9c1,0x4841,0x4881,0x8040,0x5001,0x50a1,0x80e1,0x78c1,0xfa80,0xec20,0xff20,0xffe0,0x2862,
0xfd60,0x9861,0x0003,0x0041,0x2081,0x28c2,0x20a1,0x38e2,0xebc0,0x7800,0x00a2,0x30e3,0x0841,0x3880,0x8940,0x61e3,
0x0020,0x0020,0x0841,0x0841,0x0841,0x0881,0x18a2,0x2965,0x18c3,0x0000,0x2144,0x52aa,0x3a07,0x0841,0x0841,0x0020,
0x0020,0x0840,0x0040,0x5183,0x69a2,0x4983,0x28e2,0x3923,0x3943,0x4163,0x3923,0x1860,0x1020,0x2081,0x3943,0x28e3,
0x28e3,0x0021,0x0002,0x4063,0xa0c0,0xa280,0xffe0,0xff20,0xdd20,0xd420,0xdc40,0xe501,0xf500,0xffe0,0xcb60,0xdbe0,
0xfe80,0xfee0,0xffe0,0xba80,0x91a1,0x48a2,0x2801,0x0002,0x20c3,0x28c2,0x30e2,0x2881,0x1081,0x5801,0xf480,0x6180,
0x18a2,0x3103,0x0000,0x28a1,0x7161,0x3942,0x0020,0x0020,0x0841,0x0841,0x0841,0x0881,0x18a3,0x2965,0x18c3,0x0000,
0x2145,0x52aa,0x39e7,0x0040,0x0841,0x0020,0x0020,0x0840,0x0860,0x28e1,0x5920,0x4984,0x49a4,0x3943,0x4183,0x0820,
0x1861,0x3102,0x2081,0x3102,0x1040,0x0000,0x20c2,0x1882,0x18a2,0x0062,0x3821,0xd961,0x7901,0xd141,0xb240,0xfe40,
0xfee0,0x8a01,0xdd20,0xdc60,0xfea0,0xfee0,0xbae0,0xf2a0,0xa0c1,0x3801,0x30c3,0x0882,0x1061,0x2082,0x2082,0x1840,
0x2061,0x30e2,0x0822,0x9181,0xfe40,0xfa80,0x0041,0x20e3,0x0020,0x2860,0x7100,0x10c1,0x0040,0x0020,0x0041,0x0841,
0x0841,0x0881,0x10a2,0x2945,0x18c3,0x0000,0x2125,0x52aa,0x39c7,0x0041,0x0841,0x0020,0x0000,0x0840,0x0041,0x8a43,
0x6141,0x49a4,0x3943,0x3943,0x3923,0x1040,0x2081,0x28e2,0x1860,0x30e2,0x1060,0x0820,0x20a2,0x1041,0x1081,0x4103,
0x50c2,0x0082,0x0022,0x0001,0x1842,0x1001,0x3801,0x5041,0x8820,0x4801,0x5001,0x3001,0x2002,0x0001,0x0021,0x10a2,
0x2903,0x1861,0x1841,0x1861,0x20a2,0x1840,0x2081,0x20c2,0x3002,0xd360,0xfea0,0x9000,0x0041,0x20a2,0x0841,0x2860,
0x7920,0x61c3,0x0020,0x0020,0x0041,0x0841,0x0841,0x0861,0x10a2,0x2945,0x18c3,0x0000,0x2124,0x52aa,0x39e7,0x0040,
0x0041,0x0000,0x0000,0x0840,0x0020,0x59a3,0x61a2,0x49a4,0x30e2,0x3102,0x3102,0x3102,0x3923,0x1840,0x1000,0x1881,
0x3123,0x20c2,0x18a2,0x0800,0x28a2,0x3924,0x18a2,0x28e2,0x1020,0x1020,0x20a2,0x20c2,0x18a2,0x28a1,0x4080,0x1861,
0x20c2,0x28c2,0x28a1,0x1840,0x1840,0x30e2,0x28e2,0x2081,0x1020,0x1020,0x20a2,0x28c2,0x3102,0x0062,0x98e1,0xfe00,
0x9160,0x1801,0x0840,0x20a2,0x0861,0x2081,0x6961,0x3942,0x0020,0x0020,0x0041,0x0841,0x0841,0x0861,0x10a2,0x2945,
0x18c3,0x0000,0x2124,0x52aa,0x39c7,0x0040,0x0041,0x0020,0x0000,0x0840,0x0841,0x3901,0x5121,0x3964,0x3102,0x4184,
0x3923,0x1861,0x20c1,0x3943,0x2081,0x3923,0x1861,0x0820,0x20c2,0x28e3,0x28e3,0x1061,0x1020,0x1881,0x20a2,0x1881,
0x28c2,0x1841,0x2061,0x30e2,0x2881,0x28a1,0x2881,0x2860,0x28c2,0x2061,0x2081,0x2903,0x1861,0x1861,0x1861,0x20a2,
0x20a2,0x1860,0x20a1,0x1863,0xe2a0,0xcc80,0xf9e0,0x0000,0x1861,0x18a1,0x18c2,0x2060,0x68e0,0x10a1,0x0041,0x0020,
0x0041,0x0841,0x0841,0x0861,0x10a2,0x2945,0x18c3,0x0000,0x2124,0x52aa,0x39c7,0x0040,0x0041,0x0020,0x0000,0x0840,
0x0020,0x8223,0x5941,0x4184,0x28e2,0x30e2,0x3943,0x20a1,0x28e2,0x3943,0x28c2,0x3943,0x20c2,0x1881,0x3124,0x18c2,
0x20c2,0x20c2,0x1081,0x20c2,0x20c2,0x20a2,0x28e3,0x1881,0x20a1,0x28c2,0x1881,0x20c2,0x28c2,0x20a2,0x28c2,0x2081,
0x20a2,0x3123,0x20a2,0x20c2,0x20c2,0x2903,0x3124,0x3103,0x4923,0x2063,0x9b41,0xe400,0x6000,0x0000,0x1861,0x1861,
0x18c2,0x2060,0x6900,0x69c2,0x0020,0x0020,0x0041,0x0841,0x0841,0x0861,0x10a2,0x2945,0x18c3,0x0000,0x2124,0x528a,
0x39c7,0x0861,0x0041,0x0020,0x0000,0x0840,0x0020,0x59a3,0x61a3,0x3943,0x20a1,0x1840,0x3923,0x3102,0x3123,0x1060,
0x0820,0x1861,0x3123,0x2903,0x20c2,0x0000,0x0800,0x2903,0x20c2,0x28e3,0x0800,0x0800,0x2081,0x20a2,0x28a2,0x2061,
0x2040,0x1840,0x30c2,0x28c1,0x2081,0x1020,0x1861,0x28e3,0x2081,0x20a2,0x1020,0x1020,0x28c3,0x3103,0x08c3,0xc161,
0xfdc0,0xfae0,0x0002,0x1881,0x1061,0x1040,0x20e3,0x1881,0x6141,0x3922,0x0020,0x0020,0x0841,0x0841,0x0841,0x0881,
0x18c3,0x2945,0x10c3,0x0000,0x2124,0x528a,0x39c7,0x0841,0x0041,0x0020,0x0020,0x0840,0x1061,0x3901,0x5121,0x3943,
0x3922,0x20c1,0x3923,0x0820,0x1881,0x3102,0x1881,0x3102,0x20c2,0x0841,0x18a2,0x1061,0x18a2,0x1061,0x0800,0x1861,
0x1881,0x1861,0x20a2,0x1020,0x1840,0x28e2,0x1861,0x28a1,0x2060,0x2040,0x28a1,0x2061,0x28c2,0x1861,0x1000,0x1861,
0x1861,0x20a2,0x20c2,0x1061,0x1002,0xd380,0xfdc0,0x6821,0x0000,0x0820,0x1881,0x1061,0x20e3,0x1860,0x58c0,0x18a1,
0x0040,0x0020,0x0841,0x0841,0x0841,0x0861,0x18a3,0x2945,0x18c3,0x0000,0x2124,0x4a8a,0x31c7,0x0020,0x0041,0x0020,
0x0000,0x0840,0x0020,0x8a23,0x5962,0x4164,0x30e2,0x1881,0x3923,0x0840,0x1881,0x2902,0x1860,0x3143,0x20c2,0x0000,
0x20c2,0x1061,0x1881,0x1881,0x0800,0x1881,0x1881,0x1861,0x20c2,0x1020,0x1860,0x28e2,0x1861,0x28a1,0x2880,0x2060,
0x28a1,0x2061,0x20e3,0x1861,0x1020,0x1861,0x1861,0x20a2,0x28e3,0x0041,0x9041,0xe500,0xfc20,0x1002,0x0020,0x1020,
0x1061,0x1040,0x18c2,0x2060,0x6900,0x61a2,0x0000,0x0020,0x0841,0x0841,0x0841,0x0861,0x1082,0x2945,0x18c3,0x0000,
0x2124,0x4a8a,0x39c7,0x0040,0x0041,0x0020,0x0000,0x0820,0x0020,0x61c3,0x61a3,0x3943,0x1881,0x0800,0x3123,0x3102,
0x3123,0x1040,0x1040,0x2903,0x3123,0x20e2,0x20c2,0x0000,0x0820,0x3123,0x28e2,0x2903,0x0800,0x0800,0x20c2,0x28e2,
0x28e2,0x2081,0x1840,0x2060,0x3102,0x30e2,0x28a1,0x1861,0x20e2,0x28e2,0x20c2,0x28e2,0x1020,0x1841,0x2904,0x30c3,
0x9160,0xf5c0,0xd0c0,0x0001,0x18a1,0x20a1,0x0840,0x1020,0x2103,0x18a1,0x6141,0x3122,0x0000,0x0020,0x0841,0x0841,
0x0841,0x0861,0x1082,0x2945,0x18c3,0x0000,0x2124,0x4a69,0x31a7,0x0041,0x0041,0x0020,0x0020,0x0820,0x1061,0x38e1,
0x4921,0x3943,0x30e2,0x1881,0x3102,0x2081,0x1860,0x3102,0x3102,0x3123,0x0820,0x0000,0x18c2,0x1061,0x18a2,0x1061,
0x0820,0x1881,0x20a2,0x1881,0x28c2,0x1020,0x1860,0x2903,0x1881,0x30c2,0x2880,0x2060,0x28c2,0x2903,0x28e3,0x1840,
0x1020,0x1881,0x20a2,0x20c2,0x00c4,0x7800,0xff00,0xd380,0x3801,0x0882,0x1020,0x1861,0x0840,0x1861,0x2103,0x1060,
0x50c0,0x18a1,0x0020,0x0020,0x0841,0x0841,0x0841,0x0861,0x1082,0x2125,0x18c3,0x0000,0x2124,0x4a69,0x31a6,0x0040,
0x0041,0x0020,0x0020,0x0820,0x0020,0x8203,0x5961,0x3963,0x28c1,0x1881,0x28e2,0x28c2,0x1060,0x3963,0x20c2,0x28e2,
0x1040,0x0000,0x18c2,0x1061,0x1881,0x1881,0x0800,0x1881,0x1881,0x1861,0x20c2,0x1040,0x2061,0x28e2,0x1881,0x28c2,
0x2881,0x2060,0x30e2,0x2103,0x20a1,0x1861,0x1020,0x2081,0x2081,0x20c3,0x0804,0xfba0,0xff00,0x90a0,0x0001,0x1881,
0x1861,0x1040,0x0820,0x1861,0x18e2,0x1860,0x6920,0x61a2,0x0000,0x0020,0x0841,0x0841,0x0841,0x0861,0x1082,0x2124,
0x18c3,0x0000,0x2104,0x4a49,0x31a6,0x0041,0x0040,0x0020,0x0020,0x0820,0x0020,0x61e3,0x5982,0x3123,0x20a1,0x0800,
0x28e2,0x3943,0x3943,0x28e2,0x0820,0x1861,0x2903,0x20c2,0x18c2,0x0000,0x0820,0x2923,0x20e2,0x2923,0x0820,0x0800,
0x20c2,0x28e2,0x3103,0x1881,0x1840,0x2060,0x3102,0x30e2,0x28e3,0x20c2,0x1840,0x2903,0x28c2,0x28e2,0x1041,0x0062,
0x5002,0xc3e0,0xb2a0,0x3801,0x0000,0x0840,0x28e2,0x1061,0x0840,0x1881,0x2103,0x18a1,0x6161,0x3942,0x0000,0x0020,
0x0841,0x0841,0x0841,0x0861,0x1082,0x2124,0x18c3,0x0000,0x2124,0x4a49,0x31a6,0x0040,0x0040,0x0000,0x0000,0x0820,
0x1061,0x3101,0x4900,0x3923,0x28e2,0x1881,0x20a1,0x1061,0x3123,0x3102,0x1860,0x28e2,0x0840,0x0000,0x18a2,0x1061,
0x18a2,0x1061,0x0800,0x1881,0x18a2,0x1881,0x20e2,0x1040,0x1861,0x2903,0x1881,0x28c2,0x2880,0x2040,0x3123,0x20c2,
0x20a1,0x1861,0x1020,0x1881,0x20a2,0x0003,0xe380,0xf620,0xd1c0,0x0042,0x0840,0x20a2,0x20a2,0x0000,0x1040,0x20c2,
0x2103,0x1860,0x50c0,0x18a1,0x0020,0x0020,0x0841,0x0841,0x0841,0x0861,0x1082,0x2124,0x18c3,0x0000,0x2104,0x4a49,
0x3186,0x0040,0x0020,0x0000,0x0000,0x0820,0x0020,0x8a23,0x5921,0x3922,0x28e2,0x1881,0x20a1,0x1040,0x3102,0x2902,
0x1860,0x28e2,0x0840,0x0000,0x18a2,0x1061,0x1881,0x1081,0x0800,0x1881,0x1881,0x1861,0x20e2,0x1020,0x1861,0x2903,
0x1881,0x28c2,0x2880,0x2040,0x2903,0x1861,0x20a1,0x1881,0x1020,0x20a2,0x0063,0x9041,0xdd20,0xfcc0,0x2001,0x18c2,
0x0820,0x20c2,0x0841,0x0000,0x0840,0x20e3,0x18a2,0x1860,0x6100,0x59a2,0x0000,0x0020,0x0041,0x0841,0x0841,0x0861,
0x1082,0x2124,0x18c3,0x0000,0x2104,0x4228,0x3186,0x0040,0x0020,0x0000,0x0000,0x0820,0x0000,0x69e3,0x5982,0x2902,
0x3123,0x1040,0x20c1,0x3943,0x3963,0x1040,0x0800,0x1861,0x28e2,0x18a2,0x18a2,0x0000,0x0820,0x2903,0x20e2,0x2923,
0x0820,0x0800,0x20c2,0x28e2,0x3103,0x1881,0x1040,0x2060,0x3123,0x3102,0x2903,0x1020,0x1840,0x3123,0x28e2,0x2103,
0x2801,0xfe20,0xbc80,0x6001,0x3163,0x0840,0x0800,0x20c2,0x1081,0x1061,0x18a2,0x2103,0x0020,0x20a1,0x6182,0x3962,
0x0000,0x0020,0x0041,0x0041,0x0041,0x0861,0x1082,0x2124,0x10c3,0x0000,0x2104,0x4228,0x3166,0x0020,0x0040,0x0000,
0x0000,0x0820,0x0840,0x3901,0x48e0,0x28c1,0x3943,0x28e2,0x20c2,0x20c1,0x1881,0x3103,0x1860,0x28c2,0x0820,0x0000,
0x18a2,0x1061,0x18a2,0x1061,0x0000,0x1881,0x1881,0x1881,0x20e2,0x1040,0x1861,0x2903,0x1881,0x30e2,0x2880,0x20a1,
0x3103,0x2081,0x20a2,0x1881,0x1041,0x0002,0xc9a0,0xcc80,0xca20,0x1001,0x1081,0x1881,0x1861,0x20c2,0x0000,0x0000,
0x20c2,0x20e3,0x0840,0x1860,0x50e0,0x1881,0x0000,0x0020,0x0040,0x0041,0x0841,0x0861,0x10a2,0x2124,0x10c3,0x0000,
0x2104,0x4228,0x2966,0x0041,0x0040,0x0000,0x0000,0x0820,0x0020,0x81e2,0x5900,0x28a1,0x2902,0x3123,0x28e2,0x1040,
0x1060,0x3923,0x1881,0x20c2,0x0820,0x0000,0x18a2,0x0861,0x1081,0x1061,0x0000,0x1881,0x1881,0x1861,0x20c2,0x1040,
0x1861,0x28e3,0x1881,0x28e2,0x2881,0x20c2,0x28e3,0x1861,0x20a2,0x2082,0x0021,0x6001,0xeda0,0xed00,0x4002,0x0021,
0x1861,0x1881,0x20c2,0x1081,0x0000,0x0820,0x20c2,0x1081,0x0840,0x1060,0x5900,0x61a2,0x0000,0x0020,0x0041,0x0841,
0x0841,0x0861,0x1082,0x2104,0x10a2,0x0000,0x18e3,0x4208,0x2965,0x0041,0x0040,0x0000,0x0000,0x0820,0x0020,0x69e3,
0x5962,0x20c1,0x20a1,0x3123,0x3122,0x20a1,0x28e2,0x1881,0x1881,0x1061,0x20e2,0x18a2,0x18a2,0x0000,0x0820,0x2903,
0x20c2,0x2903,0x0820,0x0800,0x20c2,0x28e2,0x2902,0x1881,0x1840,0x2060,0x3923,0x3144,0x28c2,0x1020,0x1840,0x3944,
0x2003,0xaa61,0xe580,0xb920,0x0063,0x28e2,0x28e2,0x1881,0x1041,0x0820,0x18a1,0x18a1,0x20e3,0x0000,0x0000,0x28c1,
0x5962,0x4162,0x0020,0x0020,0x0041,0x0841,0x0841,0x0861,0x1082,0x2104,0x10a2,0x0000,0x18e3,0x3a08,0x2965,0x0020,
0x0040,0x0000,0x0000,0x0820,0x0840,0x38e1,0x4900,0x30c1,0x1881,0x3123,0x3102,0x0820,0x1060,0x20c1,0x20c2,0x28e2,
0x0820,0x0000,0x18a2,0x1061,0x1882,0x1061,0x0020,0x1881,0x18a1,0x1881,0x20c2,0x1020,0x1860,0x2902,0x2081,0x30e2,
0x20c2,0x1881,0x28e2,0x2081,0x20c2,0x0002,0xd1a0,0xc480,0xcb20,0x2002,0x10e3,0x0820,0x1040,0x28e2,0x0820,0x1061,
0x1061,0x20e3,0x18c2,0x0020,0x0840,0x1860,0x48e0,0x18a1,0x0040,0x0020,0x0041,0x0841,0x0841,0x0861,0x1082,0x2104,
0x10a2,0x0000,0x18e3,0x39e7,0x2945,0x0040,0x0020,0x0000,0x0000,0x0820,0x0020,0x69a2,0x5100,0x28c1,0x1060,0x20c1,
0x3123,0x1881,0x1040,0x20c1,0x1861,0x2902,0x0020,0x0000,0x10a2,0x0861,0x1881,0x1061,0x0000,0x1081,0x1881,0x1061,
0x20c2,0x1020,0x1861,0x28e2,0x1881,0x28c2,0x28e2,0x2061,0x28c2,0x1881,0x0082,0x8081,0xfee0,0xe500,0x4001,0x0082,
0x20c2,0x0800,0x2081,0x18a2,0x0020,0x18a2,0x18c2,0x18c2,0x1061,0x0020,0x0841,0x1860,0x50e0,0x5982,0x0000,0x0020,
0x0041,0x0841,0x0841,0x0861,0x1082,0x2104,0x10a2,0x0000,0x18e3,0x39e7,0x2945,0x0020,0x0020,0x0000,0x0000,0x0820,
0x0020,0x61c3,0x5142,0x18a1,0x0800,0x1060,0x28e2,0x3123,0x28c2,0x0840,0x0800,0x20a1,0x28e2,0x18a1,0x1882,0x0000,
0x0020,0x2903,0x18c2,0x2903,0x0800,0x0800,0x20a2,0x20c2,0x28e2,0x1861,0x1840,0x2060,0x3143,0x3102,0x28c2,0x0021,
0x4001,0x9a41,0xb3c0,0x6881,0x0001,0x0821,0x20c2,0x28e2,0x3123,0x0020,0x0000,0x1881,0x2103,0x18a2,0x0840,0x0000,
0x0000,0x18a1,0x5142,0x4142,0x0000,0x0020,0x0041,0x0841,0x0841,0x0861,0x1082,0x2104,0x10a2,0x0000,0x18e3,0x39c7,
0x2124,0x0020,0x0020,0x0000,0x0000,0x0820,0x0840,0x38e1,0x40e0,0x28c1,0x1861,0x20a1,0x1881,0x20c2,0x3102,0x20a1,
0x1040,0x20a1,0x18a1,0x0020,0x1081,0x1041,0x1081,0x1061,0x0000,0x1081,0x1881,0x1061,0x20c2,0x1020,0x1860,0x28c2,
0x2081,0x28e2,0x20a2,0x2060,0x20c2,0x1002,0xb1c0,0xbc40,0xe340,0x0802,0x1081,0x1881,0x18c2,0x20c2,0x0840,0x1061,
0x1061,0x20e3,0x1081,0x0000,0x0841,0x0020,0x0820,0x1860,0x38a0,0x1881,0x0020,0x0000,0x0020,0x0841,0x0841,0x0841,
0x1082,0x18e3,0x10a2,0x0000,0x18c3,0x39c7,0x2124,0x0020,0x0020,0x0000,0x0000,0x0820,0x0020,0x6162,0x40c0,0x20a1,
0x1881,0x20a1,0x1860,0x1040,0x28e2,0x3102,0x1060,0x20a1,0x1040,0x0841,0x1081,0x0841,0x1081,0x1061,0x0000,0x1061,
0x1081,0x1061,0x20a2,0x1020,0x1840,0x20c2,0x2061,0x28e2,0x2081,0x1061,0x1002,0xc200,0xac60,0xd3a0,0x2800,0x0061,
0x1081,0x1081,0x2923,0x0840,0x0000,0x18a2,0x18c2,0x18c2,0x0000,0x0000,0x0840,0x0820,0x0840,0x1040,0x40c0,0x4921,
0x0000,0x0020,0x0020,0x0021,0x0841,0x0841,0x1081,0x18e3,0x10a2,0x0000,0x18c3,0x31a6,0x2104,0x0020,0x0020,0x0000,
0x0000,0x0820,0x0020,0x5182,0x4121,0x1881,0x1040,0x1020,0x1881,0x1881,0x20c1,0x20c2,0x20a1,0x1060,0x18a1,0x18a2,
0x18a2,0x0000,0x0000,0x20e2,0x18a2,0x20e2,0x0800,0x0800,0x18a1,0x20c2,0x28c2,0x1861,0x2060,0x2081,0x3103,0x0043,
0x9101,0xdde0,0xe500,0x4002,0x08a2,0x20e2,0x0000,0x1882,0x2903,0x1881,0x20a2,0x18c2,0x0861,0x0840,0x1081,0x1061,
0x0841,0x0000,0x0000,0x1881,0x4101,0x3901,0x0000,0x0000,0x0020,0x0020,0x0021,0x0841,0x0861,0x18e3,0x10a2,0x0000,
0x18c3,0x31a6,0x2104,0x0020,0x0020,0x0000,0x0000,0x0020,0x0020,0x30c1,0x38c0,0x20a1,0x1881,0x1861,0x1861,0x0820,
0x1040,0x20a1,0x20e2,0x28e2,0x0820,0x0000,0x18a2,0x1081,0x1061,0x0840,0x0000,0x1061,0x1061,0x1040,0x18a1,0x1020,
0x1060,0x28c1,0x2881,0x28c2,0x0022,0x8020,0xa380,0xbce0,0x90a1,0x0001,0x0820,0x1041,0x20a2,0x20c2,0x18a2,0x1861,
0x18a2,0x18c2,0x0820,0x1061,0x0020,0x0000,0x0840,0x0020,0x0820,0x1060,0x30a0,0x1060,0x0020,0x0020,0x0020,0x0020,
0x0020,0x0841,0x0861,0x18e3,0x10a2,0x0000,0x18c3,0x3186,0x2104,0x0020,0x0020,0x0000,0x0000,0x0020,0x0020,0x5162,
0x38c0,0x2081,0x20a1,0x1861,0x1060,0x0800,0x0820,0x1881,0x1040,0x20c2,0x1881,0x0020,0x0841,0x0861,0x18a2,0x0840,
0x0000,0x0840,0x1061,0x1040,0x1881,0x0820,0x1040,0x30a1,0x1861,0x0062,0x7061,0xdda0,0xa3e0,0x9080,0x0001,0x0841,
0x0000,0x1881,0x1881,0x1081,0x20e3,0x18a2,0x0861,0x1061,0x0840,0x1081,0x0000,0x0000,0x0840,0x0820,0x0840,0x1040,
0x38a0,0x3901,0x0000,0x0020,0x0020,0x0020,0x0020,0x0841,0x0861,0x18c3,0x1082,0x0000,0x18c3,0x3186,0x1904,0x0020,
0x0020,0x0000,0x0000,0x0020,0x0000,0x4962,0x38e1,0x1881,0x1061,0x0000,0x1881,0x1861,0x1881,0x0820,0x0000,0x0840,
0x20a1,0x18a2,0x1081,0x0000,0x0820,0x18a2,0x1061,0x1881,0x0000,0x0000,0x1061,0x1881,0x18a1,0x4080,0x0041,0x5820,
0x92a0,0x9320,0x8940,0x0000,0x0000,0x20c2,0x20a2,0x20c2,0x1041,0x18a2,0x20e3,0x10a2,0x1081,0x0020,0x0000,0x0020,
0x1081,0x0841,0x0840,0x0000,0x0000,0x1061,0x38e1,0x30e1,0x0000,0x0020,0x0020,0x0020,0x0020,0x0841,0x0861,0x18c3,
0x10a2,0x0000,0x10a2,0x2965,0x18e3,0x0020,0x0020,0x0000,0x0000,0x0020,0x0020,0x28a1,0x30a0,0x20a1,0x1881,0x1040,
0x1060,0x0820,0x1040,0x1881,0x0840,0x1061,0x0000,0x0000,0x1081,0x1082,0x1061,0x0841,0x0841,0x1041,0x0840,0x0820,
0x1061,0x0820,0x0040,0x40a1,0x3881,0x9aa0,0x9be0,0xb240,0x0001,0x0041,0x1861,0x2081,0x1061,0x18a2,0x18c2,0x10a2,
0x1081,0x0000,0x0020,0x0841,0x0820,0x0861,0x0020,0x0000,0x0840,0x0020,0x0820,0x1040,0x28a0,0x1080,0x0020,0x0000,
0x0020,0x0020,0x0020,0x0841,0x0861,0x18c3,0x1082,0x0000,0x10a2,0x2965,0x18e3,0x0020,0x0000,0x0000,0x0000,0x0000,
0x0020,0x4942,0x30a0,0x1881,0x18a1,0x1060,0x1040,0x0000,0x0820,0x1881,0x0840,0x1081,0x0000,0x0000,0x0820,0x0840,
0x1061,0x1061,0x0841,0x1041,0x1061,0x1061,0x1061,0x0000,0x1040,0x2081,0x7260,0x9b60,0xaa00,0x0800,0x1881,0x28a1,
0x20a1,0x1081,0x0861,0x1061,0x0840,0x0841,0x1061,0x0000,0x0000,0x1061,0x0840,0x1061,0x0000,0x0000,0x0840,0x0820,
0x0840,0x0840,0x38a0,0x38e1,0x0020,0x0020,0x0020,0x0020,0x0020,0x0841,0x0861,0x18c3,0x1082,0x0000,0x10a2,0x2945,
0x18c3,0x0020,0x0000,0x0000,0x0000,0x0000,0x0000,0x4122,0x30c1,0x1061,0x1040,0x1040,0x18a1,0x1881,0x18a1,0x1060,
0x0840,0x1060,0x1061,0x0841,0x0841,0x0000,0x0020,0x1061,0x1061,0x1081,0x0841,0x1061,0x1881,0x1881,0x40c1,0x1840,
0x30c0,0x7220,0x2801,0x30a1,0x1881,0x0861,0x0841,0x18a1,0x1061,0x18a2,0x0841,0x1061,0x18c2,0x1882,0x18a2,0x1061,
0x0841,0x1061,0x1081,0x1061,0x1061,0x0841,0x0020,0x1061,0x38e1,0x30e1,0x0020,0x0020,0x0020,0x0020,0x0020,0x0841,
0x0861,0x10a2,0x1082,0x0000,0x10a2,0x2145,0x18c3,0x0020,0x0020,0x0000,0x0000,0x0000,0x0000,0x1060,0x28a0,0x1860,
0x0820,0x0840,0x1061,0x0020,0x0840,0x1061,0x0820,0x1040,0x0000,0x0000,0x0840,0x0020,0x0820,0x0020,0x0000,0x0020,
0x0820,0x0020,0x0840,0x0020,0x1000,0x6202,0x6a42,0x51a2,0x0000,0x0000,0x0861,0x0020,0x0840,0x0820,0x0000,0x0840,
0x0841,0x0861,0x1081,0x0000,0x0020,0x0841,0x0820,0x0841,0x0020,0x0000,0x0840,0x0020,0x0020,0x0840,0x28a0,0x0860,
0x0020,0x0000,0x0020,0x0020,0x0020,0x0841,0x0861,0x10a2,0x0882,0x0000,0x1082,0x2124,0x10a3,0x0020,0x0020,0x0000,
0x0000,0x0000,0x0020,0x4921,0x2880,0x1040,0x0840,0x1040,0x1040,0x0000,0x0000,0x1061,0x0840,0x1061,0x0000,0x0000,
0x0020,0x0020,0x0820,0x0000,0x0000,0x0020,0x0020,0x0020,0x0820,0x0000,0x8282,0x8282,0x59a1,0x7a41,0x9282,0x0000,
0x0840,0x0020,0x0840,0x0020,0x0000,0x0820,0x0841,0x0841,0x0861,0x0000,0x0000,0x0861,0x0820,0x0861,0x0000,0x0000,
0x0820,0x0820,0x0820,0x0020,0x38c0,0x3901,0x0000,0x0000,0x0020,0x0020,0x0020,0x0040,0x0841,0x10a2,0x0861,0x0000,
0x1082,0x2104,0x10a2,0x0020,0x0020,0x0000,0x0000,0x0000,0x0000,0x4122,0x2880,0x0840,0x0000,0x0000,0x1040,0x0820,
0x0840,0x0000,0x0000,0x0020,0x0840,0x0020,0x0020,0x0000,0x0000,0x0840,0x0020,0x0840,0x0000,0x0000,0x0000,0x3921,
0x6a02,0x0000,0x0000,0x0000,0x69e1,0x61e2,0x0000,0x0000,0x0000,0x1061,0x0840,0x1061,0x0000,0x0000,0x0861,0x0841,
0x0841,0x0000,0x0000,0x0000,0x0840,0x0820,0x0820,0x0000,0x0000,0x0840,0x38c1,0x2902,0x0000,0x0000,0x0020,0x0020,
0x0020,0x0020,0x0841,0x1082,0x0861,0x0000,0x1082,0x2104,0x10a2,0x0020,0x0000,0x0000,0x0000,0x0000,0x0000,0x30e1,
0x30c1,0x1060,0x0820,0x0820,0x1061,0x0840,0x1061,0x1061,0x0820,0x0841,0x0840,0x0020,0x0861,0x0020,0x0820,0x0840,
0x0020,0x0840,0x0820,0x0020,0x0020,0x5981,0x61a2,0x0000,0x0000,0x0000,0x4141,0x7202,0x0021,0x0020,0x0840,0x0861,
0x0840,0x0861,0x0841,0x0820,0x1082,0x0841,0x0841,0x0840,0x0020,0x0841,0x0840,0x0020,0x0841,0x0020,0x0020,0x0841,
0x38c1,0x1881,0x0000,0x0000,0x0020,0x0020,0x0020,0x0020,0x0841,0x1082,0x0861,0x0000,0x0881,0x18e3,0x1082,0x0020,
0x0000,0x0000,0x0000,0x0000,0x0000,0x1881,0x1081,0x18a2,0x20c2,0x20c2,0x20c2,0x20c2,0x20c2,0x20e2,0x20e2,0x20c2,
0x18a2,0x1081,0x10a2,0x18a2,0x10a2,0x1082,0x1082,0x1081,0x1081,0x1081,0x0861,0x4141,0x61c2,0x0000,0x0000,0x0000,
0x5182,0x4162,0x1082,0x18c2,0x18c2,0x18c2,0x18c2,0x18e2,0x18e2,0x18e3,0x1903,0x18e3,0x18c2,0x18c2,0x18a2,0x18c2,
0x10a2,0x10a1,0x1081,0x1081,0x1081,0x10a2,0x10a2,0x18a2,0x0000,0x0000,0x0020,0x0020,0x0020,0x0020,0x0841,0x1082,
0x0861,0x0000,0x0861,0x18e3,0x1082,0x0000,0x0000,0x0000,0x0000,0x0000,0x0000,0x1081,0x1081,0x18a1,0x18a2,0x18a1,
0x18a2,0x18c2,0x20c2,0x20c2,0x20c2,0x18c2,0x18a2,0x1081,0x10a2,0x10a2,0x10a2,0x10a2,0x1082,0x1081,0x1081,0x1081,
0x1061,0x0041,0x5182,0x4941,0x20a0,0x38e1,0x4962,0x0881,0x18a2,0x18a2,0x18a2,0x18c2,0x18c2,0x18c2,0x18e2,0x18e3,
0x18e3,0x18e3,0x18c2,0x18c2,0x18a2,0x18c2,0x18a2,0x10a1,0x10a1,0x10a1,0x10a2,0x10a2,0x18c2,0x10a2,0x0000,0x0000,
0x0020,0x0020,0x0020,0x0020,0x0841,0x1082,0x0861,0x0000,0x0861,0x18c3,0x1082,0x0000,0x0000,0x0000,0x0000,0x0000,
0x0000,0x1061,0x1061,0x1081,0x18a2,0x18a2,0x18a2,0x18c2,0x20c2,0x20c2,0x20c2,0x18c2,0x18a2,0x10a2,0x10a2,0x10a2,
0x10a2,0x1082,0x1081,0x1082,0x1081,0x1081,0x1081,0x1061,0x0041,0x18a1,0x30c1,0x20a1,0x0881,0x18a2,0x18c2,0x18c2,
0x18c2,0x18c2,0x18e2,0x18e2,0x18e2,0x1903,0x2103,0x1903,0x18e3,0x18e2,0x18c2,0x18c2,0x18c2,0x18a2,0x18c2,0x18a2,
0x18c2,0x18c2,0x18c3,0x10a2,0x0000,0x0000,0x0000,0x0000,0x0000,0x0020,0x0040,0x0882,0x0861,0x0000,0x0861,0x18c3,
0x0861,0x0020,0x0000,0x0000,0x0020,0x0820,0x0820,0x1061,0x18a2,0x20e2,0x28e2,0x20c2,0x20c2,0x20a2,0x28c2,0x20c2,
0x20c1,0x20c1,0x1881,0x1081,0x18a2,0x1082,0x18a2,0x20c1,0x18a1,0x1881,0x1061,0x1061,0x1061,0x1061,0x1061,0x0840,
0x0020,0x0841,0x1881,0x1881,0x18a1,0x18a1,0x18a1,0x18a2,0x20c2,0x18c2,0x18a2,0x2103,0x2103,0x20e2,0x20e2,0x20e2,
0x20c2,0x20c2,0x18a2,0x18a2,0x18a2,0x18c2,0x20c2,0x20e2,0x20e2,0x18a2,0x0020,0x0841,0x0841,0x1061,0x1061,0x0861,
0x0841,0x0861,0x0861,0x0000,0x0861,0x10a2,0x0861,0x0020,0x0000,0x0000,0x0000,0x0820,0x0000,0x10a1,0x6243,0x5223,
0x5224,0x5a44,0x4162,0x1020,0x0820,0x0000,0x0820,0x0000,0x0000,0x0000,0x0000,0x0000,0x0840,0x1881,0x1881,0x0820,
0x0000,0x0000,0x0000,0x0000,0x0000,0x0000,0x0000,0x0000,0x0000,0x0000,0x0000,0x0000,0x0000,0x0000,0x0000,0x0000,
0x0000,0x0020,0x0000,0x0020,0x0000,0x0020,0x0820,0x0820,0x0820,0x0020,0x0000,0x0840,0x3943,0x3102,0x3102,0x3102,
0x0841,0x0840,0x0841,0x0841,0x0861,0x0841,0x0841,0x0861,0x0841,0x0000,0x0841,0x10a2,0x0861,0x0000,0x0000,0x0000,
0x0000,0x0000,0x0000,0x3921,0x4182,0x49c2,0x4a04,0x5224,0x0800,0x0000,0x0000,0x0000,0x0000,0x0000,0x0000,0x0000,
0x0000,0x0000,0x0000,0x0000,0x0000,0x0000,0x0000,0x0000,0x0000,0x0000,0x0000,0x0000,0x0000,0x0000,0x0000,0x0000,
0x0000,0x0000,0x0000,0x0000,0x0000,0x0000,0x0000,0x0000,0x0000,0x0000,0x0000,0x0000,0x0000,0x0000,0x0000,0x0000,
0x0000,0x0000,0x20c1,0x3922,0x30e2,0x28e2,0x10a1,0x0000,0x0020,0x0020,0x0020,0x0020,0x0020,0x0861,0x0841,0x0000,
0x0841,0x10a2,0x0861,0x0000,0x0000,0x0000,0x0000,0x0000,0x0000,0x4982,0x4162,0x4182,0x4a04,0x3963,0x0000,0x0000,
0x0000,0x0000,0x0000,0x0000,0x0000,0x0000,0x0000,0x0000,0x0020,0x0000,0x0000,0x0000,0x0000,0x0000,0x0000,0x0000,
0x0000,0x0000,0x0000,0x0000,0x0000,0x0000,0x0000,0x0000,0x0000,0x0000,0x0000,0x0000,0x0000,0x0000,0x0000,0x0000,
0x0000,0x0000,0x0000,0x0020,0x0020,0x0000,0x0000,0x0000,0x0000,0x30e1,0x28c2,0x28e2,0x1081,0x0000,0x0020,0x0020,
0x0020,0x0020,0x0020,0x0841,0x0841,0x0000,0x0841,0x1082,0x0841,0x0000,0x0000,0x0000,0x0000,0x0000,0x0000,0x3141,
0x4182,0x4182,0x3963,0x0820,0x0000,0x0000,0x0000,0x0000,0x0000,0x0000,0x0000,0x0000,0x0000,0x0000,0x0020,0x0000,
0x0000,0x0000,0x0000,0x0000,0x0000,0x0000,0x0000,0x0000,0x0000,0x0000,0x0000,0x0000,0x0000,0x0000,0x0000,0x0000,
0x0000,0x0000,0x0000,0x0000,0x0000,0x0000,0x0000,0x0000,0x0000,0x0020,0x0000,0x0000,0x0000,0x0000,0x0000,0x0000,
0x2081,0x20c1,0x0000,0x0000,0x0020,0x0020,0x0020,0x0020,0x0020,0x0841,0x0841,0x0000,0x0041,0x1082,0x0841,0x0000,
0x0000,0x0000,0x0000,0x0000,0x0000,0x0020,0x28c1,0x1881,0x0820,0x0000,0x0000,0x0000,0x0000,0x0000,0x0000,0x0000,
0x0000,0x0000,0x0000,0x0000,0x0020,0x0000,0x0000,0x0000,0x0000,0x0000,0x0000,0x0000,0x0000,0x0000,0x0000,0x0000,
0x0000,0x0000,0x0000,0x0000,0x0000,0x0000,0x0000,0x0000,0x0000,0x0000,0x0000,0x0000,0x0000,0x0000,0x0000,0x0000,
0x0000,0x0000,0x0000,0x0000,0x0000,0x0000,0x0000,0x0000,0x0000,0x0000,0x0020,0x0020,0x0020,0x0020,0x0020,0x0841,
0x0841,0x0000,0x0020,0x0881,0x0841,0x0000,0x0000,0x0000,0x0000,0x0000,0x0000,0x0000,0x0000,0x0000,0x0000,0x0000,
0x0000,0x0000,0x0000,0x0000,0x0000,0x0000,0x0000,0x0000,0x0000,0x0000,0x0000,0x0000,0x0000,0x0000,0x0000,0x0000,
0x0000,0x0000,0x0000,0x0000,0x0000,0x0000,0x0000,0x0000,0x0000,0x0000,0x0000,0x0000,0x0000,0x0000,0x0000,0x0000,
0x0000,0x0000,0x0000,0x0000,0x0000,0x0000,0x0000,0x0000,0x0000,0x0000,0x0000,0x0000,0x0000,0x0000,0x0000,0x0000,
0x0020,0x0020,0x0020,0x0020,0x0020,0x0841,0x0841,0x0000,0x0020,0x0861,0x0041,0x0000,0x0000,0x0000,0x0000,0x0000,
0x0000,0x0000,0x0000,0x0000,0x0000,0x0000,0x0000,0x0000,0x0000,0x0000,0x0000,0x0000,0x0000,0x0000,0x0000,0x0000,
0x0000,0x0000,0x0000,0x0000,0x0000,0x0000,0x0000,0x0000,0x0000,0x0000,0x0000,0x0000,0x0000,0x0000,0x0000,0x0000,
0x0000,0x0000,0x0000,0x0000,0x0000,0x0000,0x0000,0x0000,0x0000,0x0000,0x0000,0x0000,0x0000,0x0000,0x0000,0x0000,
0x0000,0x0000,0x0000,0x0000,0x0000,0x0000,0x0000,0x0020,0x0020,0x0020,0x0020,0x0841,0x0020,0x0000,0x0020,0x0861,
0x0020,0x0000,0x0000,0x0000,0x0000,0x0000,0x0000,0x0000,0x0000,0x0000,0x0000,0x0000,0x0000,0x0000,0x0000,0x0000,
0x0000,0x0000,0x0000,0x0000,0x0000,0x0000,0x0000,0x0000,0x0000,0x0000,0x0000,0x0000,0x0000,0x0000,0x0000,0x0000,
0x0000,0x0000,0x0000,0x0000,0x0000,0x0000,0x0000,0x0000,0x0000,0x0000,0x0000,0x0000,0x0000,0x0000,0x0000,0x0000,
0x0000,0x0000,0x0000,0x0000,0x0000,0x0000,0x0000,0x0000,0x0000,0x0000,0x0000,0x0000,0x0000,0x0020,0x0020,0x0020,
0x0020,0x0841,0x0020,0x0000,0x0020,0x0861,0x0020,0x0000,0x0000,0x0000,0x0000,0x0000,0x0000,0x0000,0x0000,0x0000,
0x0000,0x0000,0x0000,0x0000,0x0000,0x0000,0x0000,0x0000,0x0000,0x0000,0x0000,0x0000,0x0000,0x0000,0x0000,0x0000,
0x0000,0x0000,0x0000,0x0000,0x0000,0x0000,0x0000,0x0000,0x0000,0x0000,0x0000,0x0000,0x0000,0x0000,0x0000,0x0000,
0x0000,0x0000,0x0000,0x0000,0x0000,0x0000,0x0000,0x0000,0x0000,0x0000,0x0000,0x0000,0x0000,0x0000,0x0000,0x0000,
0x0000,0x0000,0x0000,0x0020,0x0020,0x0020,0x0020,0x0020,0x0020,0x0000,0x0020,0x0841,0x0020,0x0000,0x0000,0x0000,
0x0000,0x0000,0x0000,0x0000,0x0000,0x0000,0x0000,0x0000,0x0000,0x0000,0x0000,0x0000,0x0000,0x0000,0x0000,0x0000,
0x0000,0x0000,0x0000,0x0000,0x0000,0x0000,0x0000,0x0000,0x0000,0x0000,0x0000,0x0000,0x0000,0x0000,0x0000,0x0000,
0x0000,0x0000,0x0000,0x0000,0x0000,0x0000,0x0000,0x0000,0x0000,0x0000,0x0000,0x0000,0x0000,0x0000,0x0000,0x0000,
0x0000,0x0000,0x0000,0x0000,0x0000,0x0000,0x0000,0x0000,0x0000,0x0020,0x0020,0x0020,0x0000,0x0020,0x0020,0x0000,
0x0020,0x0841,0x0020,0x0000,0x0000,0x0000,0x0000,0x0000,0x0000,0x0000,0x0000,0x0000,0x0000,0x0000,0x0000,0x0000,
0x0000,0x0000,0x0000,0x0000,0x0000,0x0000,0x0000,0x0000,0x0000,0x0000,0x0000,0x0000,0x0000,0x0000,0x0000,0x0000,
0x0000,0x0000,0x0000,0x0000,0x0000,0x0000,0x0000,0x0000,0x0000,0x0000,0x0000,0x0000,0x0000,0x0000,0x0000,0x0000,
0x0000,0x0000,0x0000,0x0000,0x0000,0x0000,0x0000,0x0000,0x0000,0x0000,0x0000,0x0000,0x0000,0x0000,0x0000,0x0020,
0x0020,0x0000,0x0000,0x0020,0x0020,0x0000,0x0000,0x0841,0x0020,0x0000,0x0000,0x0000,0x0000,0x0000,0x0000,0x0000,
0x0000,0x0000,0x0000,0x0000,0x0000,0x0000,0x0000,0x0000,0x0000,0x0000,0x0000,0x0000,0x0000,0x0000,0x0000,0x0000,
0x0000,0x0000,0x0000,0x0000,0x0000,0x0000,0x0000,0x0000,0x0000,0x0000,0x0000,0x0000,0x0000,0x0000,0x0000,0x0000,
0x0000,0x0000,0x0000,0x0000,0x0000,0x0000,0x0000,0x0000,0x0000,0x0000,0x0000,0x0000,0x0000,0x0000,0x0000,0x0000,
0x0000,0x0000,0x0000,0x0000,0x0000,0x0000,0x0020,0x0000,0x0000,0x0020,0x0020,0x0000,0x0000,0x0020,0x0020,0x0000,
0x0000,0x0000,0x0000,0x0000,0x0000,0x0000,0x0000,0x0000,0x0000,0x0000,0x0000,0x0000,0x0000,0x0000,0x0000,0x0000,
0x0000,0x0000,0x0000,0x0000,0x0000,0x0000,0x0000,0x0000,0x0000,0x0000,0x0000,0x0000,0x0000,0x0000,0x0000,0x0000,
0x0000,0x0000,0x0000,0x0000,0x0000,0x0000,0x0000,0x0000,0x0000,0x0000,0x0000,0x0000,0x0000,0x0000,0x0000,0x0000,
0x0000,0x0000,0x0000,0x0000,0x0000,0x0000,0x0000,0x0000,0x0000,0x0000,0x0000,0x0000,0x0000,0x0000,0x0000,0x0020,
0x0020,0x0000,0x0000,0x0020,0x0020,0x0000,0x0000,0x0000,0x0000,0x0000,0x0000,0x0000,0x0000,0x0000,0x0000,0x0000,
0x0000,0x0000,0x0000,0x0000,0x0000,0x0000,0x0000,0x0000,0x0000,0x0000,0x0000,0x0000,0x0000,0x0000,0x0000,0x0000,
0x0000,0x0000,0x0000,0x0000,0x0000,0x0000,0x0000,0x0000,0x0000,0x0000,0x0000,0x0000,0x0000,0x0000,0x0000,0x0000,
0x0000,0x0000,0x0000,0x0000,0x0000,0x0000,0x0000,0x0000,0x0000,0x0000,0x0000,0x0000,0x0000,0x0000,0x0000,0x0000,
0x0000,0x0000,0x0000,0x0000,0x0000,0x0020,0x0020,0x0000,0x0000,0x0020,0x0000,0x0000,0x0000,0x0000,0x0000,0x0000,
0x0000,0x0000,0x0000,0x0000,0x0000,0x0000,0x0000,0x0000,0x0000,0x0000,0x0000,0x0000,0x0000,0x0000,0x0000,0x0000,
0x0000,0x0000,0x0000,0x0000,0x0000,0x0000,0x0000,0x0000,0x0000,0x0000,0x0000,0x0000,0x0000,0x0000,0x0000,0x0000,
0x0000,0x0000,0x0000,0x0000,0x0000,0x0000,0x0000,0x0000,0x0000,0x0000,0x0000,0x0000,0x0000,0x0000,0x0000,0x0000,
0x0000,0x0000,0x0000,0x0000,0x0000,0x0000,0x0000,0x0000,0x0000,0x0000,0x0000,0x0000,0x0020,0x0000,0x0000,0x0020,
0x0000,0x0000,0x0000,0x0000,0x0000,0x0000,0x0000,0x0000,0x0000,0x0000,0x0000,0x0000,0x0000,0x0000,0x0000,0x0000,
0x0000,0x0000,0x0000,0x0000,0x0000,0x0000,0x0000,0x0000,0x0000,0x0000,0x0000,0x0000,0x0000,0x0000,0x0000,0x0000,
0x0000,0x0000,0x0000,0x0000,0x0000,0x0000,0x0000,0x0000,0x0000,0x0000,0x0000,0x0000,0x0000,0x0000,0x0000,0x0000,
0x0000,0x0000,0x0000,0x0000,0x0000,0x0000,0x0000,0x0000,0x0000,0x0000,0x0000,0x0000,0x0000,0x0000,0x0000,0x0000,
0x0000,0x0000,0x0000,0x0000,};

